title,name,section
Titel 1,Bosregeling,
Titel 2,Bosbeheer. Titel 2. - (VLAAMSE GEWEST) (Het Agentschap voor Natuur en Bos),
Titel 3,Grensbepaling en afpaling,
Titel 4,Bosbedrijfsregeling,
Titel 5,Veiling van te kappen hout,
Afdeling 1,Algemene bepalingen,
Afdeling 2,Bijzondere bepalingen betreffende onverdeelde bossen,
Afdeling 3,Bijzondere bepalingen betreffende bossen van gemeenten en openbare instellingen,
Titel 6,Exploitaties,
Afdeling 1,Algemene bepalingen,
Afdeling 2,Bepalingen die alleen op gemeentebossen van toepassing zijn,
Titel 7,Hermeting en schouwing,
Titel 8,"Veiling en terbeschikkingstelling, van eikeloogst, varkensweide, bosvoeder, windworp, delicthout en andere bosprodukten",
Titel 9,Gebruiksrechten,
Afdeling 1,Bepalingen betreffende de gebruiksrechten in het algemeen,
Afdeling 2,Bepalingen betreffende de gebruiksrechten op hout alleen,
Afdeling 3,"Bepalingen van toepassing op de rechten van veeweide, eikeloogst en varkensweide",
Titel 10,Politie en instandhouding van de bossen,
Titel 11,"<Opgeheven voor het Brussels Hoofdstedelijk Gewest bij ORD 1999, art. 43, 011; Inwerkingtreding : 04-07-1999 en bevestigd bij VARIA 2014-04-25/A3, art. 59,1°, 018; Inwerkingtreding : 01-01-2015>. Rechtspleging inzake misdrijven gepleegd in bossen onder bosregeling",
Afdeling 1,"<Opgeheven voor het Brussels Hoofdstedelijk Gewest bij ORD 1999-03-25/53, art. 43, 011; Inwerkingtreding : 04-07-1999, art. 43, 011; Inwerkingtreding : 04-07-1999 en bevestigd bij VARIA 2014-04-25/A3, art. 59,1°, 018; Inwerkingtreding : 01-01-2015> Vervolging van misdrijven",
Afdeling 2,"<Opgeheven voor het Brussels Hoofdstedelijk Gewest bij ORD 199, art. 43, 011; Inwerkingtreding : 04-07-1999, art. 43, 011; Inwerkingtreding : 04-07-1999 en bevestigd bij VARIA 2014-04-25/A3, art. 59,1°, 018; Inwerkingtreding : 01-01-2015> Tenuitvoerlegging van vonnissen",
Titel 12,Staffen en verrordelingen met betrekking tot alle bossen,
Titel 12bis,BRUSSELS HOOFDSTEDELIJK GEWEST - Het verkeer in alle bossen van het Brussels Hoofdstedelijk Gewest,
Afdeling 1,Activiteiten die verboden zijn,
Afdeling 2,Activiteiten die buiten de voor het publiek toegankelijke wegen verboden zijn,
Afdeling 3,Activiteiten die buiten de speciale paden verboden zijn,
Afdeling 4,Activiteiten die in de gebieden met bijzondere bescherming verboden zijn,
Afdeling 5,Diverse bepalingen,
Titel 13,Bossen van bijzondere personen,
TITEL XIV,(WAALS GEWEST) (Verkeer in de bossen en wouden van het Waalse Gewest in het algemeen). Sectie 1. - Algemene bepalingen,
TITEL,(XV). - (Toelagen van het Waalse Gewest.),
TITEL XVI,(De permanente inventaris van het houtbestand in het Waalse Gewest.),
