title,name,section
TITEL I,ALGEMENE BEPALINGEN,
TITEL II,HET RECHT OP HUISVESTING,
TITEL III,DE INSTRUMENTEN VAN HET HUISVESTINGSBELEID,
HOOFDSTUK I,"Verplichtingen inzake veiligheid, gezondheid en uitrusting van de woningen",
HOOFDSTUK II,Bestrijding van leegstaande woningen,
Afdeling 1,Gewestelijke instrumenten,
Afdeling 2,Het openbaar beheersrecht van woningen,
Afdeling 3,Overtreding in geval van leegstaande woningen,
Afdeling 4,Vordering tot staking,
Afdeling 5,Gegevensverwerking en communicatie,
HOOFDSTUK IV,De regels die van toepassing zijn op woningen die door openbare vastgoedoperatoren te huur worden gesteld,
TITEL IV,DE INSTELLINGEN BEVOEGD INZAKE HUISVESTING,
HOOFDSTUK I,De Brusselse Gewestelijke Huisvestingsmaatschappij (bghm),
Afdeling 1,Statuut en vorm,
Afdeling 2,Werking,
Afdeling 3,Opdrachten,
Afdeling 4,Beheersovereenkomst,
Afdeling 5,Beheersovereenkomst en reglemen van toepassing op de OVM's,
Afdeling 6,Actiemiddelen,
Afdeling 7,Financieringsregels,
HOOFDSTUK II,De openbare vastgoedmaatschappijen (OVM'S),
Afdeling 1,Statuut en vorm,
Afdeling 2,Werking van de OVM's,
Afdeling 3,De sociaal afgevaardigde,
Afdeling 4,Opdrachten,
Afdeling 5,Actiemiddelen,
Afdeling 6,Financieringsregels,
Afdeling 7,Administratieve beroepen en sancties,
Afdeling 8,De strafbepalingen,
Afdeling 9,De adviesraden van de huurders,
HOOFDSTUK III,De Adviesraad voor Huisvesting en Stadsvernieuwing,
Afdeling 1,Statuut en samenstelling,
Afdeling 2,Opdrachten,
Afdeling 3,Werking,
HOOFDSTUK III/1,De paritaire huurcommissie,
HOOFDSTUK IV,Het Observatiecentrum voor de Huisvesting,
HOOFDSTUK V,Het Informatiecentrumvoor de Huisvesting van het Brussels Hoofdstedelijk Gewest,
HOOFDSTUK VI,Het Woningfonds van het Brussels Hoofdstedelijk Gewest,
Afdeling 1,Statuut en vorm,
Afdeling 2,Opdrachten,
Afdeling 3,De beheersovereenkomst,
Afdeling 4,De financiering,
Afdeling 5,De controle,
HOOFDSTUK VII,De sociale verhuurkantoren,
HOOFDSTUK VIII,De instellingen voor sociaal krediet,
HOOFDSTUK IX,De Gewestelijke Ontwikkelingsmaatschappij voor het Brussels Hoofdstedelijk Gewest,
HOOFDSTUK X,De verenigingen,
HOOFDSTUK XI,De Gewestelijke Grondallianties (CLT),
TITEL V,TOEZICHT EN CONTROLE,
TITEL VI,"Sociale, bescheiden en middelgrote woningen die door de BGHM en de OVM's worden verhuurd",
TITEL VII,MIDDELGROTE WONINGEN,
Afdeling 1,Omschrijving,
Afdeling 2,Wijze van tussenkomst,
Afdeling 3,Begunstigden,
Afdeling 4,Procedure,
Onderafdeling 1,Voorwaarden opgelegd aan natuurlijke personen,
Onderafdeling 2.-,Voorwaarden opgelegd aan vastgoedpromotoren,
Afdeling 5,Sancties,
TITEL VIII,ACTIEMIDDELEN,
HOOFDSTUK I,Tegemoetkomingen aan natuurlijke personen,
Afdeling 1,Operaties die in aanmerking komen voor subsidiëring,
Afdeling 2,Vormen van tegemoetkomingen,
Afdeling 3,Toekennings- en berekeningsregels voor de tegemoetkomingen,
HOOFDSTUK II,Tegemoetkomingen aan rechtspersonen,
Afdeling 1,Tegemoetkomingen voor de uitrusting van woongehelen en woningen,
Onderafdeling 1,Tegemoetkomingen voor uitrusting,
Onderafdeling 2,Toekenningsvoorwaarden en berekening van de tegemoetkomingen,
Afdeling 2,Tegemoetkomingen ten gunste van sociale verhuurkantoren en door de Regering erkende verenigingen,
Afdeling 3,Subsidies ten gunste van verenigingen die zich inzetten voor de integratie via de huisvesting,
Afdeling 4,Subsidies voor solidair wonen en intergenerationeel wonen,
Afdeling 5,Subsidies aan verenigingen die zich inzetten voor de verbetering van de huisvesting en de woonomstandigheden en voor een geïntegreerdlokaal ontwikkelingsprogramma inzake duurzamestadsvernieuwing en de coördinatie hiervan,
HOOFDSTUK III,De sancties,
TITEL IX,MOBIELE WONINGEN,
TITEL X,GELIJKE BEHANDELING en de bestrijding van discriminatie,
HOOFDSTUK I,Algemene bepalingen,
HOOFDSTUK II,Definities,
HOOFDSTUK III,Beginsel van gelijke behandeling en rechtvaardiging van onderscheid,
HOOFDSTUK IV,Toepassingsgebied,
HOOFDSTUK IV/I,Beginsel van non-discriminatie en rechtvaardigingen,
HOOFDSTUK V,Rechtsbescherming,
HOOFDSTUK VI,Strafrechtelijke bepalingen,
HOOFDSTUK VII,Bewijslast,
HOOFDSTUK VIII,Bevoegde instanties,
HOOFDSTUK IX,Bevordering van de gelijke behandeling,
HOOFDSTUK X,Discriminatietesten,
TITEL XI,Woninghuurovereenkomsten,
HOOFDSTUK I,Algemene bepalingen,
HOOFDSTUK II,Gemeenschappelijke regels voor alle woninghuurovereenkomsten,
Afdeling 1,Precontractuele informatie en vorm van de woninghuurovereenkomst,
Afdeling 2,Staat van het verhuurde goed,
Afdeling 3,"Werken, renovatiehuurovereenkomst, herstellingen en onderhoud",
Afdeling 4,"Huurprijs, indexatie en lasten",
Afdeling 5,Onroerende voorheffing en kosten van de huurovereenkomst,
Afdeling 6,Vervreemding van het verhuurde goed,
Afdeling 7,Overdracht van huur en onderverhuring,
Afdeling 8,Opzeggingen,
Afdeling 9,Niet-uitvoering van de huurovereenkomst en geschillen,
HOOFDSTUK III,Huurovereenkomsten met betrekking tot de hoofdverblijfplaats van de huurder,
Afdeling 1,Toepassingsgebied,
Afdeling 2,Duur van de huurovereenkomst,
Afdeling 3,Herziening van de huurprijs en de lasten,
Afdeling 4,Recht op informatie van de huurder in geval van overdracht van het gehuurde goed,
Afdeling 4bis,Voorkeurrecht van de huurder bij verkoop van het gehuurde goed,
Afdeling 5,Waarborg,
Afdeling 6,Verlenging wegens buitengewone omstandigheden,
HOOFDSTUK IV,Regels eigen aan de studentenwoninghuurovereenkomst,
HOOFDSTUK V,Regels eigen aan de medehuur,
HOOFDSTUK VI,Intergenerationele en solidaire woning,
HOOFDSTUK VII,Glijdende huurovereenkomst,
