title,name,section
BOEK 1. - ALGEMENE BEPALINGEN,,
TITEL 1. - Algemeenheden,,
TITEL 2,Doelstellingen,
TITEL 3,Definities,
TITEL 4,Gewestelijk lucht-klimaat-energieplan,
HOOFDSTUK 1,Inhoud en draagwijdte van het plan,
HOOFDSTUK 2,Procedure voor de opstelling van het plan,
Afdeling 1,Milieu-evaluatie,
Afdeling 2,Openbaar onderzoek en adviezen,
Afdeling 3,Goedkeuring van het plan,
HOOFDSTUK 3,Opvolging en wijziging van het plan,
TITEL 5,Klimaatdag,
TITEL 6,Toegang tot de informatie,
BOEK 2,SECTORALE MAATREGELEN,
TITEL 1,Algemeenheden en doelstellingen,
TITEL 2,Bepalingen betreffende de gebouwen,
HOOFDSTUK 1,Energieprestatie van de gebouwen,
Afdeling 1,Toepassingsgebied,
Afdeling 2,Berekeningsmethodes,
Afdeling 3,EPB-eisen van toepassing op de nieuwe EPB-eenheden en op de zwaar of eenvoudig gerenoveerde EPB-eenheden,
Onderafdeling 1,Principes,
Onderafdeling 2,De aanvraag,
Onderafdeling 3,De uitvoering van de werken voor nieuwe en gerenoveerde EPB-eenheden,
Afdeling 4,Certificering,
Onderafdeling 1,Inhoud en geldigheid van het EPB-certificaat,
Onderafdeling 2,Opstelling van het EPB-certificaat en van het EBP-certificaat openbaar gebouw,
Onderafdeling 3,Bekendmaking en informatie,
Afdeling 5,EPB-eisen van de technische installaties,
Afdeling 6,Bewaring en verwerking van de gegevens,
HOOFDSTUK 2,Evaluatie van de energie- en milieuprestatie van de gebouwen,
HOOFDSTUK 3,Energieaudits,
HOOFDSTUK 4,Plan voor lokale actie voor het gebruik van energie,
HOOFDSTUK 5,Begeleiding van de gezinnen op het vlak van energie en ecoconstructie,
HOOFDSTUK 6,Maatregelen voor decarbonisering,
TITEL 3,Bepalingen betreffende het vervoer,
HOOFDSTUK 1,Vervoerplannen,
Afdeling 1,Algemeenheden,
Afdeling 2,Het schoolvervoerplan,
Afdeling 3,Het bedrijfsvervoerplan,
Afdeling 4,Het activiteitenvervoerplan,
Onderafdeling 1,Algemeenheden,
Onderafdeling 2,Activiteiten met duizend tot zesduizend deelnemers per dag,
Onderafdeling 3,Activiteiten met meer dan zesduizend deelnemers per dag,
Afdeling 5,De toekenning van financiële of materiële steun,
HOOFDSTUK 2,Verbetering van de milieuprestatie van de voertuigen,
HOOFDSTUK 3,Parkings buiten de openbare weg,
Afdeling 1,Algemeenheden,
Afdeling 2,Toepassingsgebied,
Afdeling 3,Aantal toegestane parkeerplaatsen,
Afdeling 4,Milieubelasting,
HOOFDSTUK 4.,Oplaadinfrastructuur voor elektrische voertuigen op de openbare weg,
Afdeling 1,Algemeenheden,
63,"Voor de toepassing van dit hoofdstuk wordt verstaan onder : 1° "" elektrisch voertuig "" : een motorvoertuig, uitgerust met een aandrijving die bestaat uit ten minste één niet-perifere elektromotor als energieomzetter met een elektrisch oplaadbaar energieopslagsysteem, dat extern kan worden opgeladen ; 2° "" oplaadpunt "" : oplaadpunt zoals bedoeld in artikel 2, 44° van de ordonnantie van 19 juli 2001 betreffende de organisatie van de elektriciteitsmarkt in het Brussels Hoofdstedelijk Gewest ; 3° "" oplaadpunt voor normaal vermogen "" : een oplaadpunt met een vermogen van hoogstens 22 kW waarmee elektriciteit kan worden overgebracht op een elektrisch voertuig, met uitzondering van voorzieningen met een vermogen van hoogstens 3,7 kW, die in particuliere huishoudens zijn geïnstalleerd of waarvan de voornaamste doelstelling er niet in bestaat elektrische voertuigen op te laden, en die niet publiek toegankelijk zijn ; 4° "" oplaadpunt voor hoog vermogen "" : een oplaadpunt met een vermogen van meer dan 22 kW waarmee elektriciteit kan worden overgebracht op een elektrisch voertuig ; 5° "" publiek toegankelijk oplaadpunt "" : een oplaadpunt dat op niet-discriminerende basis toegang verleent aan gebruikers in de gehele Europese Unie. Toegang op niet-discriminerende basis kan verschillende vormen van authenticatie, gebruik en betaling inhouden. 6° "" publiek toegankelijk oplaadpunt op de openbare weg "" : een publiek toegankelijk oplaadpunt op het gemeentelijk of gewestelijk openbaar domein ; 7° "" eigenaar van een publiek toegankelijk oplaadpunt "" : elke publiek- of privaatrechtelijke rechtspersoon of elke natuurlijke persoon die eigenaar is van ten minste één publiek toegankelijk oplaadpunt en die verantwoordelijk is voor de levering, de installatie, de exploitatie en het onderhoud ervan ; 8° "" exploitant van een publiek toegankelijk oplaadpunt "" : elke publiek- of privaatrechtelijke rechtspersoon of elke natuurlijke persoon die een dienst met ten minste één publiek toegankelijk oplaadpunt aanbiedt op het grondgebied van het Brussels Hoofdstedelijk Gewest ; 9° "" distributienetbeheerder "" : de beheerder van het distributienet, aangewezen overeenkomstig de bepalingen van de ordonnantie van 19 juli 2001 betreffende de organisatie van de elektriciteitsmarkt in het Brussels Hoofdstedelijk Gewest ; 10° "" taxidiensten "" : de taxidiensten waarvan sprake is in artikel 2, 1° van de ordonnantie van 9 juni 2022 betreffende taxidiensten ; 11° "" operator van gedeelde motorvoertuigen "" : de operatoren waarvan sprake is in artikel 1, 5° van het besluit van de Brusselse Hoofdstedelijke Regering van 21 maart 2013 houdende de voorwaarden voor het gebruik van parkeerplaatsen door operatoren van gedeelde motorvoertuigen",
Afdeling 2,Uitrol van een infrastructuur van publiek toegankelijke oplaadpunten,
64,"§ 1. De regering stelt een plan van uitrol op in het Brussels Hoofdstedelijk Gewest van een infrastructuur van publiek toegankelijke oplaadpunten in samenwerking met de gemeenten. Bij de uitrol van de voormelde infrastructuur wordt er rekening gehouden met de doelstellingen van het Brussels Hoofdstedelijk Gewest op het vlak van het beleid inzake mobiliteit, parkeren, klimaat, energie en luchtkwaliteit. § 2. De infrastructuur van publiek toegankelijke oplaadpunten op de openbare weg in het Brussels Hoofdstedelijk Gewest is op niet-discriminerende en transparante basis toegankelijk en is prioritair bestemd voor omwonenden die geen toegang hebben tot privéoplaadpunten, operatoren van gedeelde motorvoertuigen en taxidiensten. De publiek toegankelijke oplaadpunten op de openbare weg moeten niet de mogelijkheid bieden om de batterij van een elektrisch voertuig te vervangen",
65,"§ 1. Op het vlak van interoperabiliteit : 1° Elke eigenaar van een publiek toegankelijk oplaadpunt kan vrijelijk elektriciteit verwerven bij elke leverancier in de zin van de ordonnantie van 19 juli 2001 betreffende de organisatie van de elektriciteitsmarkt in het Brussels Hoofdstedelijk Gewest, onder voorbehoud van diens akkoord ; 2° Elke eigenaar van een publiek toegankelijk oplaadpunt moet het aansluiten op het gewestelijk beheerplatform voor gegevens en laadpalen, vastgelegd door de regering ; 3° Elke eigenaar van een publiek toegankelijk oplaadpunt sluit op transparante en niet-discriminerende basis overeenkomsten met elke exploitant van een publiek toegankelijk oplaadpunt die hierom vraagt. De eigenaar van een publiek toegankelijk oplaadpunt kan ook exploitant zijn van een publiek toegankelijk oplaadpunt ; 4° De exploitant van een publiek toegankelijk oplaadpunt verleent zijn diensten op contractuele, niet-discriminerende en transparante basis aan elke klant van de oplaaddiensten voor elektrische voertuigen. De prijzen aangerekend door de exploitant van een publiek toegankelijk oplaadpunt zijn redelijk, gemakkelijk en duidelijk te vergelijken ; 5° Elk publiek toegankelijk oplaadpunt voorziet in de mogelijkheid van een ad hoc oplading voor gebruikers van elektrische voertuigen, zonder dat die een overeenkomst hoeven aan te gaan met de elektriciteitsleverancier, de eigenaar of de exploitant. § 2. De eigenaars van een publiek toegankelijk oplaadpunt op de openbare weg overeenkomstig de bepalingen van de ordonnantie van 19 juli 2001 betreffende de organisatie van de elektriciteitsmarkt in het Brussels Hoofdstedelijk Gewest hebben de rechten en verplichtingen waarvan sprake is in artikel 13 van de wet van 10 maart 1925 op de elektriciteitsvoorziening",
Afdeling 3,Gewestelijke kaart van publiek toegankelijke oplaadpunten op de openbare weg,
66,"§ 1. Leefmilieu Brussel en Brussel Mobiliteit hebben de opdracht om, in overleg met de gemeenten en de distributienetbeheerder, een gewestelijke kaart van publiek toegankelijke oplaadpunten op de openbare weg op te stellen. De gewestelijke kaart wordt ter goedkeuring voorgelegd aan de regering en regelmatig bijgewerkt. In de gewestelijke kaart van publiek toegankelijke oplaadpunten op de openbare weg wordt rekening gehouden met de volgende parameters : 1° de evolutie van de bevolking en van het aantal elektrische voertuigen dat wordt gebruikt door de inwoners, de operatoren van gedeelde voertuigen en de taxidiensten in het Brussels Hoofdstedelijk Gewest tijdens de betrokken periode ; 2° de actuele autodichtheid van de huishoudens in het Brussels Hoofdstedelijk Gewest en de doelstellingen om het bezit van privéwagens te verminderen, opgenomen in het gewestelijk mobiliteitsplan waarvan sprake is in de ordonnantie van 26 juli 2013 tot vaststelling van een kader inzake mobiliteitsplanning en tot wijziging van sommige bepalingen die een impact hebben op het vlak van mobiliteit, evenals de evolutie van de taxidiensten en de doelstellingen inzake autodelen, in voorkomend geval ; 3° het aantal privéparkeerplaatsen thuis en het aantal plaatsen, voorbehouden aan operatoren van gedeelde voertuigen en taxidiensten ; 4° het aantal bestaande publiek toegankelijke oplaadpunten in het Brussels Hoofdstedelijk Gewest of in de directe omgeving, en hun locaties ; 5° de gemiddelde afstand die een voertuig aflegt en zijn gemiddelde verbruik ; 6° het vermogen van de oplaadpunten in kW en hun benuttingsgraad, rekening houdend met de rotatie en de noodzakelijke flexibiliteit om 's nachts te parkeren bij een oplaadpunt. § 2. Deze gewestelijke kaart doet geen afbreuk aan de mogelijkheid om publiek toegankelijke oplaadpunten op de openbare weg te plaatsen op plaatsen die niet als zodanig zijn aangeduid op die kaart",
TITEL 4,Bepalingen betreffende het voorbeeldgedrag van de overheden,
HOOFDSTUK 1,Energie- en milieucriteria van toepassing op de vastgoedinvesteringen,
HOOFDSTUK 2,Openbare verlichting,
HOOFDSTUK 3,Voorbeeldgedrag van de overheden inzake vervoer,
HOOFDSTUK 4,Duurzame aankopen,
TITEL 5,Bepalingen betreffende de professionals en de ondernemingen,
HOOFDSTUK 1,Erkenning en certificering van de professionals,
HOOFDSTUK 2,Verplichte energieaudit voor de grote ondernemingen,
TITEL 6,Overtredingen en sancties,
HOOFDSTUK 1,Administratieve boeten,
HOOFDSTUK 2,Strafrechtelijke sancties,
BOEK 3,SPECIFIEKE BEPALINGEN VOOR LUCHT EN KLIMAAT,
TITEL 1,Algemeenheden,
TITEL 2,Specifieke bepalingen voor de luchtkwaliteit en de emissie van luchtverontreinigende stoffen,
HOOFDSTUK 1,Opdrachten van Leefmilieu Brussel,
HOOFDSTUK 2,Indeling in zones,
HOOFDSTUK 3,Beoordeling van de luchtkwaliteit,
Afdeling 1,Identificatie van de verontreinigende stoffen die het voorwerp van een evaluatie vormen,
Afdeling 2,Beoordelingsregels,
HOOFDSTUK 6,Grensoverschrijdende luchtverontreiniging,
HOOFDSTUK 7,Informatie van de bevolking,
HOOFDSTUK 8,Lage-emissiezones,
TITEL 3,Specifieke bepalingen inzake emissie van broeikasgassen,
HOOFDSTUK 1,Systeem van handel in broeikasgasemissierechten,
Afdeling 1,Vergunning voor broeikasgasemissies,
Afdeling 2,"Uitreiking, overdracht, geldigheid en vernietiging van de emissierechten",
Afdeling 3,"Nieuwkomers en wijzigingen van de capaciteit, het activiteitsniveau of de exploitatie",
Afdeling 4,"Toezicht, aangifte en verificatie van de emissies en inlevering van de emissierechten",
Afdeling 5,Rapporten,
HOOFDSTUK 2,"Investeringen, gebruik van de koolstofeenheden en van de projectmechanismen",
HOOFDSTUK 3,Toegang tot de informatie,
TITEL 4,Overtredingen en sancties,
HOOFDSTUK 1,Administratieve boetes,
HOOFDSTUK 2,Strafrechtelijke sancties,
BOEK 4,SLOTBEPALINGEN,
TITEL 1,Wijzigingsbepalingen,
HOOFDSTUK 1,Wijzigingen van de ordonnantie van 5 juni 1997 betreffende de milieuvergunningen,
HOOFDSTUK 2,"Wijzigingen van de ordonnantie van 25 maart 1999 betreffende de opsporing, de vaststelling, de vervolging en de bestraffing van misdrijven inzake leefmilieu",
HOOFDSTUK 3,Wijzigingen van de ordonnantie van 18 maart 2004 betreffende de milieueffectenbeoordeling van bepaalde plannen en programma's,
HOOFDSTUK 4,Wijziging van de ordonnantie van 12 december 1991 houdende oprichting van de begrotingsfondsen,
HOOFDSTUK 5,Wijziging van het BWRO,
TITEL 2,Opheffingsbepalingen,
TITEL 3,Overgangsbepalingen,
TITEL 4,Inwerkingtreding,
TITEL 5,Algemene coördinatie,
