title,name,section
TITEL I,ALGEMENE BEPALINGEN,
HOOFDSTUK I,Doelstellingen,
HOOFDSTUK II,Machtiging,
HOOFDSTUK III,Openbaar onderzoek,
HOOFDSTUK IV,Adviescommissies,
Afdeling I,De Gewestelijke Ontwikkelings Commissie,
Afdeling II,De overlegcommissies,
Afdeling III,De Koninklijke Commissie voor Monumenten en Landschappen,
HOOFDSTUK IVbis,De Bouwmeester,
HOOFDSTUK V,Stedenbouwkundig college,
HOOFDSTUK VI,Termijnen en communicatiemiddelen,
TITEL II,PLANNING,
HOOFDSTUK I,Algemene bepalingen,
HOOFDSTUK II,Gewestelijk ontwikkelingsplan,
Afdeling I,Algemeen,
Afdeling II,Inhoud,
Afdeling III,Uitwerkingsprocedure,
Afdeling IV,Wijzigingsprocedure,
Afdeling V,Gevolgen van het plan,
Afdeling VI,Opvolging van het plan,
HOOFDSTUK III,Gewestelijk bestemmingsplan,
Afdeling I,Algemeen,
Afdeling II,Inhoud,
Afdeling III,Uitwerkingsprocedure,
Afdeling IV,Wijzigingsprocedure,
Afdeling V,Gevolgen van het plan,
Afdeling VI,Opvolging van het plan,
HOOFDSTUK IIIbis,Richtplan van aanleg,
Afdeling I,Algemeen,
Afdeling II,Inhoud,
Afdeling III,Uitwerkingsprocedure,
Afdeling IV,Wijzigings- en opheffingsprocedure,
Afdeling V,Gevolgen van het richtplan van aanleg,
Afdeling VI,Opvolging van het richtplan van aanleg,
HOOFDSTUK IV,Gemeentelijk ontwikkelingsplan,
Afdeling I,Algemeen,
Afdeling II,Inhoud,
Afdeling III,Uitwerkingsprocedure,
Afdeling IV,Wijzigingsprocedure,
Afdeling V,Gevolgen van het plan,
Afdeling VI,Opvolging van het plan,
HOOFDSTUK V,Bijzonder bestemmingsplan,
Afdeling I,Algemeen,
Afdeling II,Inhoud,
Afdeling III,Uitwerkingsprocedure,
Afdeling IIIbis,Initiatief van de burgers,
Afdeling Vbis,Wijzigings- en opheffingsprocedures,
Afdeling VI,Bijzondere opheffingsprocedures,
Afdeling VII,Gevolgen van het plan,
Afdeling VIII,Opvolging van het plan,
HOOFDSTUK VI,Onteigening en vergoeding,
Afdeling I,Beginsel,
Afdeling II,Procedure,
Afdeling III,Vergoedingen,
Afdeling IV,Uitvoeringstermijn voor de onteigeningen,
Afdeling V,Vergoeding van de waardeverminderingen,
HOOFDSTUK VII,Ruilverkaveling en herverkaveling,
TITEL III,STEDENBOUWKUNDIGE VERORDENINGEN,
HOOFDSTUK I,Algemeen,
HOOFDSTUK II,Gewestelijke stedenbouwkundige verordeningen,
HOOFDSTUK III,Gemeentelijke stedenbouwkundige verordeningen,
HOOFDSTUK III,Gevolgen van de gewestelijke en gemeentelijke stedenbouwkundige verordeningen,
HOOFDSTUK IV,Wijziging en opheffing van de gewestelijke en gemeentelijke stedenbouwkundige verordeningen,
TITEL IV,Vergunning en attesten,
HOOFDSTUK I,Verschillende soorten vergunningen,
HOOFDSTUK II,De vergunnende overheden,
Afdeling I,Het college van burgemeester en schepenen,
Afdeling II,De gemachtigde ambtenaar,
Afdeling III,De Regering,
HOOFDSTUK III,Indiening en behandeling van de vergunningsaanvragen en beroepen,
Afdeling I,Vergunningen afgeleverd door het college van burgemeester en schepenen,
Afdeling IV,Onderafdeling II. - Beslissing van het college van burgemeester en schepenen,
Afdeling V,Onderafdeling III - Schorsing en vernietiging van de vergunning,
Onderafdeling I,Voorafgaande effectenbeoordeling van bepaalde projecten,
Onderafdeling II,Indiening en behandeling van de aanvragen,
Onderafdeling III,Bijzondere bepalingen van de verkavelingsvergunning,
Onderafdeling IV,Beslissing van de gemachtigde ambtenaar,
Afdeling III,Beroep bij de Regering,
Onderafdeling I,Speciale regelen van openbaarmaking,
Onderafdeling II,Overige gezamenlijke bepalingen,
HOOFDSTUK IIIbis,Speciale regelen voor de indiening en behandeling van bepaalde aanvragen tot stedenbouwkundige vergunning en van de bijhorende beroepen,
Afdeling I,Strekking van hoofdstuk IIIbis,
Afdeling Ibis,Het advies van de Bouwmeester,
Afdeling II,Indiening en behandeling van de vergunningsaanvraag,
Afdeling III,Beroep bij de Regering,
HOOFDSTUK IV,Stedenbouwkundig attest,
Afdeling I,Begrip,
Afdeling II,Afgifteprocedure,
Afdeling III,Gevolgen van het stedenbouwkundig attest,
TITEL V,BESCHERMING VAN HET ONROERENDE ERFGOED,
HOOFDSTUK I,Algemeen,
HOOFDSTUK II,De inventaris van het onroerende erfgoed,
HOOFDSTUK III,De bewaarlijst,
Afdeling 1,Het inschrijven op de bewaarlijst en het opleggen van bijzondere behoudsvoorwaarden,
Afdeling II,Gevolgen,
Afdeling III,Royering van de bewaarlijst en wijziging van de behoudsvoorwaarden,
HOOFDSTUK IV,De bescherming,
Afdeling I,Beschermingsprocedure,
Afdeling II,Gevolgen van de bescherming,
Afdeling III,Procedure tot opheffing van de bescherming,
HOOFDSTUK IVbis,Het register van het onroerend erfgoed,
HOOFDSTUK V,"Beheer, werken en toelagen",
HOOFDSTUK VI,Onteigening,
HOOFDSTUK VIbis,Beheersplan voor erfgoed,
Afdeling I,Algemeen,
Afdeling II,Inhoud,
Afdeling III,Uitwerkingsprocedure,
Afdeling IV,Wijzigingsprocedure,
Afdeling V,Gevolgen,
Afdeling VI,Informatie met betrekking tot de uitvoering van het plan,
Afdeling VII,Uitvoeringsbesluiten,
HOOFDSTUK VII,"Opgravingen, peilingen en archeologische vondsten",
Afdeling I,De personen die ertoe gemachtigd zijn opgravingen en peilingen uit te voeren,
Afdeling II,De opgravingen en peilingen van openbaar nut,
Afdeling III,De opgravingen en peilingen naar aanleiding van een vergunningsaanvraag,
Afdeling IV,De archeologische vondsten,
Afdeling V,De vergoedingen,
Afdeling VI,Het toezicht op de roerende archeologische goederen,
Afdeling VII,De toelagen,
HOOFDSTUK VIII,Bijzondere bepaling,
TITEL VI,NIET-UITGEBATE BEDRIJFSRUIMTEN,
HOOFDSTUK I,Algemene bepalingen,
HOOFDSTUK II,De inventaris van de niet-uitgebate bedrijfsruimten,
HOOFDSTUK III,Rehabilitatie en herbestemming,
HOOFDSTUK IV,Onteigening,
TITEL VII,HET VOORKOOPRECHT,
HOOFDSTUK I,Algemeen,
HOOFDSTUK II,De aan het voorkooprecht onderhevige perimeter,
HOOFDSTUK III,De houders van het voorkooprecht,
HOOFDSTUK IV,De uitoefening van het voorkooprecht,
Afdeling I,De aan het voorkooprecht onderworpen vastgoedoperaties,
Afdeling II,De onderhandse overdracht,
Afdeling III,De openbare verkoop,
Afdeling IV,De onteigening,
HOOFDSTUK V,Formaliteiten en vordering tot nietigverklaring,
TITEL VIII,INLICHTINGEN EN INFORMATIE,
HOOFDSTUK I,Stedenbouwkundige inlichtingen,
HOOFDSTUK II,Mededeling van inlichtingen en documenten inzake planning en stedenbouw,
HOOFDSTUK III,De publiciteit voor de verkoop en de verhuring,
TITEL IX,FISCALE MAATREGELEN,
HOOFDSTUK I,Taksen op de niet-bebouwde percelen,
HOOFDSTUK II,taksen op de ruimten opgenomen in de inventaris van de niet-uitgebate bedrijfsruimten,
HOOFDSTUK III,Immunisatie en vrijstelling betreffende bepaalde goederen die vallen onder het beschermd of op de bewaarlijst ingeschreven erfgoed,
TITEL X,MISDRIJVEN EN STRAFBEPALINGEN,
HOOFDSTUK I,Misdrijven,
Afdeling I,Handelingen die als misdrijf gelden,
Afdeling II,Vaststelling van de misdrijven,
Afdeling III,Vaststelling van de misdrijven,
Afdeling IV,Ambtshalve uitvoering,
HOOFDSTUK II,Strafbepalingen,
HOOFDSTUK III,Overschrijving,
HOOFDSTUK IV,Dading,
HOOFDSTUK V,Administratieve geldboetes,
TITEL XI,SLOTBEPALINGEN,
HOOFDSTUK I,Slot- en overgangsbepalingen van de ordonnantie van 29 augustus 1991 houdende organisatie van de planning en de stedenbouw,
Afdeling I,Implementatie van de Europese richtlijnen,
Afdeling II,Opheffingsbepalingen,
Afdeling III,Overgangs- en slotbepalingen,
HOOFDSTUK II,Overgangs- en eindbepalingen van de ordonnantie van 4 maart 1993 inzake het behoud van het onroerend erfgoed,
HOOFDSTUK III,Overgangs- en eindbepalingen van de ordonnantie van 18 december 2003 betreffende de rehabilitatie en de herbestemming van de niet-uitgebate bedrijfsruimten,
TITEL XII,Stelsel van de stedenbouwkundige lasten voor de periode van 1 augustus 2003 tot 8 januari 2004,
HOOFDSTUK I,Glossarium,
HOOFDSTUK II,Feiten die verplichte stedenbouwkundige lasten tot gevolg hebben,
HOOFDSTUK III,Aard van de verplichte of facultatieve stedenbouwkundige lasten,
HOOFDSTUK IV,Omvang van de verplichte stedenbouwkundige lasten,
HOOFDSTUK V,Vrijstelling van de verplichte en facultatieve lasten,
HOOFDSTUK VI,Termijn voor de realisatie van de verplichte of facultatieve stedenbouwkundige lasten,
HOOFDSTUK VII,Financiële waarborgen,
TITEL XIII,Stelsel van de stedenbouwkundige lasten voor de periode van 9 januari 2004 tot 15 juni 2009,
HOOFDSTUK I,Glossarium,
HOOFDSTUK II,Feiten die verplichte stedenbouwkundige lasten tot gevolg hebben,
HOOFDSTUK III,Aard van de verplichte of facultatieve stedenbouwkundige lasten,
HOOFDSTUK IV,Omvang van de verplichte stedenbouwkundige lasten,
HOOFDSTUK V,Vrijstelling van de verplichte en facultatieve lasten,
HOOFDSTUK VI,Termijn voor de realisatie van de verplichte of facultatieve stedenbouwkundige lasten,
HOOFDSTUK VII,Financiële waarborgen,
