title,name,section
Hoofdstuk 1,Definities,
Hoofdstuk 2,De consulaire posten,
Hoofdstuk 3,De burgerlijke stand,
Hoofdstuk 4,Het notariaat,
Hoofdstuk 5,De registers en repertoria,
Hoofdstuk 6,De nationaliteit,
Hoofdstuk 7,De legalisatie en het onderzoek van vreemde documenten,
Hoofdstuk 8,De consulaire bevolkingsregisters,
Hoofdstuk 9,De consulaire rechten,
Hoofdstuk 10,De paspoorten,
Hoofdstuk 11,De consulaire attesten,
Hoofdstuk 12,De geboorte en het overlijden aan boord van schepen en vliegtuigen,
Hoofdstuk 13,De consulaire bijstand aan de Belgen en aan de niet-vertegenwoordigde burgers van de Europese Unie,
