title,name,section
DEEL EEN,: DE GEMEENTEN,
Boek I,Organisatie van de gemeente,
TITEL I,Algemene bepalingen,
HOOFDSTUK I,Namen,
HOOFDSTUK II,Bepaling van de gemeentegrenzen,
HOOFDSTUK III,Bevoegdheden van de gemeenten in het algemeen,
TITEL II,Gemeentelijke organen,
HOOFDSTUK I,Algemene bepalingen,
HOOFDSTUK II,De gemeenteraadsleden,
Afdeling 1,Wijze van aanwijzing en statuut van de gemeenteraadsleden,
Afdeling 2,"Vergaderingen, beraadslagingen en besluiten van de gemeenteraden",
Afdeling 3,Bevoegdheden van de gemeenteraad,
HOOFDSTUK III,De burgemeester en het gemeentecollege,
Afdeling 1,De politieke fracties en de meerderheidspact,
Afdeling 2,Het gemeentecollege,
Afdeling 3,De uitvoering van de verantwoordelijkheid van het gemeentecollege,
Afdeling 4,(Voorheen 3) Wedden en ambtskledij van de burgemeester en schepenen,
Afdeling 5,"(Voorheen 4) Vergaderingen, beraadslagingen en besluiten van het college van burgemeester en schepenen",
Afdeling 6,(Voorheen 5) Bevoegdheden van het college van burgemeester en schepenen,
Afdeling 7,(Voorheen 6) Bevoegdheden van de burgemeester,
Afdeling 8,Secretariaten van de leden van het gemeentecollege,
Afdeling 9,"Verlof wegens de geboorte van een kind, de adoptie van een kind of een ernstige ziekte",
HOOFDSTUK IV,De directeur-generaal en de financieel directeur,
Afdeling 1,De directeur-generaal,
Afdeling 2,De financieel directeur,
Afdeling 3,Evaluatie,
HOOFDSTUK V,Onverenigbaarheden en belangenconflicten,
HOOFDSTUK VI,Eed,
TITEL III,Akten van de gemeenteoverheden,
HOOFDSTUK I,Algemene bepaling,
HOOFDSTUK II,Opmaken van de akten,
HOOFDSTUK III,Bekendmaking van de akten,
TITEL IV,De volksraadpleging,
ENIG HOOFDSTUK,,
TITEL V,Vrijwillige samenvoeging van gemeenten,
HOOFDSTUK I,Toepassingsgebied en algemene bepalingen,
HOOFDSTUK II,Voorwaarden van de samenvoeging,
HOOFDSTUK III,Procedure,
Afdeling 1,Princiepsbeslissing,
Afdeling 2,Gemeenschappelijk voorstel tot samenvoeging,
Afdeling 3,Samenvoegingsdecreet,
HOOFDSTUK IV,Bijzondere bepalingen voor het gemeentelijk beheer voor de datum van de samenvoeging,
HOOFDSTUK V,Algemene beginselen van de samenvoeging van gemeenten,
HOOFDSTUK VI,Verkiezing en installatie van de gemeenteraad van de nieuwe gemeente,
HOOFDSTUK VII,Bepalingen betreffende het gemeentepersoneel,
Afdeling 1,Princiepsbeslissing met betrekking tot de samenvoeging en gevolgen voor het personeel,
Afdeling 2,Personeel na de datum van samenvoeging,
Onderafdeling 1,Directeur-generaal en financieel directeur,
Onderafdeling 2,Uitoefening van de functie van financieel directeur van de gemeente door de financieel directeur van het OCMW,
Onderafdeling 3,Andere leden van het gemeentepersoneelsleden,
Onderafdeling 4,Nieuw organogram en nieuw statuut,
HOOFDSTUK VIII,Bepalingen betreffende financiën en fiscaliteit,
HOOFDSTUK IX,Overgangsbepalingen,
Boek II,Bestuur van de gemeente,
TITEL I,Het gemeentepersoneel,
HOOFDSTUK I,Algemene bepalingen,
HOOFDSTUK II,Administratief statuut en bezoldigingsregeling,
HOOFDSTUK III,Benoeming,
HOOFDSTUK IV,Verbodsbepalingen,
HOOFDSTUK V,Tuchtregeling,
HOOFDSTUK VI,Personeel met een bijzonder statuut,
Hoofdstuk VII,Beroepsonbekwaamheid,
Hoofdstuk VIII,Kamer van beroep,
TITEL II,Beheer van de goeden van de gemeente,
HOOFDSTUK I,Schenkingen en legaten aan de gemeente en aan de in de gemeente bestaande openbare inrichtingen,
HOOFDSTUK II,Contracten,
HOOFDSTUK III,Gemeentewegen,
TITEL III,Bestuur van sommige gemeentediensten,
HOOFDSTUK I,Gemeentebedrijven,
Afdeling 1,Gewone gemeentebedrijven,
Afdeling 2,Autonome gemeentebedrijven,
HOOFDSTUK II,Begraafplaatsen en lijkbezorging,
Afdeling 1,Begripsomschrijving,
Afdeling 2,Begraafplaatsen,
Onderafdeling 1,Gemeentelijke of intergemeentelijke begraafplaatsen en crematoria,
Onderafdeling 2,Concessies,
Afdeling 3,"Begraafplaatsen, wijzen van lijkbezorging en begrafenisceremonieel",
Onderafdeling 1,Kisting en vervoer van lijken,
Onderafdeling 2,Begravingen,
Onderafdeling 3,Crematie,
Onderafdeling 4,Graftekens,
Afdeling 4,Slotbepalingen,
HOOFDSTUK III,Openbare instellingen,
HOOFDSTUK IV,De gemeentelijke VZW's,
TITEL IV,Aansprakelijkheid en rechtsgedingen,
HOOFDSTUK I,Burgerlijke aansprakelijkheid van de gemeenten,
HOOFDSTUK II,Rechtsgedingen,
Afdeling 1,Algemeen,
Afdeling 2,Uitoefening door een belastingplichtige van de rechtsvorderingen die aan de gemeente toebehoren,
Boek III,Gemeentelijke financiën,
TITEL I,Begroting en rekeningen,
HOOFDSTUK I,Algemeen,
HOOFDSTUK II,Goedkeuring van de begroting en afwikkeling van de rekeningen,
HOOFDSTUK III,Openbaarheid van de begroting en de rekeningen,
HOOFDSTUK IV,Begrotingsevenwicht,
HOOFDSTUK V,Algemeen reglement op de gemeentecomptabiliteit,
TITEL II,Lasten en uitgaven,
ENIG HOOFDSTUK,,
TITEL III,Ontvangsten,
HOOFDSTUK I,Algemene bepalingen,
HOOFDSTUK II,Algemene financiering van de gemeenten,
ENIG HOOFDSTUK,,
ENIG HOOFDSTUK,,
ENIG HOOFDSTUK,,
BOEK V,Samenwerking tussen gemeenten,
TITEL I,Algemene bepalingen,
HOOFDSTUK I,Toepassingsgebied,
HOOFDSTUK II,Wijzen van samenwerking,
Afdeling 1,Overeenkomsten tussen gemeenten,
Afdeling I/1,"Overeenkomsten tussen de gemeente en het openbaar centrum voor maatschappelijk welzijn, vallend onder haar grondgebied",
Afdeling 2,Projectverenigingen,
Afdeling III,Intercommunales,
Afdeling IV,Gemeenschappelijke bepalingen,
TITEL I,Wijze van werking,
HOOFDSTUK I,Overeenkomsten tussen gemeenten,
HOOFDSTUK II,Projectverenigingen,
HOOFDSTUK III,Intercommunales,
Afdeling 1,Statuten,
Afdeling 2,Organen van de intercommunale,
Onderafdeling 1,Algemene bepalingen,
Onderafdeling 2,Algemene vergadering,
Onderafdeling 3,Raad van bestuur,
Onderafdeling 4,Bezoldigingscomité,
Onderafdeling 5,Beperkte bestuursorganen,
Afdeling 3,Provinciaal en regionaal overwicht,
Afdeling 4,Ontbinding en vereffening,
Afdeling 5,Diverse bepalingen,
Afdeling 6,Personeel,
HOOFDSTUK IV,Internationale relaties,
TITEL III,Beginselen van goed bestuur,
HOOFDSTUK I,Verbodsbepalingen en onverenigbaarheden,
HOOFDSTUK II,Rechten en plichten,
HOOFDSTUK III,Bemiddeling en gebruikershandvest,
TITEL IV,Overgangs- en slotbepalingen,
TITEL VI,Openbaarheid van bestuur,
ENIG HOOFDSTUK,,
DEEL II,. - DE BOVENGEMEENTELIJKE AARD,
Boek I,De agglomeraties en de federaties van gemeenten,
TITEL I,Organisatie van de agglomeraties en federaties van gemeenten,
HOOFDSTUK I,Algemene bepalingen,
Afdeling 1,Afbakeningen,
Afdeling 2,Oprichting,
Afdeling 3,Bevoegdheden,
HOOFDSTUK II,Organen van de agglomeraties en federaties,
Afdeling 1,Algemene bepalingen,
Afdeling 2,De Raad,
Onderafdeling 1,Samenstelling,
Onderafdeling 2,Bevoegdheden,
Afdeling 3,Het college,
HOOFDSTUK III,Handelingen van de overheden van de federaties en agglomeraties van gemeenten,
TITEL II,Administratie van de agglomeraties en federaties van gemeenten,
HOOFDSTUK I,Het personeel,
HOOFDSTUK II,Administratie van de goederen,
HOOFDSTUK III,Administratie van bepaalde diensten,
TITEL III,Financiën van de agglomeraties en federaties van gemeenten,
ENIG HOOFDSTUK,,
TITEL IV,Het overleg,
ENIG HOOFDSTUK,,
Boek II,De provincies,
TITEL I,Organisatie van de provincies,
HOOFDSTUK I,Algemene bepalingen,
HOOFDSTUK II,Provinciale organen,
Afdeling 1,Algemene bepalingen,
Afdeling 2,De provincieraad,
Onderafdeling 1,Aanwijzing en statuut van de provincieraadsleden,
Onderafdeling 2,Vergaderingen van de raad en de wijze waarop hij beraadslaagt,
Onderafdeling 3,Recht op informatie,
Onderafdeling 4,Bevoegdheden van de provincieraad,
Afdeling 3,Het provinciecollege,
Onderafdeling 1,Politieke fracties - Meerderheidspact Wijze van aanwijzing en statuut van de leden van het provinciecollege,
Onderafdeling 2,vergaderingen en beraadslagingen en besluiten van het provinciecollege,
Onderafdeling 3,Bevoegdheden van het provinciecollege,
Onderafdeling 4,"Verlof wegens de geboorte van een kind, de adoptie van een kind of een ernstige ziekte",
Afdeling 4,De Gouverneur,
Afdeling 5,De directeur-generaal en de financieel directeur,
Onderafdeling 1,De directeur-generaal,
Onderafdeling 2,Het directiecomité,
Onderafdeling 3,De financieel directeur,
Afdeling 6,De arrondissementscommissarissen,
Afdeling 7,Onverenigbaarheden en belangenconflicten,
Afdeling 8,De eed,
HOOFDSTUK III,Akten van de provinciale overheden,
Afdeling 1,Opstelling van de akten,
Afdeling 2,Bekendmaking van de akten,
HOOFDSTUK IV,Volksraadpleging,
HOOFDSTUK V,Toezicht op de mededelingen,
TITEL II,Bestuur van de provincie,
HOOFDSTUK I,Het personeel van de provincie,
HOOFDSTUK II,Bestuur van de goederen van de provincie,
Afdeling 1,Contracten,
Afdeling 2,Werken betreffende verscheidene provincies of verscheidene gemeenten,
HOOFDSTUK III,Bestuur van bepaalde provinciale diensten,
Afdeling 1,"De provinciebedrijven, de autonome provinciebedrijven en de tegemoetkomingen van de provincie in de intercommunales, V.Z.W.'s en andere verenigingen",
Onderafdeling 1,Provinciebedrijven,
Onderafdeling 2,Autonome provinciebedrijven,
Onderafdeling 3,"Tegemoetkomingen van de provincie in de kosten van de intercommunales, V.Z.W.'s en andere verenigingen",
Afdeling 2,Provinciale inrichtingen,
HOOFDSTUK IV,Aansprakelijkheid en rechtsvorderingen,
Afdeling 1,Burgerlijke aansprakelijkheid van de provincies,
Afdeling 2,Rechtsvorderingen,
TITEL III,Financiën van de provincies,
HOOFDSTUK I,Begroting en rekeningen,
Afdeling 1,Algemene bepalingen,
Afdeling 2,Aanneming van de begroting en regeling van de rekeningen,
Afdeling 3,Openbaarheid van de begroting en van de rekeningen,
Afdeling 4,Begrotingsevenwicht,
HOOFDSTUK II,Lasten en uitgaven,
HOOFDSTUK III,Ontvangsten,
Afdeling 1,Algemene bepaling,
Afdeling 2,Financiering en partnerschap van de provincies,
Onderafdeling 1,Algemene bepalingen,
Onderafdeling 2,Verdeling van het provinciefonds,
Onderafdeling 3,Uitvoering en uitbetaling,
DEEL III,BEPALINGEN DIE GEMEEN ZIJN AAN DE GEMEENTEN EN AAN DE BOVENGEMEENTELIJKE AARD,
Boek I,Toezicht,
TITEL I,Algemene bepalingen,
HOOFDSTUK I,Toepassingsgebied en begripsomschrijvingen,
HOOFDSTUK II,De behandeling van de akte die aan de toezichthoudende overheid voorgelegd wordt,
HOOFDSTUK III,De berekening van de termijnen,
HOOFDSTUK IV,De motivering,
HOOFDSTUK V,De kennisgeving en de bekendmaking van de toezichtbeslissingen,
HOOFDSTUK VI,Het ter plaatse sturen van een bijzondere commissaris,
HOOFDSTUK VI/1,Controleopdrachten door de administratie,
HOOFDSTUK VII,Het jaarverslag,
TITEL II,Algemeen vernietigingstoezicht,
HOOFDSTUK I,Toepassingsgebied,
HOOFDSTUK II,De procedure,
HOOFDSTUK III,Het beroep van de gouverneur betreffende de akten van de provinciale overheden,
TITEL III,Bijzonder goedkeuringstoezicht,
HOOFDSTUK I,Toepassingsgebied,
HOOFDSTUK II,De procedure,
HOOFDSTUK III,Bijzondere regels betreffende de akten van de gemeentelijke overheden,
Afdeling 1,Het beroep van de gouverneur,
Afdeling 2,Het beroep van de gemeentelijke overheid,
Afdeling 3,Het beroep van het gemeentelijk personeel,
Afdeling 4,Het recht van de regering om de zaak aan zich te trekken,
TITEL V,Administratief toezicht op de agglomeraties en federaties van gemeenten,
ENIG HOOFDSTUK,,
TITEL VI,"Administratief toezicht over de instellingen belast met het beheer van de temporaliën van de erkende erediensten bedoeld in artikel L3111-1, § 1, 7°",
HOOFDSTUK I,Algemeen vernietigingstoezicht,
Afdeling 1,Toepassingsgebied,
Afdeling 2,De procedure,
HOOFDSTUK II,Bijzonder goedkeuringstoezicht,
Afdeling 1,Toepassingsgebied,
Afdeling 2,De procedure,
Afdeling 3,Het beroep,
Boek II,Openbaarheid van het bestuur,
TITEL I,Algemene bepaling,
ENIG HOOFDSTUK,,
TITEL II,Actieve openbaarheid,
ENIG HOOFDSTUK,,
TITEL III,Passieve openbaarheid,
ENIG HOOFDSTUK,,
Boek III,Financiën van de provincies en de gemeenten,
TITEL I,Beheersplan,
HOOFDSTUK I,Toepassingsgebied,
HOOFDSTUK II,Algemene bepalingen,
HOOFDSTUK III,Bijzondere bepalingen voor de gemeenten bedoeld in artikel L3311-1,
TITEL II,Vestiging en invordering van de provincie- en gemeentebelastingen,
ENIG HOOFDSTUK,,
TITEL III,"Toekenning van en de controle op de toekenning en het gebruik van bepaalde toelagen, enig hoofdstuk",
ENIG HOOFDSTUK,,
Afdeling 1,Toepassingsgebied,
Afdeling 2,Toekenning van de toelagen,
Afdeling 3,Gebruik en controle op het gebruik van de toelagen,
Afdeling 4,Terugbetaling van de toelagen,
TITEL IV,Subsidies voor sommige investeringen van openbaar nut,
HOOFDSTUK I,Algemene bepalingen,
HOOFDSTUK II,Subsidies voor de investeringen van openbaar nut van de publiekrechtelijke rechtspersonen,
HOOFDSTUK III,Trekkingsrecht van de gemeenten,
TITEL V,Toelagen toegekend aan de grootsteden in het kader van hun perspectieven voor stedelijke ontwikkeling,
HOOFDSTUK I,Algemene bepalingen,
HOOFDSTUK II,Trekkingsrecht,
HOOFDSTUK III,Procedure,
HOOFDSTUK IV,Uitvoering,
HOOFDSTUK V,Controle en terugbetaling,
HOOFDSTUK VI,Verslag van de Regering,
HOOFDSTUK VII,Overgangsbepalingen,
BOEK IV,"Overmaking van de begrotings-, boekhoudings- en statistische gegevens",
TITEL I,Overmaking van de begrotingen en rekeningen,
TITEL II,Overmaking van de statistische gegevens,
VIERDE DEEL,VERKIEZINGEN,
BOEK I,VERKIEZINGEN VAN DE ORGANEN,
TITEL I,Kiessysteem. Princiepen en Begripsomschrijvingen,
HOOFDSTUK I,Princiepen,
HOOFDSTUK II,Begripsomschrijvingen,
Afdeling 1,De kiezers,
Afdeling 2,De kandidaten,
Afdeling 3,De kiesbureaus en steminstallaties,
Afdeling 4,De voorbereiding en de organisatie van de verkiezingen,
Afdeling 5,De kiesverrichtingen,
Afdeling 6,De resultaten,
Afdeling 7,De inbreuken op de kiesprocedure,
TITEL II,Het kiessysteem,
HOOFDSTUK I,Kiesbevoegdheidsvoorwaarden,
HOOFDSTUK II,Register van de kiezers,
Afdeling 1,Opmaking van het register van de kiezers,
Afdeling 2,Afgifte van het register van de kiezers,
Afdeling 3,Gebruik van het register van de kiezers,
Afdeling 4,Beroepen tegen het register van de kiezers,
Afdeling 5,Sancties met betrekking tot het kiesregister,
HOOFDSTUK III,Indeling van de kiezers,
HOOFDSTUK IV,Oproeping van de kiezers,
HOOFDSTUK V,Aanwijzing van de kiesbureaus,
Afdeling 1,De kiesbureaus,
Afdeling 2,De kieskringbureaus,
Onderafdeling 1,De districtbureaus,
Onderafdeling 2,De gemeentelijke bureaus,
Afdeling 3,De kantonbureaus,
Afdeling 4,De stem- en de stemopnemingsbureaus,
Onderafdeling 1,De stembureaus,
Onderafdeling 2,De stemopnemingsbureaus,
Afdeling 5,Sancties met betrekking tot de kiesbureaus,
TITEL III,Voorbereiding en organisatie van de verkiezingen,
HOOFDSTUK I,Verkiezingspropaganda,
HOOFDSTUK I/1,"Controle van de verkiezingsuitgaven en van de herkomst van de geldmiddelen (NOTA : oud hoofdstuk 1, zie : DWG 2017-03-09/12, art. 16, 061; Inwerkingtreding : 06-04-2017",
Afdeling 1,Controle van de partijen,
Afdeling 2,Controle van de kandidaten,
Afdeling 3,Controle van de herkomst van de geldmiddelen,
HOOFDSTUK II,Stemming bij volmacht,
HOOFDSTUK III,Bijstand bij de stemming,
HOOFDSTUK IV,Getuigen van de partijen,
Afdeling 1,Aanwijzing van de getuigen,
Afdeling 2,Onverenigbaarheden,
Afdeling 3,Opdrachten van de getuigen,
HOOFDSTUK V,Kosten van de verkiezingen,
TITEL IV,Kiesverrichtingen,
HOOFDSTUK I,Digitale en geautomatiseerde verrichtingen,
HOOFDSTUK II,Kandidaatstellingen,
Afdeling 1,Verkiesbaarheid en onverenigbaarheden,
Afdeling 2,Voordracht van de kandidaturen,
Afdeling 3,Verificatie van de kandidaturen,
Afdeling 4,"Lijstenvereniging, kandidatenlijst en loting",
Onderafdeling I,Gewestelijke loting,
Onderafdeling 2,Provinciale loting,
Onderafdeling 3,Gemeentelijke loting,
Onderafdeling 4,Verklaring van lijstenverbinding met het oog op apparentering,
Afdeling 5,"Aanplakking van lijsten, stembiljetten en stemopnemingstabellen",
Afdeling 6,Beroep betreffende de kandidaatstellingen,
Afdeling 7,Straffen betreffende de kandidaatstellingen,
HOOFDSTUK III,Stemming,
Afdeling 1,Inrichting van de stemlokalen,
Afdeling 2,Toegankelijkheid van en toezicht op stemcentra en -lokalen en stemopnemingscentra en -lokalen,
Onderafdeling 1,Toegankelijkheid van stemcentra en -lokalen,
Onderafdeling 2,Toegankelijkheid van stemcentra en -lokalen,
Onderafdeling 3,Toezicht op stemcentra en -lokalen,
Afdeling 3,Verloop van de stemming,
HOOFDSTUK IV,Stemopneming,
Afdeling 1,Samenstelling van het stemopnemingsbureau,
Afdeling 2,Verloop van de stemopneming,
HOOFDSTUK V,De telling van de stemmen,
Afdeling 1,Inleidende verrichtingen,
Afdeling 2,Telling door de kieskringbureaus,
Afdeling 3,Telling in geval van apparentering,
Afdeling 4,"Sancties i.v.m. de stemming, de stemopneming en de verschillende kiesverrichtingen",
Onderafdeling 1,Sancties betreffende de stemverplichting,
Onderafdeling 2,Sancties betreffende de inbreuk op het stemrecht en op het stemgeheim,
Onderafdeling 3,Sanctie betreffende de kiesomkoping,
Onderafdeling 4,Sancties betreffende de kiesomkoping,
Onderafdeling 5,Sancties betreffende de verzameling van de stemmen,
Onderafdeling 6,Sancties betreffende het geweld,
Onderafdeling 7,Verscheidene bepalingen,
HOOFDSTUK VI,Sluiting van de kiesverrichtingen en geldigverklaring,
Afdeling 1,Sluiting van de kiesverrichtingen,
Afdeling 2,Geldigverklaring en beroep tegen de verkiezingen,
Onderafdeling 1,De verkiezingen van de gemeenteraden,
Onderafdeling 2,Geldigverklaring van de verkiezingen van de provincieraden,
Onderafdeling 3,Algemene bepalingen,
Afdeling 3,Regels eigen aan de controle van de verkiezingsuitgaven,
TITEL V,Bepalingen eigen aan Komen-Waasten,
HOOFDSTUK I,Algemene bepalingen,
HOOFDSTUK II,Rechtstreekse verkiezing van de schepenen,
HOOFDSTUK III,Beroep,
Boek II,"Geautomatiseerd stemsysteem bij de provincieraads-, gemeenteraads- of districtsraadsverkiezingen",
TITEL I,Algemene bepalingen,
ENIG HOOFDSTUK,,
TITEL II,Het geautomatiseerd stemsysteem,
ENIG HOOFDSTUK,,
TITEL III,Bijzondere bepalingen voor de stemming,
ENIG HOOFDSTUK,,
TITEL IV,Aan de verkiezing voorafgaande verrichtingen,
ENIG HOOFDSTUK,,
TITEL V,De verrichtingen inzake totalisatie van de stemmen,
ENIG HOOFDSTUK,,
TITEL VI,Slotbepalingen,
ENIG HOOFDSTUK,,
VIJFDE DEEL,"DE VERPLICHTINGEN VAN DE MANDATARISSEN INZAKE DE AANGIFTE VAN MANDATEN, FUNCTIES EN VERGOEDING",
Boek I,Begripsomschrijvingen,
Enig Hoofdstuk,,
Boek 2,De aangiften,
Enig Hoofdstuk,,
Boek 3,Bezoldigingen en voordelen in natura,
Enig Hoofdstuk,,
Titel II,Maximumbedragen van toepassing inzake de bezoldigingen en de voordelen in natura,
Boek 4,Procedure voor de controle van de aangiften,
Titel 1,Controleorgaan en bevoegdheden ervan,
Enig Hoofdstuk,,
Titel 2,"Procedure voor het nazicht van de aangiften van de mandatarissen, van de niet-verkozen personen en van de houders van de lokale leidinggevende functie",
Enig Hoofdstuk,,
Titel 3,Verval en straffen,
Enig Hoofdstuk,,
Boek 5,Openbaarheid van de aangiften en van de werkzaamheden van het controleorgaan,
Enig Hoofdstuk,,
Boek 6,Diverse bepalingen,
Enig Hoofdstuk,,
ZESDE DEEL,(Voorheen vijfde deel) VERSCHEIDENE BEPALINGEN,
Boek I,Algemene bepalingen en toepassingsgebied,
ENIG TITEL,,
ENIG HOOFDSTUK,,
Boek II,Overgangsbepalingen,
ENIG TITEL,,
ENIG HOOFDSTUK,,
Boek III,"Sancties tegen de mandatarissen die onverenigbaarheid, verbod en verhindering niet nakomen",
Boek IV,Diverse bepalingen inzake Bestuur en transparantie van de plaatselijke en bovenlokale instellingen,
Titel I,Register van de plaatselijke en bovenlokale instellingen,
Titel II,"Overzicht van het presentiegeld, bezoldigingen en voordelen in natura van de lokale en bovenlokale instellingen",
Titel III,Regel van openbaarheid der debatten en transparantie in de lokale en bovenlokale instellingen,
Titel IV,"Bijzondere regels voor het presentiegeld, de bezoldigingen en andere voordelen ontvangen door personeelsleden",
Titel V,Bijzondere regels voor de afzetting van een titularis van een afgeleid mandaat,
Titel VI,Bijzondere regels voor de terugbetaling van gemaakte kosten,
BOEK V,Vergaderwijze van de instanties van de plaatselijke besturen,
ENIG TITEL,,
ENIG HOOFDSTUK,,
