title,name,section
Boek I,Rechten op geschriften,
Titel I,Vestiging van het recht op geschriften,
Titel II,Vaststelling van de rechten op geschriften,
Hoofdstuk I,Akten van notarissen,
Hoofdstuk II,Akten van gerechtsdeurwaarders,
Hoofdstuk III,Bankgeschriften,
Hoofdstuk IV,Andere geschriften,
Titel III,Verschuldigdheid en betaling van de rechten op geschriften,
Titel IV,Administratieve sancties,
Titel V,Diverse bepalingen,
Titel VI,Vrijstellingen,
Titel VII,Terugbetalingen,
Titel VIIbis,Vervolgingen en gedingen - Zekerheden gegeven aan de Schatkist,
Titel VIII,Overgangsbepalingen,
Titel VII,Titel VII (art. 113119) opgeheven,
Boek II,Diverse taksen,
Titel I,Taks op de beursverrichtingen,
Hoofdstuk I,Beursverrichtingen,
Hoofdstuk 2,Reportverrichtingen,
Titel II,Taks op de effectenrekeningen,
Titel III,Taks op de inscheping van een luchtvaartuig,
Titel V,"Jaarlijkse taks op de verzekeringsverrichtingen Oorspronkelijke titel XII vernummerd tot titel V bij W 2006-12-19/33, art.42, Inwerkingtreding : 01-01-2007>",
Titel VI,Jaarlijkse taks op de winstdeelnemingen,
Titel VIII,Taks op het lange termijnsparen,
Titel IX,Belasting voor aanplakking,
Titel X,Jaarlijkse taks op de effectenrekeningen,
Titel XI,Jaarlijkse taks op de kredietinstellingen,
Titel XII,Jaarlijkse taks op de collectieve beleggingsinstellingen,
Titel XIII,Jaarlijkse taks op de verzekeringsondernemingen,
Titel XIV,Bepalingen gemeen aan de diverse taksen,
Boek III,Bepalingen gemeen aan de diverse rechten en taksen,
Titel I,Antimisbruik,
Titel II,. - Verjaring en betaling,
Titel III,Controle en boeten,
Titel IV,Strafrechtelijke sancties en procedure,
Titel V,Bepalingen gemeen aan alle belastingen,
Titel VI,Beroepsgeheim,
