title,name,section
BOEK I,Definities,
Titel 1,Algemene definities,
Titel 2,Definities eigen aan bepaalde boeken,
HOOFDSTUK 1,Definities eigen aan boek III,
HOOFDSTUK 2,Definities eigen aan Boek IV,
HOOFDSTUK 3,Definities eigen aan boek V,
HOOFDSTUK 4,Definities eigen aan boek VI,
HOOFDSTUK 5,Definities eigen aan boek VII,
HOOFDSTUK 6,Definities eigen aan boek VIII,
HOOFDSTUK 7,Definities eigen aan boek IX,
HOOFDSTUK 8,Definities eigen aan boek X,
HOOFDSTUK 9,Definities eigen aan boek XI,
HOOFDSTUK 10,Definities eigen aan Boek XII,
HOOFDSTUK 11,Definities eigen aan boek XVI,
HOOFDSTUK 12,Definities eigen aan boek XV,
HOOFDSTUK 13,Definities eigen aan boek XVII,
HOOFDSTUK 13/1,Definities eigen aan boek XIX,
HOOFDSTUK 14,Definities eigen aan boek XX,
BOEK II,Algemene beginselen,
Titel 1,Toepassingsgebied,
Titel 2,Doelstellingen,
Titel 3,Vrijheid van ondernemen,
Titel 4,Raadplegingen,
BOEK III,"Vrijheid van vestiging, dienstverlening en algemene verplichtingen van de ondernemingen",
Titel 1,Vrijheid van vestiging en van dienstverlening,
Hoofdstuk 1,Toepassingsgebied,
Hoofdstuk 2,Vrijheid van vestiging,
Afdeling 1,Vergunningsstelsels,
Afdeling 2,Andere vereisten,
Hoofdstuk 3,Vrijheid van dienstverlening,
Titel 2,Kruispuntbank van Ondernemingen en erkende ondernemingsloketten,
Hoofdstuk 1,Kruispuntbank van Ondernemingen,
Afdeling 1,Oprichting van de Kruispuntbank van Ondernemingen,
Afdeling 2,Inschrijving in de Kruispuntbank van Ondernemingen,
Afdeling 3,Toekenning en gebruik van het ondernemings- en vestigingseenheidsnummer,
Afdeling 4,Toegang en gebruik van de gegevens opgenomen in de Kruispuntbank van Ondernemingen,
Afdeling 5,Realisatie van het principe van de unieke gegevensinzameling,
Afdeling 6,"Inschrijving, wijziging of doorhaling van de onjuiste of ontbrekende gegevens",
Afdeling 7,Bijzondere bepalingen omtrent de werking van de Kruispuntbank van Ondernemingen,
Hoofdstuk 2,Inschrijvingsplichtige ondernemingen,
Afdeling 1,Verplichting tot inschrijving,
Afdeling 2,Verplichting tot wijziging,
Afdeling 3,Verplichting tot doorhaling,
Afdeling 4,"Gemeenschappelijke bepalingen aan de inschrijving, wijziging of doorhaling",
Hoofdstuk 3,Inrichting van de ondernemingsloketten,
Afdeling 1,Instelling en taken van de ondernemingsloketten,
Afdeling 2,Erkenningsvoorwaarden voor de ondernemingsloketten,
Afdeling 3,Verplichtingen van de ondernemingsloketten,
Afdeling 4,Vergoeding van de ondernemingsloketten,
Titel 3,Algemene verplichtingen van de ondernemingen,
Hoofdstuk 1,"Informatie, transparantie en niet-discriminatie",
Afdeling 1,Informatie- en transparantieverplichtingen,
Afdeling 2,Niet-discriminatie van de afnemers,
Hoofdstuk 2,Boekhouding van de ondernemingen,
BOEK IV,Bescherming van de mededinging,
TITEL 1,Mededingingsregels,
HOOFDSTUK 1,Inbreuken op het mededingingsrecht,
HOOFDSTUK 2,Concentraties,
HOOFDSTUK 3,Overheidsondernemingen,
HOOFDSTUK 4,Maatregelen of beslissingen door een vreemde staat,
TITEL 2,Handhaving van het mededingingsrecht,
HOOFDSTUK 1,De Belgische Mededingingsautoriteit,
Afdeling 1,Organisatie,
Onderafdeling 1,Voorzitter en dienst van de voorzitter,
Onderafdeling 2,Mededingingscollege,
Onderafdeling 3,Directiecomité,
Onderafdeling 4,Auditeur-generaal en auditoraat,
Onderafdeling 5,Secretariaat,
Onderafdeling 6,Wraking en tucht,
Onderafdeling 7,"Beroepsgeheim, geheimhoudingsplicht en immuniteit",
Onderafdeling 8,Onverenigbaarheden en belangenconflicten,
Onderafdeling 9,Bijzondere raadgevende commissie Mededinging,
Afdeling 2,Procedures en beslissingen,
Onderafdeling 1,Onderzoeksprocedure,
Onderafdeling 2,Bijzondere onderzoeksregels inzake inbreuken op het mededingingsrecht en niet-naleving van beslissingen,
Onderafdeling 3,Beslissing inzake inbreuken op het mededingingsrecht en niet-naleving van beslissingen,
Onderafdeling 3,Clementieregeling,
Onderafdeling 4,Procedure inzake schikkingen,
Onderafdeling 5,Bijzondere onderzoeksregels inzake concentraties,
Onderafdeling 6,Beslissing inzake concentraties,
Onderafdeling 7,Onderzoek en beslissing tijdens een vereenvoudigde procedure bij concentratie,
Onderafdeling 8,Voorlopige maatregelen,
Onderafdeling 9,Kennisgeving en bekendmaking,
Onderafdeling 10,Samenwerking met de Europese Commissie en de mededingingsautoriteiten van de andere lidstaten van de Europese Unie,
Afdeling 3,Administratieve geldboeten en dwangsommen,
HOOFDSTUK 2,"Prejudiciële vragen, tussenkomsten als amicus curiae en vonnissen en arresten betreffende inbreuken op het mededingingsrecht",
HOOFDSTUK 3,Beroep,
HOOFDSTUK 4,Verjaring,
HOOFDSTUK 5,Taalgebruik,
HOOFDSTUK 6,Overige bepalingen,
BOEK V,De mededinging en de prijsevoluties,
TITEL 1,Algemene bepalingen,
TITEL 2,Prijsvaststelling van geneesmiddelen en gelijkgestelden,
HOOFDSTUK 1,Toepassingsgebied,
HOOFDSTUK 2,Beslissingen tot prijsvaststelling,
Boek VI,Marktpraktijken en consumentenbescherming,
TITEL 1,Algemene principes,
TITEL 2,Informatie van de markt,
HOOFDSTUK 1,Algemene verplichting tot informatie van de consument,
HOOFDSTUK 2,Prijsaanduiding,
HOOFDSTUK 2/1,Betaling door de consument,
HOOFDSTUK 3,"Benaming, samenstelling en etikettering van goederen en diensten",
HOOFDSTUK 4,Aanduiding van de hoeveelheid,
HOOFDSTUK 5,Vergelijkende reclame,
HOOFDSTUK 6,Promoties inzake prijzen,
Afdeling 1,Aankondigingen van prijsverminderingen,
Afdeling 2,Uitverkopen,
Afdeling 3,Opruimingen of solden,
Afdeling 4,Titels die recht geven op terugbetaling of prijsvermindering,
HOOFDSTUK 7,Diverse bepalingen,
TITEL 3,Overeenkomsten met consumenten,
HOOFDSTUK 1,Algemene bepalingen,
HOOFDSTUK 2,Overeenkomsten op afstand,
Afdeling 1,Overeenkomsten op afstand die geen betrekking hebben op financiële diensten,
Afdeling 2,Overeenkomsten op afstand met betrekking tot financiële diensten,
Afdeling 3,Aan dit hoofdstuk gemene bepalingen,
HOOFDSTUK 3,Buiten verkoopruimten gesloten overeenkomsten,
HOOFDSTUK 4,Openbare verkoop,
HOOFDSTUK 5,Gezamenlijk aanbod,
HOOFDSTUK 6,Onrechtmatige bedingen,
HOOFDSTUK 7,Bestelbon,
HOOFDSTUK 8,Bewijsstukken,
HOOFDSTUK 9,Verlenging van overeenkomsten,
TITEL 3/1,Overeenkomsten gesloten tussen ondernemingen,
TITEL 4,Verboden praktijken,
HOOFDSTUK 1,Oneerlijke handelspraktijken jegens consumenten,
Afdeling 1,Toepassingsgebied,
Afdeling 2,Oneerlijke handelspraktijken,
Afdeling 3,Misleidende handelspraktijken,
Afdeling 4,Agressieve handelspraktijken,
HOOFDSTUK 2,Oneerlijke marktpraktijken tussen ondernemingen,
Afdeling 1,Oneerlijke marktpraktijken,
Afdeling 2,Misleidende marktpraktijken,
Afdeling 3,Agressieve marktpraktijken,
Afdeling 4,Oneerlijke marktpraktijken tussen ondernemingen in de landbouw- en voedselvoorzieningsketen,
HOOFDSTUK 3,Ongewenste communicaties,
HOOFDSTUK 4,Verkoop met verlies,
TITEL 5,Collectieve consumentenovereenkomsten,
TITEL 6,Bijzondere regels inzake geregistreerde benamingen,
TITEL 7,Slotbepalingen,
BOEK VII,BETALINGS- EN KREDIETDIENSTEN,
TITEL 1,Algemene principes,
TITEL 2,Toepassingsgebied,
TITEL 3,Betalingsdiensten,
HOOFDSTUK 1,Inleidende bepaling,
HOOFDSTUK 1/1,Vergelijkbaarheid van de in verband met betaalrekeningen aangerekende vergoedingen,
HOOFDSTUK 2,Informatie en voorwaarden die de betalingstransacties en raamcontracten beheersen,
Afdeling 1,Algemene regels,
Afdeling 2,Eenmalige betalingstransacties,
Onderafdeling 1,Toepassingsgebied,
Onderafdeling 2,Voorafgaande informatie en voorwaarden,
Onderafdeling 3,Informatie na initiëring of ontvangst van een betalingsopdracht en na uitvoering van de transactie,
Afdeling 3,Raamcontract en de daaronder vallende afzonderlijke betalingstransacties,
Onderafdeling 1,Toepassingsgebied,
Onderafdeling 2,Voorafgaande informatie en voorwaarden,
Onderafdeling 3,Wijziging van de voorwaarden en opzegging van het raamcontract,
Onderafdeling 4,Afzonderlijke betalingstransacties,
HOOFDSTUK 3,Rechten en plichten met betrekking tot het aanbieden en het gebruik van betalingsdiensten,
Afdeling 1,Algemene regels,
Afdeling 2,Toestaan van betalingstransacties,
Onderafdeling 1,Instemming met de uitvoering van betalingsopdrachten en bevestiging betreffende de beschikbaarheid van geldmiddelen,
Onderafdeling 2,Regels voor de toegang tot betaalrekeningen en voor de toegang tot en het gebruik van informatie over betaalrekeningen,
Onderafdeling 3,Restricties op het gebruik van betaalinstrumenten en op de toegang tot betaalrekeningen door betalingsdienstaanbieders,
Onderafdeling 4,Plichten met betrekking tot betaalinstrumenten en persoonlijke beveiligingsgegevens,
Onderafdeling 5,Kennisgeving en rectificatie van niet-toegestane of onjuist uitgevoerde betalingstransacties,
Onderafdeling 6,Aansprakelijkheid van de betalingsdienstaanbieder voor niet-toegestane betalingstransacties,
Onderafdeling 7,Terugbetalingen van betalingstransacties die door of via de begunstigde zijn geïnitieerd,
Afdeling 3,Uitvoering van betalingstransacties,
Onderafdeling 1,Betalingsopdrachten en overgemaakte bedragen,
Onderafdeling 2,Uitvoeringstermijn en valutadatum,
Afdeling 4,"Aansprakelijkheid in geval van onjuiste unieke identificatoren, niet-uitvoering, gebrekkige uitvoering of niet-tijdige uitvoering van betalingstransacties",
HOOFDSTUK 4,Melding van incidenten,
HOOFDSTUK 5,Geschillenbeslechting en procedures betreffende buitengerechtelijke regeling in het kader van de wet van 11 maart 2018,
HOOFDSTUK 6,Toegang tot rekeningen bij een kredietinstelling,
HOOFDSTUK 7,Geschillenbeslechting,
HOOFDSTUK 8,Toegang tot betaalrekeningen en basisbankdienst,
Afdeling 1,"Betaalrekeningen en basisbankdienst voor consumenten""",
Afdeling 2,Basisbankdienst voor ondernemingen en diplomatieke zendingen,
HOOFDSTUK 9,Uitgifte en terugbetaalbaarheid van elektronisch geld en verbod op rente,
HOOFDSTUK 9/1,Overstapdienst betaalrekeningen,
HOOFDSTUK 10,Gegevensbescherming,
HOOFDSTUK 11,Afwikkelingsvergoedingen,
TITEL 4,Kredietovereenkomsten,
HOOFDSTUK 1,Consumentenkrediet,
Afdeling 1,Kredietpromotie,
Onderafdeling 1,Reclame,
Onderafdeling 2,Leuren,
Onderafdeling 3,Promotieaanbiedingen,
Afdeling 2,Totstandkoming van de kredietovereenkomst,
Onderafdeling 1,Inlichtingen te vragen door de kredietgever en de kredietbemiddelaar,
Onderafdeling 2,Precontractuele informatie,
Onderafdeling 3,Plicht tot bijzondere informatieverstrekking van de kredietbemiddelaar,
Onderafdeling 4,Passende toelichtingen,
Onderafdeling 5,Raadgevingsverbintenissen,
Onderafdeling 6,Onderzoeksplicht,
Onderafdeling 7,Sluiten van de kredietovereenkomst,
Onderafdeling 8,Kredietweigering,
Onderafdeling 9,Bijzondere bepalingen inzake financieringshuur,
Afdeling 3,Herroepingsrecht,
Afdeling 4,Onrechtmatige bedingen,
Onderafdeling 1,Onrechtmatige betalingen,
Onderafdeling 2,Berekening van de debetintresten en veranderlijkheid van de debetrentevoet en de kosten,
Onderafdeling 3,Nevendiensten,
Onderafdeling 4,Ongeoorloofde waarborgen,
Afdeling 5,Uitvoering van de kredietovereenkomst,
Onderafdeling 1,Terbeschikkingstelling van het kredietbedrag,
Onderafdeling 2,Financiering van goederen en diensten,
Onderafdeling 3,Maximale kosten en terugbetalingstermijnen,
Onderafdeling 4,Vervroegde terugbetalingsmodaliteiten en beëindiging,
Onderafdeling 5,Rekeningafschrift,
Onderafdeling 6,Ongeoorloofde debetstand en overschrijding,
Afdeling 6,Overdracht van de kredietovereenkomst en van de vorderingen die voortvloeien uit deze overeenkomst,
Afdeling 7,Niet-uitvoering van de kredietovereenkomst,
Afdeling 8,Zekerheden,
Afdeling 9,Kredietbemiddelaars,
Afdeling 10,Schuldbemiddeling,
Afdeling 11,Verwerking van persoonsgegevens,
Onderafdeling 1,Overmaking van persoonsgegevens,
Onderafdeling 2,Verwerking van gegevens,
HOOFDSTUK 2,Hypothecair krediet,
Afdeling 1,Reclame,
Afdeling 2,Prospectus,
Afdeling 3,Totstandkoming van de kredietovereenkomst,
Onderafdeling 1,Inlichtingen te vragen door de kredietgever en de kredietbemiddelaar,
Onderafdeling 2,Precontractuele informatie,
Onderafdeling 3,Informatievoorschriften voor bemiddelaars inzake hypothecair krediet,
Onderafdeling 4,Passende toelichtingen,
Onderafdeling 5,Algemene gedragsregels,
Onderafdeling 6,Raadgevingsplicht en -diensten,
Onderafdeling 7,Onderzoeksplicht,
Onderafdeling 8,Sluiten van de kredietovereenkomst,
Onderafdeling 9,Wedersamenstelling van kapitaal,
Onderafdeling 10,Kredietweigering,
Afdeling 4,Herroepingsrecht,
Afdeling 5,Onrechtmatige bedingen,
Onderafdeling 1,Onrechtmatige betalingen,
Onderafdeling 2,"Berekening van de debetrente, veranderlijkheid van de periodieke rentevoet, de debetrentevoet, de kosten en van de contractvoorwaarden",
Onderafdeling 3,Nevendiensten,
Onderafdeling 4,Ongeoorloofde waarborgen,
Afdeling 6,Uitvoering van de kredietovereenkomst,
Onderafdeling 1,Terbeschikkingstelling van het kredietbedrag,
Onderafdeling 2,Financiering van goederen en diensten,
Onderafdeling 3,Maximale kosten en terugbetalingstermijnen,
Onderafdeling 4,Vervroegde terugbetalingsmodaliteiten en beëindiging van de kredietovereenkomst,
Onderafdeling 5,Rekeningafschrift,
Onderafdeling 6,Ongeoorloofde debetstand en overschrijding,
Afdeling 7,Overdracht van de kredietovereenkomst en van de vorderingen die voortvloeien uit deze overeenkomst,
Afdeling 8,Niet-uitvoering van de kredietovereenkomst,
Afdeling 9,Betalingsfaciliteiten,
Afdeling 10,Zekerheden,
Afdeling 11,Gedragsregels voor het verstrekken van krediet aan consumenten via kredietbemiddelaars en het betalen van commissielonen en vergoedingen aan kredietbemiddelaars en personeelsleden,
Afdeling 12,Schuldbemiddeling,
Afdeling 13,Verwerking van persoonsgegevens,
Onderafdeling 1,Overmaking van persoonsgegevens,
Onderafdeling 2,Verwerking van gegevens,
HOOFDSTUK 3,Centrale voor Kredieten aan Particulieren,
Afdeling 1,Registratie,
Afdeling 2,Mededeling en raadpleging van gegevens,
Afdeling 3,Diverse bepalingen,
HOOFDSTUK 4,Toegang tot de activiteit van de kredietgevers en de kredietbemiddelaars,
Afdeling 1,Kredietgevers,
Afdeling 2,Kredietgevers naar Belgisch recht,
Onderafdeling 1,Vergunningsvoorwaarden,
Onderafdeling 2,Bedrijfsuitoefeningsvoorwaarden,
Afdeling 3,Kredietgevers naar buitenlands recht,
Onderafdeling 1,Bepaalde gereglementeerde financiële ondernemingen die ressorteren onder het recht van een andere lidstaat,
Onderafdeling 2,Andere kredietgevers naar buitenlands recht,
Afdeling 4,Kredietbemiddelaars,
Afdeling 5,Bemiddelaars inzake hypothecair krediet,
Onderafdeling 1,Algemene bepalingen,
Onderafdeling 2,Inschrijvingsvoorwaarden,
Onderafdeling 3,Inschrijvingsprocedure,
Onderafdeling 4,Vrijheid van vestiging en vrijheid van dienstverrichting,
Afdeling 6,Bemiddelaars inzake consumentenkrediet,
Onderafdeling 1,Algemene bepalingen,
Onderafdeling 2,Inschrijvingsvoorwaarden,
Onderafdeling 3,Inschrijvingsprocedure,
TITEL 5,Burgerlijke sancties,
HOOFDSTUK 1,Betalingsdiensten,
HOOFDSTUK 2,Consumentenkrediet,
HOOFDSTUK 3,Hypothecair krediet,
HOOFDSTUK 4,Gemeenschappelijke bepalingen,
TITEL 6,Buitengerechtelijke regeling van consumentengeschillen,
TITEL 6/1,Waardepapieren,
HOOFDSTUK 1,Algemene bepaling,
HOOFDSTUK 2,De wisselbrief,
Afdeling 1,Uitgifte en vorm van de wisselbrief,
Afdeling 2,Endossement,
Afdeling 3,Acceptatie,
Afdeling 4,Aval,
Afdeling 5,Vervaldag,
Afdeling 6,Betaling,
Afdeling 7,Recht van regres in geval van niet-acceptatie of niet-betaling,
Afdeling 8,Tussenkomst,
Onderafdeling 1,Algemene bepalingen,
Onderafdeling 2,Acceptatie bij tussenkomst,
Onderafdeling 3,Betaling bij tussenkomst,
Afdeling 9,Wisselbrief in verscheidene exemplaren en wisselafschriften,
Onderafdeling 1,Wisselbrief in verscheidene exemplaren,
Onderafdeling 2,Wisselafschriften,
Afdeling 10,Tekstveranderingen,
Afdeling 11,Verjaring,
Afdeling 12,Algemene bepalingen,
HOOFDSTUK 3,Het orderbriefje,
HOOFDSTUK 4,Aanvullende bepalingen,
Afdeling 1,Fondsbezorging,
Afdeling 2,Betaling van vermiste wisselbrieven,
Afdeling 3,Bijzondere bepalingen,
Afdeling 4,Protesten,
HOOFDSTUK 5,De cheque,
Afdeling 1,Uitgifte en vorm van de cheque,
Afdeling 2,Overdracht,
Afdeling 3,Aval,
Afdeling 4,Aanbieding en betaling,
Afdeling 5,Gekruiste cheque en verrekeningscheque,
Afdeling 6,Recht van regres in geval van niet-betaling,
Afdeling 7,Cheque in verscheidene exemplaren,
Afdeling 8,Tekstveranderingen,
Afdeling 9,Verjaring,
Afdeling 10,Algemene bepalingen,
Afdeling 11,Vermiste cheques,
Afdeling 12,Wetsconflicten,
TITEL 7,Slotbepalingen,
BOEK VIII,Kwaliteit van producten en diensten,
Titel 1,Normalisatie,
HOOFDSTUK 1,Algemene bepalingen,
HOOFDSTUK 2,Het Bureau voor Normalisatie,
HOOFDSTUK 3,De Hoge Raad voor Normalisatie,
Titel 2,Accreditatie van instellingen voor de conformiteitsbeoordeling,
Titel 3,"Meeteenheden, de meetstandaarden en de meetinstrumenten",
HOOFDSTUK 1,Wettelijke eenheden,
Afdeling 1,Algemeenheden,
Afdeling 2,Meeteenheden van het internationaal stelsel,
Afdeling 3,Meeteenheden die niet behoren tot het internationaal stelsel,
Afdeling 4,Tabel van de wettelijke meeteenheden,
Afdeling 5,Aanpassing van de wetgeving aan het internationaal stelsel,
Afdeling 6,Gebruik van de meeteenheden,
Afdeling 7,Standaarden en regels,
HOOFDSTUK 2,Meetinstrumenten,
Afdeling 1,Gebruiksregelen,
Afdeling 2,Ijking van de meetinstrumenten,
HOOFDSTUK 3,Gemeenschappelijke bepalingen,
Titel 4,Conformiteit,
Boek IX,Veiligheid van producten en diensten,
HOOFDSTUK 1,Algemene veiligheidsverplichting,
HOOFDSTUK 2,Informatie- en adviesstructuren,
BOEK X,"Handelsagentuurovereenkomsten, commerciële samenwerkingsovereenkomsten, verkoopconcessies en vervoersovereenkomsten",
TITEL 1,Handelsagentuurovereenkomsten,
TITEL 2,Precontractuele informatie in het kader van commerciële samenwerkingsovereenkomsten,
TITEL 3,Eenzijdige beëindiging van voor onbepaalde tijd verleende concessies van alleenverkoop,
Titel 4,Vervoersovereenkomst,
Boek XI,Intellectuele eigendom en bedrijfsgeheimen,
Titel 1,Uitvindingsoctrooien,
HOOFDSTUK 1,Algemeenheden,
HOOFDSTUK 2,Het uitvindingsoctrooi,
Afdeling 1,Algemene bepalingen,
Afdeling 2,Het recht om een uitvindingsoctrooi te bekomen,
Afdeling 3,De aflevering van het uitvindingsoctrooi,
Afdeling 4,Rechten en verplichtingen verbonden aan het uitvindingsoctrooi en aan de aanvraag ervan,
Afdeling 5,Het octrooi en de octrooiaanvraag als deel van het vermogen,
Afdeling 6,"Nietigheid, afstand en herroeping van het uitvindingsoctrooi",
Afdeling 7,Bescherming van de door het uitvindingsoctrooi verleende rechten,
HOOFDSTUK 3,Vertegenwoordiging voor de Dienst,
Afdeling 1,Verplichting tot vertegenwoordiging,
Afdeling 2,Toegang tot het beroep van octrooigemachtigde,
Afdeling 3,Register van erkende gemachtigden,
Afdeling 4,Commissie tot erkenning van de gemachtigden,
Afdeling 5,Instituut voor Octrooigemachtigden,
Afdeling 6,Aspecten verbonden aan het lidmaatschap van het Instituut voor Octrooigemachtigden,
HOOFDSTUK 4,Diverse bepalingen,
HOOFDSTUK 5,Europese octrooien,
HOOFDSTUK 6,Internationale aanvragen,
Titel 2,Aanvullende beschermingscertificaten,
HOOFDSTUK 1,Verlening en verlenging van de duur van het certificaat,
HOOFDSTUK 2,Taksen en vergoedingen,
HOOFDSTUK 3,Herstel,
Titel 3,Kwekersrecht,
HOOFDSTUK 1,Materieel recht,
Afdeling 1,Voorwaarden inzake de verlening van het kwekersrecht,
Afdeling 2,Rechthebbenden of rechtverkrijgenden,
Afdeling 3,Rechtsgevolgen van het kwekersrecht,
Afdeling 4,Duur en beëindiging van het kwekersrecht,
Afdeling 5,Het kwekersrecht als deel van het vermogen,
HOOFDSTUK 2,De Raad en de Commissie,
HOOFDSTUK 3,De procedure voor de Dienst,
Afdeling 1,Partijen in de procedure en gemachtigden,
Afdeling 2,De aanvraag,
Afdeling 3,Het onderzoek,
Afdeling 4,Beslissingen,
Afdeling 5,Instandhouding van het kwekersrecht,
Afdeling 6,Overige procedurevoorschriften,
Afdeling 7,Vergoedingen en taksen,
Afdeling 8,Bijhouden van het register,
HOOFDSTUK 4,Handhaving van de rechten,
Afdeling 1,Namaak,
Afdeling 2,Opeising van het kwekersrecht en identificatie van een ras,
Afdeling 3,Verjaring,
Titel 4,Merken en tekeningen of modellen,
Titel 5,Auteursrecht en naburige rechten,
HOOFDSTUK 1,Algemeenheden,
HOOFDSTUK 2,Auteursrecht,
Afdeling 1,Auteursrecht in het algemeen,
Afdeling 2,Bijzondere bepalingen betreffende de werken van letterkunde,
Afdeling 3,Bijzondere bepalingen betreffende de werken van grafische of beeldende kunst,
Afdeling 4,Bijzondere bepalingen betreffende de audiovisuele werken,
Afdeling 5,Bijzondere bepalingen betreffende databanken,
Afdeling 6,Uitzonderingen op de vermogensrechten van de auteur,
Onderafdeling 1,Algemene uitzonderingen op de vermogensrechten van de auteur,
Onderafdeling 2,Uitzonderingen op de vermogensrechten van de auteur ten behoeve van onderwijs en wetenschappelijk onderzoek,
Onderafdeling 3,Uitlening van werken,
Onderafdeling 4,Verweesde werken,
Onderafdeling 4/1,Niet of niet meer in de handel zijnde werken,
Onderafdeling 5,"Gemeenschappelijke bepalingen voor de onderafdelingen 1, 2, 3, 4 en 4/1",
Afdeling 7,Gemeenschappelijke bepaling betreffende de geluidswerken en audiovisuele werken,
Afdeling 8,Het uitgavecontract,
Afdeling 9,Het opvoeringscontract,
HOOFDSTUK 3,Naburige rechten,
Afdeling 1,Algemene bepaling,
Afdeling 2,Bepalingen betreffende de uitvoerende kunstenaars,
Afdeling 3,Gemeenschappelijke bepalingen betreffende de producenten van fonogrammen en van de eerste vastleggingen van films,
Afdeling 4,Bepaling betreffende de verhuring van fonogrammen en van de eerste vastleggingen van films,
Afdeling 5,Gemeenschappelijke bepalingen betreffende de uitvoerende kunstenaars en de producenten,
Afdeling 6,Bepalingen betreffende de omroeporganisaties,
Afdeling 6/1,Bepalingen betreffende de persuitgevers,
Afdeling 7,Gemeenschappelijke bepalingen voor de afdelingen 1 tot 6/1,
Onderafdeling 1,Algemene uitzonderingen,
Onderafdeling 2,Uitzonderingen ten behoeve van onderwijs en wetenschappelijk onderzoek,
Onderafdeling 3,Uitlening van prestaties,
Onderafdeling 4,Verweesde werken,
Onderafdeling 4/1,Niet of niet meer in de handel zijnde prestaties,
Onderafdeling 5,"Gemeenschappelijke bepalingen voor de onderafdelingen 1, 2, 3, 4 en 4/1",
HOOFDSTUK 4,"Mededeling aan het publiek per satelliet, doorgifte via de kabel, doorgifte, uitzending via directe injectie en ondersteunende onlinediensten van omroeporganisaties",
Afdeling 1,Mededeling aan het publiek per satelliet,
Afdeling 2,Doorgifte via de kabel en doorgifte,
Afdeling 3,Mededeling aan het publiek via directe injectie,
Afdeling 3/1,Ondersteunende onlinediensten van omroeporganisaties,
Afdeling 4,Bepalingen gemeenschappelijk aan de afdelingen 1 tot 3/1,
HOOFDSTUK 4/1,Gebruik van werken en prestaties door verleners van een onlinedienst voor het delen van content,
HOOFDSTUK 4.2,Gebruik van geluids- en/of audiovisuele werken door bepaalde dienstverleners van de informatiemaatschappij,
HOOFDSTUK 5,De vergoeding voor de reproductie voor eigen gebruik van werken en prestaties,
HOOFDSTUK 6,De vergoeding voor reprografie,
HOOFDSTUK 7,Het gebruik van werken of prestaties ten behoeve van onderwijs en wetenschappelijk onderzoek,
HOOFDSTUK 8,Bepalingen inzake openbare uitlening,
HOOFDSTUK 8/1,Bepalingen inzake verweesde werken,
HOOFDSTUK 8/1/1,"Bepalingen inzake niet of niet meer in de handel zijnde werken, prestaties, perspublicaties, computerprogramma's en databanken",
HOOFDSTUK 8/2,Bepalingen inzake toegelaten entiteiten,
HOOFDSTUK 9,Collectief beheer van het auteursrecht en de naburige rechten,
Afdeling 1,Toepassingsgebied,
Afdeling 2,Rechtsvorm,
Afdeling 3,Interacties met de rechthebbenden en organisatie,
Onderafdeling 1,Algemene principes,
Onderafdeling 2,Rechten van de rechthebbenden,
Onderafdeling 3,Organisatie,
Afdeling 4,Beheer van de rechten,
Onderafdeling 1,"Tariferings-, innings- en verdelingsregels",
Onderafdeling 2,Investeringen,
Onderafdeling 3,Verdeling,
Onderafdeling 4,Beheerkosten,
Onderafdeling 5,Kredieten en leningen,
Onderafdeling 6,"Sociale, culturele en educatieve doeleinden",
Onderafdeling 7,Vertegenwoordigingsovereenkomsten,
Afdeling 5,Interacties met gebruikers,
Onderafdeling 1,Inning van de rechten,
Onderafdeling 2,Verhoging van rechten,
Onderafdeling 3,Administratieve vereenvoudiging,
Afdeling 6,Informatie en communicatie,
Onderafdeling 1,Algemene informatie,
Onderafdeling 2,Informatie van de rechthebbenden,
Onderafdeling 3,Informatie in het kader van vertegenwoordigingsovereenkomsten,
Onderafdeling 4,Informatie van de gebruikers,
Onderafdeling 5,Mededeling aan de Controledienst,
Afdeling 7,Klachtenbeheer,
Afdeling 8,Multiterritoriale licenties van onlinerechten inzake muziekwerken met het oog op onlinegebruik ervan,
Afdeling 9,Revisoraal toezicht,
Afdeling 10,Vergunning en verklaring,
HOOFDSTUK 10,Transparantie van het auteursrecht en de naburige rechten,
Afdeling 2,De Controledienst van de beheersvennootschappen,
Afdeling 3,Economische analyse van het auteursrecht en de naburige rechten,
Afdeling 4,Bepalingen gemeenschappelijk aan de afdelingen 1 tot 3,
HOOFDSTUK 11,Toepassingsgebied,
HOOFDSTUK 12,Rechtsbescherming van technische voorzieningen en informatie betreffende het beheer van rechten,
HOOFDSTUK 13,Namaak,
Titel 6,Computerprogramma's,
Titel 7,Databanken,
HOOFDSTUK 1,Begrippen en toepassingsgebied,
HOOFDSTUK 2,Rechten van de producenten van databanken,
HOOFDSTUK 3,Uitzonderingen op het recht van de producenten van databanken,
HOOFDSTUK 4,Rechten en verplichtingen van de rechtmatige gebruikers,
HOOFDSTUK 5,Beschermingsgerechtigden,
HOOFDSTUK 6,Rechtsbescherming van technische voorzieningen en van informatie betreffende het beheer van rechten,
HOOFDSTUK 7,Namaak,
TITEL 7/1,De vergoeding van de uitgevers voor reproducties op papier van hun uitgaven op papier en de vergoeding van de uitgevers voor reproducties voor eigen gebruik van hun uitgaven,
Titel 8,Topografieën van halfgeleiderproducten,
HOOFDSTUK 1,Het exclusief recht op een topografie van een halfgeleiderproduct,
Afdeling 1,Het voorwerp en de houder van het exclusief recht,
Afdeling 2,"Voorwaarden op het stuk van nationaliteit, verblijf of vestiging",
Afdeling 3,De duur en het verstrijken van het exclusief recht,
HOOFDSTUK 2,De beperkingen van het exclusief recht op een topografie van een halfgeleiderproduct,
Titel 8/1,Bedrijfsgeheimen,
Titel 8/2,Gemeenschappelijke bepalingen voor de titels 1 tot 3,
Titel 9,Burgerrechtelijke aspecten van de bescherming van intellectuele eigendomsrechten,
HOOFDSTUK 1,Algemeenheden,
HOOFDSTUK 2,Staking van de inbreuk en andere maatregelen,
HOOFDSTUK 3,Vergoeding van de schade geleden door de namaak,
HOOFDSTUK 4,"Vordering betreffende de toepassing van technische voorzieningen in het kader van het auteursrecht, de naburige rechten en het recht van de producenten van databanken",
Titel 9/1,Burgerrechtelijke aspecten van de bescherming van bedrijfsgeheimen,
HOOFDSTUK 1,Algemeenheden,
HOOFDSTUK 2,Staking van de onrechtmatige praktijk en andere maatregelen,
HOOFDSTUK 3,"Vergoeding van de schade geleden door het onrechtmatig verkrijgen, gebruiken of openbaar maken van een bedrijfsgeheim",
Titel 10,Aspecten van gerechtelijk recht van de bescherming van intellectuele eigendomsrechten en bedrijfsgeheimen,
HOOFDSTUK 1,Bevoegheid inzake uitvindingsoctrooien en aanvullende beschermingscertificaten,
HOOFDSTUK 2,Bevoegdheid inzake kwekersrechten,
HOOFDSTUK 4,Bevoegdheid inzake topografieën van halfgeleiderproducten,
HOOFDSTUK 4/1,Bevoegdheid en procedurele bepalingen inzake bedrijfsgeheimen,
HOOFDSTUK 5,Gemeenschappelijke bepaling,
Boek XII,Recht van de elektronische economie,
Titel 1,Bepaalde juridische aspecten van de diensten van de informatiemaatschappij,
Hoofdstuk 1,Voorafgaande bepalingen,
Hoofdstuk 2,Grondbeginselen,
Afdeling 1,Het beginsel van vrijheid van vestiging,
Afdeling 2,Het beginsel van vrij verrichten van diensten,
Afdeling 3,Afwijkingen van het beginsel van het vrij verrichten van diensten,
Hoofdstuk 3,Informatie en doorzichtigheid,
Hoofdstuk 4,Reclame,
Hoofdstuk 5,Langs elektronische weg gesloten contracten,
Hoofdstuk 6,Aansprakelijkheid van dienstverleners die als tussenpersoon optreden,
Afdeling 1,"""Mere conduit "" (doorgeefluik)",
Afdeling 2,Opslag in de vorm van tijdelijke kopiëring van gegevens,
Afdeling 3,Hosting (host-diensten),
Afdeling 4,Toezichtverplichtingen,
Hoofdstuk 7,De juridische bescherming van diensten van de informatiemaatschappij gebaseerd op of bestaande uit voorwaardelijke toegang,
Hoofdstuk 8,Het registreren van domeinnamen,
Titel 2,Bepaalde regels in verband met het juridisch kader voor vertrouwensdiensten,
Hoofdstuk 1,Toepassingsgebied,
Hoofdstuk 2,Algemene principes,
Hoofdstuk 3,Eisen voor elektronische archiveringsdiensten,
Hoofdstuk 4,Eisen betreffende de diensten van gekwalificeerde elektronische aangetekende zending,
Hoofdstuk 5,"Intrekking, schorsing en verval van de gekwalificeerde certificaten van elektronische handtekening en van elektronisch zegel",
Hoofdstuk 6,De vertrouwende partijen van een gekwalificeerde elektronische handtekening of van een gekwalificeerd elektronisch zegel,
Hoofdstuk 7,Stopzetting van de activiteiten van een gekwalificeerde vertrouwensdienstverlener die een of meer gekwalificeerde vertrouwensdiensten verleent,
Boek XIII,Overleg,
TITEL 1,De Centrale Raad voor het Bedrijfsleven Algemene organisatie,
TITEL 2,Bijzondere raadgevende commissies,
HOOFDSTUK 1,Oprichting,
HOOFDSTUK 2,Samenstelling en werking,
HOOFDSTUK 3,Integratie van bestaande raadgevende commissies,
HOOFDSTUK 4,Door de Centrale Raad voor het Bedrijfsleven ingerichte bijzondere raadgevende commissies,
HOOFDSTUK 5,Bijzondere bepalingen,
Afdeling 1,Behandeling van de adviesaanvraag,
Afdeling 2,Verhouding tussen de Centrale Raad voor het Bedrijfsleven en de bijzondere raadgevende commissies,
Afdeling 3,Bepalingen inzake het secretariaat en het personeel,
Boek XV,Rechtshandhaving,
TITEL 1,De uitoefening van toezicht en de opsporing en vaststelling van inbreuken,
HOOFDSTUK 1,Algemene bevoegdheden,
HOOFDSTUK 1/1,Bescherming en verwerking van persoonsgegevens,
Afdeling 1,Rechten van natuurlijke personen bij de verwerking van persoonsgegevens,
Afdeling 2,De bescherming van persoonsgegevens,
HOOFDSTUK 2,Bijzondere bevoegdheden,
Afdeling 1,De bijzondere bevoegdheden inzake opsporing en vaststelling van inbreuken op boek VI,
Afdeling 2,De bijzondere bevoegdheden inzake opsporing en vaststelling van inbreuken op boek VII,
Onderafdeling 1,Algemene bepalingen,
Onderafdeling 2,De bevoegdheden van de FSMA,
Onderafdeling 3,De bevoegdheden van de Bank,
Afdeling 3,De bijzondere bevoegdheden voor de toepassing van Boek IX,
Afdeling 4,De bijzondere bevoegdheden voor de toepassing van boek XI,
Onderafdeling 1,Bestrijding van namaak en piraterij,
Onderafdeling 2,Collectief beheer van het auteursrecht en naburige rechten en transparantie van het auteursrecht en de naburige rechten,
Afdeling 5,De bijzondere bevoegdheden inzake opsporing en vaststelling van inbreuken op boek XII,
Afdeling 7,De bijzondere bevoegdheden inzake opsporing en vaststelling van inbreuken op boek XVIII,
Afdeling 8,De bijzondere bevoegdheid van het openbaar ministerie en de onderzoeksrechter,
Afdeling 9,Andere bijzondere bevoegdheden,
Afdeling 10,Certificering van de cyberbeveiliging,
Onderafdeling 1,Vrijwillige cyberbeveiligingscertificering,
Onderafdeling 2,Verplichte cyberbeveiligingscertificering,
HOOFDSTUK 3,Waarschuwings- en openbaarmakingsprocedures en herstelmaatregelen,
Afdeling 1,Algemene bepalingen,
Afdeling 2,Transparantie van het auteursrecht en de naburige rechten,
Afdeling 3,Herstelmaatregelen,
Afdeling 4,Openbaarmaking,
HOOFDSTUK 3/1,Bevel en dwangsomprocedures,
HOOFDSTUK 4,Coördinatie en opvolging tussen verschillende overheidsdiensten,
Afdeling 1,Algemeen,
Afdeling 2,Coördinatie en opvolging van de acties in het kader van titel 1 van boek III,
Onderafdeling 1,Toepassingsgebied,
Onderafdeling 2,Principes,
Afdeling 2/1,"Informatieverstrekking aan de FSMA in het kader van boek VII, titel 4, hoofdstuk 4",
Afdeling 3,Bestrijding tegen namaak en piraterij,
TITEL 1/1,Vervolging van de inbreuken,
TITEL 1/2,De administratieve vervolging,
HOOFDSTUK 1,Algemeen,
HOOFDSTUK 2,Verweermiddelen,
HOOFDSTUK 3,Beslissing tot oplegging van een administratieve geldboete,
HOOFDSTUK 4,Beroep,
HOOFDSTUK 5,Betaling van de administratieve geldboete,
HOOFDSTUK 6,Bedrag van de administratieve geldboete,
HOOFDSTUK 7,Bekendmaking,
TITEL 2,De bestuurlijke handhaving,
HOOFDSTUK 1,De transactie,
Afdeling 1,Algemene bepalingen,
Afdeling 2,Bepalingen betreffende boek XI,
Onderafdeling 1,Bestrijding tegen namaak en piraterij,
Onderafdeling 2,Collectief beheer van het auteursrecht en de naburige rechten,
HOOFDSTUK 1/1,De op de administratieve geldboeten toepasselijke regels,
HOOFDSTUK 2,De bestuurlijke sancties,
Afdeling 1,Bestuurlijke sancties in het kader van boek III,
Afdeling 3,Bestuurlijke sancties inzake het auteursrecht en de naburige rechten,
Afdeling 4,Bestuurlijke sancties in het kader van boek XIX,
HOOFDSTUK 3,"Schrapping en andere herstelmaatregelen in het kader van boek VII, titel 4, hoofdstuk 4",
Afdeling 1,Schrapping en andere herstelmaatregelen toepasselijk op kredietgevers en kredietbemiddelaars naar Belgisch recht,
Afdeling 2,Schrapping en andere herstelmaatregelen van toepassing op kredietgevers naar buitenlands recht,
Afdeling 3,Schrapping en andere herstelmaatregelen van toepassing op bemiddelaars inzake hypothecair krediet naar buitenlands recht,
TITEL 3,De strafrechtelijke handhaving van dit Wetboek en zijn uitvoeringsbesluiten,
HOOFDSTUK 1,Algemene bepalingen,
HOOFDSTUK 2,De strafrechtelijk gesanctioneerde inbreuken,
Afdeling 1,De straffen voor de inbreuken op boek III,
Afdeling 2,De straffen voor de inbreuken op Boek IV,
Afdeling 3,De straffen voor de inbreuken op Boek V,
Afdeling 4,De straffen voor de inbreuken op boek VI,
Afdeling 5,De straffen voor de inbreuken op boek VII,
Afdeling 6,De straffen voor de inbreuken op Boek VIII,
Afdeling 7,De straffen voor de inbreuken op Boek IX,
Afdeling 8,De straffen voor inbreuken op boek XI,
Onderafdeling I,Bestrijding van namaak en piraterij,
Onderafdeling 2,Collectief beheer van het auteursrecht en de naburige rechten,
Afdeling 9,De straffen voor de inbreuken op Boek XII,
Afdeling 11,De straffen voor de inbreuken op boek XVI,
Afdeling 11/1,De straffen voor de inbreuken op boek XVII,
Afdeling 11/2,De straffen voor de inbreuken op boek XVIII,
Afdeling 11/2/1,De straffen voor de inbreuken op boek XIX,
Afdeling 11/3,De straffen voor inbreuken op verordeningen van de Europese Unie,
Afdeling 11/4,De straffen voor de inbreuken op het oud Burgerlijk Wetboek,
Afdeling 11/5,De straffen voor inbreuken op andere wetten,
Afdeling 12,Belemmering van toezicht en het niet in acht nemen van maatregelen,
HOOFDSTUK 3,Bijkomende straffen,
Afdeling 1,Definitief of tijdelijk verbod om gereglementeerde verrichtingen uit te oefenen,
Afdeling 2,Verbeurdverklaring,
Afdeling 3,De aanplakking van het vonnis of arrest,
Afdeling 4,Gehele of gedeeltelijke sluiting,
Afdeling 5,Beslag op de ontvangsten,
Boek XVI,Buitengerechtelijke regeling van consumentengeschillen,
Titel 1,Algemene bepaling,
Titel 2,De behandeling van klachten door de ondernemingen,
Titel 3,: De Consumentenombudsdienst,
Hoofdstuk 1,Oprichting en opdrachten,
Hoofdstuk 2,Werking,
Hoofdstuk 3,Bevoegdheden,
Afdeling 1,Informatie,
Afdeling 2,De buitengerechtelijke regeling van consumentengeschillen,
Onderafdeling 1,De ontvangst van de aanvragen,
Onderafdeling 2,Behandeling van consumentengeschillen,
Hoofdstuk 4,De personeelsleden van de Consumentenombudsdienst,
Titel 4,De gekwalificeerde entiteiten voor buitengerechtelijke regeling van consumentengeschillen,
Boek XVII,Bijzondere rechtsprocedures,
TITEL 1,Vordering tot staking,
HOOFDSTUK 1,Algemene bepalingen,
HOOFDSTUK 2,Titularissen van de vordering tot staking,
HOOFDSTUK 3,Bijzondere bepalingen eigen aan boek VI,
HOOFDSTUK 4,Bijzondere bepalingen eigen aan boek XI,
Afdeling 1,Vordering tot staking in geval van inbreuk op een intellectueel eigendomsrecht,
Afdeling 2,Vordering tot staking inzake de controle van de vennootschappen voor het beheer van de auteursrechten en de naburige rechten,
Afdeling 3,"Vordering tot staking in geval van het onrechtmatig verkrijgen, gebruiken of openbaar maken van een bedrijfsgeheim",
HOOFDSTUK 5,Bijzondere bepalingen eigen aan boek XII,
HOOFDSTUK 5/1,Bijzondere bepalingen eigen aan boek XIV,
HOOFDSTUK 6,Intracommunautaire vordering tot staking op het gebied van de bescherming van de consumentenbelangen,
TITEL 2,De rechtsvordering tot collectief herstel,
HOOFDSTUK 1,Algemene bepalingen,
Afdeling 1,Bevoegdheid van de hoven en rechtbanken te Brussel,
Afdeling 2,Ontvankelijkheidsvoorwaarden,
Afdeling 3,Samenstelling van de groep,
Afdeling 4,De groepsvertegenwoordiger,
HOOFDSTUK 2,De procedure,
Afdeling 1,De ontvankelijkheidsfase,
Afdeling 2,De onderhandeling van een akkoord tot collectief herstel,
Afdeling 3,De homologatie van het akkoord tot collectief herstel,
Afdeling 4,Beslissing ten gronde,
Afdeling 5,De uitvoering van het gehomologeerde akkoord of van de beslissing ten gronde,
HOOFDSTUK 3,"Verjaring, tussengeschillen en verband met andere procedures",
Afdeling 1,Verjaring,
Afdeling 2,Tussengeschillen,
Afdeling 3,Verband met andere procedures,
Titel 3,Rechtsvordering tot schadevergoeding voor inbreuken op het mededingingsrecht,
HOOFDSTUK 1,Toepassingsgebied,
HOOFDSTUK 2,Recht op volledige vergoeding,
HOOFDSTUK 3,Bewijsmateriaal,
Afdeling 1,Overlegging van het bewijsmateriaal,
Onderafdeling 1,Algemene beginselen,
Onderafdeling 2,Overlegging van bewijsmateriaal dat zich in het dossier van een mededingingsautoriteit bevindt,
Onderafdeling 3,Sancties,
Afdeling 2,Doorwerking van de nationale beslissingen waarbij een inbreuk op het mededingingsrecht wordt vastgesteld,
Afdeling 3,Doorberekening van meerkosten,
HOOFDSTUK 4,Hoofdelijke aansprakelijkheid,
HOOFDSTUK 5,Schorsende werking van de minnelijke oplossing van geschillen,
HOOFDSTUK 6,Verjaringstermijnen,
BOEK XVIII,Maatregelen voor crisisbeheer,
TITEL 1,Reglementering in crisistijd,
TITEL 2,Opeising in crisistijd,
TITEL 3,Gemeenschappelijke bepalingen,
Boek XIX,Schulden van de consument,
TITEL 1,Betaling van schulden door consumenten aan ondernemingen,
HOOFDSTUK 1,Toepassingsgebied,
HOOFDSTUK 2,Betalingsachterstand,
HOOFDSTUK 3,Schadebedingen,
TITEL 2,Minnelijke invordering van schulden van de consument,
HOOFDSTUK 1,Minnelijke invordering van schulden van de consument,
HOOFDSTUK 2,Activiteit van minnelijke invordering van schulden,
Afdeling 1,Voorafgaande inschrijving,
Afdeling 2,Modaliteiten van uitoefening van de activiteit van minnelijke invordering van schulden,
HOOFDSTUK 3,Burgerlijke sancties,
BOEK XX,Insolventie van de ondernemingen,
Titel 1,Algemene beginselen die van toepassing zijn voor boek XX,
HOOFDSTUK 1,Toepassingsgebied,
HOOFDSTUK 2,Procedureregels,
HOOFDSTUK 3,Register,
HOOFDSTUK 4,Vereffeningsdeskundigen en her-- structureringsdeskundigen,
Afdeling 1,Vereffeningsdeskundigen,
Afdeling 2,Herstructureringsdeskundigen,
Titel II,"Vroegtijdige waarschuwing, kamers voor ondernemingen in moeilijkheden en ondernemingsbemiddeling",
HOOFDSTUK 1,Vroegtijdige waarschuwing,
HOOFDSTUK 2,Kamers voor ondernemingen in moeilijkheden,
Afdeling 1,Ambtshalve onderzoek,
Afdeling 2,Onderzoek op verzoek van de schuldenaar,
Afdeling 3,Ondernemingsbemiddeling,
Titel III,Voorlopige maatregelen,
Titel IV,Minnelijk akkoord buiten gerechtelijke reorganisatie,
Titel V,Algemene bepalingen voor Titel V/I en V/II,
HOOFDSTUK 1,Inleidende bepalingen betreffende titel V/I en V/II,
HOOFDSTUK 2,Gemeenschappelijke bepalingen betreffende de procedures van openbare gerechtelijke reorganisatie en overdracht van onderneming onder gerechtelijk gezag,
Afdeling 1,"Verzoek tot openbare gerechtelijke reorganisatie, overdracht onder gerechtelijk gezag en daarop volgende procedure",
Afdeling 2,Voorwaarden voor de opening van de procedure van openbare gerechtelijke reorganisatie of van overdracht onder gerechtelijk gezag,
Afdeling 3,Vonnis over het verzoek tot openbare gerechtelijke reorganisatie of overdracht onder gerechtelijk gezag en de gevolgen ervan,
Afdeling 4,Voorlopig bestuur en bijstand van een herstructureringsdeskundige,
Afdeling 5,Gevolgen van de beslissing tot reorganisatie of overdracht onder gerechtelijk gezag,
Afdeling 6,Verlenging of wijziging van de opschorting,
Afdeling 7,Wijziging van het doel van de procedure,
Afdeling 8,Voortijdige beëindiging en sluiting van de procedure,
Titel V/I,Gerechtelijke reorganisatie,
HOOFDSTUK 1,Openbare gerechtelijke reorganisatie door een minnelijk akkoord,
HOOFDSTUK 2,Openbare gerechtelijke reorganisatie door een collectief akkoord toepasselijk op de kleine en middelgrote ondernemingen,
Afdeling 1,Toepassingsgebied,
Afdeling 2,Reorganisatieplan,
Afdeling 3,Opstelling en inhoud van het reorganisatieplan,
Afdeling 4,"Neerlegging, goedkeuring en bevestiging van reorganisatieplan"" en waarin de artikelen XX.77 tot en met XX.80 zijn opgenomen",
Afdeling 5,Rechtsmiddelen,
Afdeling 6,Gevolgen van het gehomologeerd reorganisatieplan,
Afdeling 7,Intrekking van het reorganisatieplan en vaststelling van voltooiing van het reoganisatieplan,
HOOFDSTUK 3,Openbare gerechtelijke reorganisatie door een collectief akkoord toepasselijk op de grote ondernemingen,
Afdeling 1,Toepassingsgebied,
Afdeling 2,Reorganisatieplan,
Afdeling 3,Opstelling en inhoud van het reorganisatieplan,
Afdeling 4,"Neerlegging, goedkeuring en bevestiging van reorganisatieplannen",
Afdeling 5,Beëindiging van de procedure en rechtsmiddelen,
Afdeling 6,Gevolgen van het gehomologeerd reorganisatieplan,
Afdeling 7,Intrekking van het plan en vaststelling van voltooiing van het reorganisatieplan,
HOOFDSTUK 4,Besloten gerechtelijke reorganisatieprocedure,
Afdeling 1,Verzoeken en navolgende procedure,
Afdeling 2,Besloten gerechtelijke reorganisatie door een minnelijk akkoord,
Afdeling 3,Besloten gerechtelijke reorganisatie door een collectief akkoord,
Onderafdeling 1,Reorganisatieplan,
Onderafdeling 2,"Opstelling, inhoud en neerlegging van het reorganisatieplan",
Onderafdeling 3,Stemming over het reorganisatieplan,
Onderafdeling 4,Homologatie van het reorganisatieplan,
Afdeling 4,Beëindiging van de procedure en rechtsmiddelen,
Afdeling 5,Gevolgen van het gehomologeerd reorganisatieplan,
Afdeling 6,Intrekking van het plan en vaststelling van voltooiing van het reorganisatieplan,
TITEL V/II,Overdracht onder gerechtelijk gezag,
Titel V/III,Besloten voorbereiding van het faillissement,
Titel VI,Faillissement,
HOOFDSTUK 1,Staking van betaling en faillietverklaring,
HOOFDSTUK 2,Gevolgen van de faillietverklaring,
HOOFDSTUK 3,Beheer en vereffening van de boedel,
Afdeling 1,Aanstelling en wettelijke taken van curatoren en van rechters-commissarissen,
Afdeling 2,Ambtsaanvaarding en opdrachten voor curatoren en rechters-commissarissen,
Afdeling 3,Beheer van het faillissement,
HOOFDSTUK 4,Aangifte en verificatie van schuldvorderingen,
HOOFDSTUK 5,Vereffening van het faillissement,
HOOFDSTUK 6,Kwijtschelding,
HOOFDSTUK 7,Schuldeisers en borgtochten,
Afdeling 1,"Medeschuldenaars, persoonlijke zekerheden en borgen",
Afdeling 2,Pandhoudende schuldeisers en schuldeisers bevoorrecht op roerend goed,
Afdeling 3,Rechten van hypothecaire schuldeisers en van op onroerende goederen bevoorrechte schuldeisers,
Afdeling 4,Gevolgen van het faillissement van de ene echtgenoot ten opzichte van de andere,
Afdeling 5,Gevolgen van het faillissement op de aansprakelijkheid van derden voor de financiering van een nieuwe activiteit,
HOOFDSTUK 8,Uitdeling aan de schuldeisers,
HOOFDSTUK 9,Verkoop van de onroerende goederen van de gefailleerde,
HOOFDSTUK 10,Terugvordering,
Titel VII,Grensoverschrijdende insolventie,
HOOFDSTUK 1,Europese insolventieprocedures,
HOOFDSTUK 2,Overige grensoverschrijdende insolventieprocedures,
Titel VII,Aansprakelijkheidsvorderingen,
Titel IX,Verbodsbepalingen en de rehabilitatie,
HOOFDSTUK 1,Verbodsbepalingen,
HOOFDSTUK 2,Rehabilitatie,
Titel X,Intrekking faillissement,
Titel XI,Evaluatie van de insolventieprocedures,
