title,name,section
EERSTE TITEL,_ Volstrekte bevoegdheid,
EERSTE HOOFDSTUK,_ Voorafgaande bepalingen,
Eerste Afdeling,,
Afdeling II,_ Waarde van de vordering,
Afdeling III,"_ Regels inzake tegenvorderingen en vorderingen tot tussenkomst, inzake aanhangigheid en samenhang",
Afdeling IV,_ Machtiging om in rechte op te treden en aanwijzing van wettelijke vertegenwoordigers om in rechte op te treden,
HOOFDSTUK II,"_ Rechtbank van eerste aanleg, arbeidsrechtbank en ondernemingsrechtbank",
Eerste Afdeling,_ Algemene bepalingen,
Afdeling II,_ Voorzitters van de rechtbanken,
HOOFDSTUK III,Vrederechter,
HOOFDSTUK IIIbis,_ Politierechtbank,
HOOFDSTUK IV,Hof van beroep en arbeidshof,
HOOFDSTUK V,_ Hof van Cassatie,
TITEL II,Aanleg,
TITEL III,Territoriale bevoegdheid,
TITEL IV,_ Regeling van geschillen van bevoegdheid,
EERSTE HOOFDSTUK,_ Algemene bepalingen,
HOOFDSTUK II,_ Regeling van rechtsgebied,
HOOFDSTUK III,_ Onttrekking van de zaak aan de rechter,
HOOFDSTUK IV,_ Bepalingen aan de vorige hoofdstukken gemeen,
