title,name,section
EERSTE BOEK,_ RECHTSBIJSTAND,
HOOFDSTUK I,Omschrijving,
HOOFDSTUK II,Toepassingsgebied,
HOOFDSTUK III,Rechtspleging,
HOOFDSTUK IV,Hoger Beroep,
HOOFDSTUK V,Kosten,
HOOFDSTUK VI,Verhaal door de Staat,
HOOFDSTUK VII,Intrekking,
HOOFDSTUK VIII,Grensoverschrijdende geschillen bedoeld in richtlijn 2003/8/EG,
BOEK II,_ GEDING,
EERSTE TITEL,_ Instelling van de vordering,
EERSTE HOOFDSTUK,_ Vorm waarin de hoofdvordering wordt ingesteld,
Eerste Afdeling,_ Rechtsingang door dagvaarding,
Afdeling II,Vrijwillige verschijning,
HOOFDSTUK II,_ Termijnen van dagvaarding,
HOOFDSTUK III,_ Rol en inschrijving op de rol,
Eerste Afdeling,_ Rol van de zaken,
Afdeling II,_ Inschrijving op de rol,
HOOFDSTUK IV,_ Dossier van de rechtspleging,
HOOFDSTUK IVbis,Gecentraliseerd informaticasysteem voor het beheer van de digitale dossiers,
HOOFDSTUK IVter,Beheer van de interne informaticasystemen en registers van Justitie ter ondersteuning van de rechterlijke orde,
HOOFDSTUK V,Verdeling van de zaken,
HOOFDSTUK VI,Verschijning van de partijen na dagvaarding,
TITEL II,_ Behandeling en berechting van de vordering,
HOOFDSTUK I,Minnelijke oplossingen van geschillen.,
Afdeling 1,Algemene bepaling,
Afdeling II,Minnelijke schikking,
Afdeling III,Kamer voor minnelijke schikking,
HOOFDSTUK II,_ Behandeling en berechting op tegenspraak. Eerste afdeling. _ Behandeling ter inleidende zitting,
Afdeling II,(Mededeling) van de stukken,
Afdeling III,_ Conclusies,
Afdeling IV,_ Bepaling van de rechtsdag en verdaging,
Afdeling V,_ Schriftelijke behandeling,
Afdeling VI,Terechtzitting,
Afdeling VII,Mededeling aan het openbaar ministerie,
Afdeling VIII,_ Berechting van de zaak,
Afdeling IX,_ Uitlegging en verbetering van de rechterlijke beslissing en herstel van het verzuim uitspraak te doen over een punt van de vordering,
HOOFDSTUK III,_ Behandeling en berechting bij verstek,
TITEL III,_ Tussengeschillen en bewijs,
HOOFDSTUK I,_ Tussenvorderingen,
HOOFDSTUK II,_ Tussenkomst,
HOOFDSTUK III,_ Hervatting van geding,
HOOFDSTUK IV,_ Afstand van geding,
HOOFDSTUK V,_ Wraking en verschoning,
HOOFDSTUK VI,Ontkentenis van proceshandelingen,
HOOFDSTUK VII,_ Excepties. Eerste afdeling. _ Exceptie van borgstelling van de eisende vreemdeling,
Afdeling II,_ Opschortende exceptie van boedelbeschrijving en beraad,
Afdeling III,_ Excepties van onbevoegdheid,
Afdeling IV,_ Opschortende exceptie bij oproeping tot vrijwaring,
Afdeling V,_ Excepties van nietigheid,
Afdeling VI,_ Berechting van excepties,
HOOFDSTUK VIII,_ Bewijs,
Eerste Afdeling,_ Voorafgaande bepalingen,
Afdeling II,_ Overlegging van stukken,
Afdeling III,_ Schriftonderzoek,
Afdeling IV,_ Valsheidsprocedure. Eerste onderafdeling_ Algemene bepalingen,
Onderafdeling 2,_ Procedure inzake valsheidsincident vóór het Hof van Cassatie,
Afdeling V,_ Getuigenverhoor. Eerste onderafdeling_ Vonnis waarbij getuigenverhoor wordt toegestaan,
Onderafdeling 2,_ Verschijning van getuigen,
Onderafdeling 3,_ Verhoor van getuigen,
Onderafdeling 4,_ Sluiting van getuigenverhoor en vonnis,
Onderafdeling 5,_ Proces-verbaal van getuigenverhoor,
Onderafdeling 6,_ Woordelijke opname van getuigenverhoor,
Onderafdeling 7,_ Kosten van getuigenverhoor,
Onderafdeling 8,_ Geldigheid van getuigenverhoor en bewijskracht van getuigenissen,
Afdeling Vbis,Overlegging van schriftelijke verklaringen,
Afdeling VI,_ Deskundigenonderzoek,
Onderafdeling 1,Algemene bepaling,
Onderafdeling 2,Wraking van de deskundigen,
Onderafdeling 3,Verloop van het deskundigenonderzoek,
Onderafdeling 4,Beperkte tussenkomst van de deskundigen,
Onderafdeling 5,Kosten en erelonen van deskundigen,
Afdeling VII,_ Verhoor van partijen,
Afdeling 7/1,Het horen van minderjarigen,
Afdeling VIII,_ Eedaflegging,
Afdeling IX,_ Plaatsopneming,
Afdeling X,Vaststelling van overspel bij gerechtsdeurwaarder,
TITEL IV,_ Uitgaven en kosten,
TITEL V,_ Inleiding en behandeling van de vordering op eenzijdig verzoekschrift,
TITEL Vbis,_ Het verzoekschrift op tegenspraak,
TITEL VI,_ Inleiding en behandeling van de vordering in kort geding,
BOEK III,_ RECHTSMIDDELEN,
EERSTE TITEL,_ Algemene bepalingen,
TITEL II,_ Verzet,
TITEL III,_ Hoger beroep,
HOOFDSTUK I,_ Algemene bepalingen,
HOOFDSTUK II,_ Devolutieve kracht van het hoger beroep en recht om de zaak aan zich te trekken,
TITEL IV,_ Voorziening in cassatie,
TITEL IVbis,Cassatieberoep in tuchtzaken,
TITEL V,_ Derdenverzet,
TITEL VI,_ Herroeping van het gewijsde,
TITEL VII,_ Verhaal op de rechter,
BOEK IV,_ BIJZONDERE RECHTSPLEGINGEN,
HOOFDSTUK I,_ Verzegeling en ontzegeling. Eerste afdeling. _ Verzegeling,
Afdeling II,_ Verzet tegen ontzegeling,
Afdeling III,_ Ontzegeling,
Afdeling IV,"_ Verbod van betaling, van teruggave en overdracht",
HOOFDSTUK II,_ Boedelbeschrijving,
HOOFDSTUK III,_ Verwerping van de nalatenschap,
HOOFDSTUK IV,Bepaalde (...) verkopingen van onroerende goederen.,
HOOFDSTUK V,Bepaalde verkopingen van roerende goederen,
HOOFDSTUK VI,Verdeling en veiling van onverdeelde goederen. Eerste afdeling. - Minnelijke verdeling,
Afdeling 2,Gerechtelijke verdeling,
Onderafdeling 1,De inleiding van de vordering en het vonnis dat de gerechtelijke verdeling beveelt,
Onderafdeling 2,De aanstelling van de notaris-vereffenaar,
Onderafdeling 3,De vervanging van de notaris-vereffenaar,
Onderafdeling 4,Het beheer van de onverdeelde boedel,
Onderafdeling 5,Het deskundigenonderzoek,
Onderafdeling 6,Het verloop van de werkzaamheden Algemene bepalingen,
Onderafdeling 7,Hoger beroep,
Afdeling III,_ Bepaling geldend voor de twee vorige afdelingen,
HOOFDSTUK VII,(Vermoeden en verklaring van afwezigheid en gerechtelijke verklaring van overlijden),
HOOFDSTUK VIII,Onbeheerde nalatenschappen,
HOOFDSTUK VIIIbis,Adoptie,
Afdeling 1,Algemene bepaling,
Afdeling 1bis,Bepalingen inzake de geschiktheid om te adopteren,
Onderafdeling 1,Algemene bepaling,
Onderafdeling 2,Procedure houdende vaststelling van de geschiktheid om te adopteren,
Onderafdeling 3,Procedure tot verlenging van de termijn van geschiktheid om te adopteren,
Afdeling 2,Binnenlandse adoptie,
Onderafdeling 1,Totstandkomen van de adoptie op verzoek van de adoptant of van de adoptanten,
Onderafdeling 2,Totstandkoming van de adoptie op verzoek van het openbaar ministerie,
Afdeling 3,Interlandelijke adoptie,
Onderafdeling 2,Procedure houdende vaststelling van de adopteerbaarheid van een kind,
Onderafdeling 3,Totstandkoming van de adoptie,
Afdeling 4,Herroeping van de gewone adoptie en herziening van de adoptie,
Afdeling 5,Beroep,
HOOFDSTUK IX,Voogdij over minderjarigen,
HOOFDSTUK X,Beschermde personen,
Afdeling 1,Procedure van toepassing op de rechterlijke bescherming,
Onderafdeling 1,Indiening van het verzoek,
Onderafdeling 2,Verloop van de gerechtelijke procedure,
Onderafdeling 3,"Kennisgevingen, mededelingen en neerleggingen",
Afdeling 2,Bekendmaking van beschermingsmaatregelen,
Afdeling 2/1,Erkenning en uitvoerbaarverklaring van buitenlandse beschermingsmaatregelen met betrekking tot een meerderjarige en overleg voorafgaand aan de plaatsing van die meerderjarige in België in een instelling of op een plaats waar bescherming kan worden geboden,
Onderafdeling 1,Erkenning en uitvoerbaarverklaring van de buitenlandse beschermingsmaatregelen met betrekking tot een meerderjarige,
Onderafdeling 2,Overleg voorafgaand aan de plaatsing in België van een volwassene in een instelling of op een plaats waar bescherming kan worden geboden en diens plaatsing naar aanleiding van dat voorafgaande overleg,
Onderafdeling 3,Centrale Autoriteit,
Afdeling 3,Het administratief dossier,
Afdeling 4,Het centraal register van de bescherming van de personen,
HOOFDSTUK Xbis,Vorderingen betreffende de rechten en verplichtingen die voortvloeien uit familiale betrekkingen,
HOOFDSTUK XI,"Echtscheiding, scheiding van tafel en bed en scheiding van goederen. Eerste afdeling. - (De echtscheiding op grond van onherstelbare ontwrichting)",
Afdeling II,_ Echtscheiding door onderlinge toestemming,
Afdeling III,_ Scheiding van tafel en bed,
Afdeling V,_ Scheiding van goederen,
HOOFDSTUK XIbis,_ Veranderlijkheid van huwelijksvoorwaarden,
HOOFDSTUK XII,_ Uitkeringen tot levensonderhoud,
HOOFDSTUK XIIbis,Verzoeken betreffende de grensoverschrijdende maatregelen betreffende de ouderlijke verantwoordelijkheid en de bescherming van kinderen,
HOOFDSTUK XIII,_ Hoger bod op vrijwillige vervreemding,
HOOFDSTUK XIV,_ Uitstel van betaling,
HOOFDSTUK XIVbis,_ (Toestaan van betalingsfaciliteiten inzake consumentenkrediet.),
HOOFDSTUK XV,_ Summiere rechtspleging om betaling te bevelen,
HOOFDSTUK XVbis,(Rechtspleging inzake huur van goederen en inzake uithuiszetting),
HOOFDSTUK XVter,Rechtspleging inzake uithuiszetting uit plaatsen betrokken zonder recht of titel,
HOOFDSTUK XVI,"Rechtspleging inzake pacht, (recht van voorkoop en uitgesteld loon in land- en tuinbouw)",
HOOFDSTUK XVII,_ Aanneming van de borg,
HOOFDSTUK XIX,_ Rekening en verantwoording,
HOOFDSTUK XIXbis,Rechtsplegingen inzake intellectuele rechten en bedrijfsgeheimen,
Afdeling 1,Betreffende beslag inzake namaak,
Afdeling 3,Voorlopige maatregelen toepasselijk op bedrijfsgeheimen,
Afdeling 4,Beroep in tuchtzaken betreffende octrooigemachtigden,
HOOFDSTUK XX,_ Bezitsvorderingen,
HOOFDSTUK XXbis,Recht van uitweg,
HOOFDSTUK XXI,_ Middelen om uitgifte of afschrift van een akte te verkrijgen,
HOOFDSTUK XXII,_ Verbetering van akten van de burgerlijke stand,
HOOFDSTUK XXIII,_ De dwangsom,
HOOFDSTUK XXIV,(ingevoegd bij ) Geschillen betreffende de toepassing van een belastingwet,
HOOFDSTUK,Verhalen met betrekking tot de aanpassing van de geslachtsregistratie van een persoon,
HOOFDSTUK XXVI,Geschillen betreffende bepaalde vormen van foutloze aansprakelijkheid,
