title,name,section
EERSTE BOEK,ORGANEN VAN DE RECHTERLIJKE MACHT,
EERSTE TITEL,Hoven en rechtbanken - Leden,
EERSTE HOOFDSTUK,Vrederechter en politierechtbank. Eerste afdeling. - Algemene bepalingen,
Afdeling II,_ Dienst,
HOOFDSTUK II,"_ Arrondissementsrechtbank,rechtbank van eerste aanleg,arbeidsrechtbank en ondernemingsrechtbank",
Afdeling II,_ Arrondissementsrechtbank,
Afdeling III,_ Rechtbank van eerste aanleg,
Afdeling IV,Arbeidsrechtbank,
Afdeling V,Ondernemingsrechtbank,
Afdeling VI,_ Bureau voor rechtsbijstand,
Afdeling VIbis,Tijdelijke verplaatsing van de zetel van een rechtbank of een afdeling van een rechtbank,
Afdeling VII,Plaatsvervangende rechters,
Afdeling VIII,Dienst,
Afdeling IX,Opdracht en aanwijzing van rechters,
Afdeling X,Gelijktijdige benoemingen in verscheidene gerechten,
HOOFDSTUK III,_ Hof van beroep en arbeidshof. Eerste afdeling. - Hof van beroep,
Afdeling 1bis,Plaatsvervangende raadsheren in de hoven van beroep,
Afdeling 2,Arbeidshof,
Afdeling 3,_ Bureau voor rechtsbijstand,
Afdeling 4,_ Dienst,
Afdeling V,(Opdrachten van raadsheren van het ene hof tot het andere),
Afdeling VI,Tijdelijke verplaatsing van de zetel van een hof of een afdeling van een hof,
HOOFDSTUK IV,_ Hof van assisen. Eerste afdeling. _ Algemene bepalingen,
Afdeling II,_ Samenstelling van het hof,
Afdeling III,_ Jury,
Afdeling IV,_ Verhindering en nietigheid,
HOOFDSTUK V,_ Hof van Cassatie. Eerste afdeling. _ Algemene bepalingen,
Afdeling II,Dienst,
Afdeling IIbis,(De referendarissen),
Afdeling III,_ Documentatie en overeenstemming der teksten,
Afdeling IV,(Beheer),
TITEL II,Openbaar ministerie,
TITEL IIbis,Plaatsvervangende magistraten aangewezen uit de op rust gestelde magistraten,
TITEL IIter,(...),
TITEL III,(Gerechtspersoneel),
HOOFDSTUK I,Algemene bepalingen,
HOOFDSTUK II,"Referendarissen en parketjuristen bij de hoven van beroep, de arbeidshoven, en de rechtbanken",
HOOFDSTUK IIbis,De criminologen,
HOOFDSTUK III,Leden van de griffie,
HOOFDSTUK IV,Leden van het parketsecretariaat,
TITEL IIIbis,(...),
HOOFDSTUK V,"Personeel verbonden aan een griffie, een parketsecretariaat of een steundienst",
HOOFDSTUK VI,"Vervanging in overtal van de griffiers, secretarissen en assistenten aangewezen om een rechter in de strafuitvoeringsrechtbank of een substituut-procureur des Konings gespecialiseerd in strafuitvoeringszaken bij te staan",
TITEL IV,Beheer van de rechterlijke organisatie,
HOOFDSTUK I,Algemene beginselen,
HOOFDSTUK II,Centraal beheer,
Afdeling I,Het College van de hoven en rechtbanken,
Afdeling II,Het College van het openbaar ministerie,
Afdeling III,Het gemeenschappelijke beheer voor de Rechterlijke Orde,
HOOFDSTUK III,"Beheerstructuur in de hoven, de rechtbanken en het openbaar ministerie",
HOOFDSTUK IV,Beheersovereenkomsten en beheersplannen,
HOOFDSTUK V,Financieel beheer,
HOOFDSTUK VI,Evaluatie en controle,
Afdeling I,Evaluatie,
Afdeling II,Controle,
HOOFDSTUK VII,Evaluatie van het beheersmodel,
TITEL V,Zetel en personeel van hoven en rechtbanken Hun rechtsgebied,
TITEL VI,(Benoemingsvoorwaarden en loopbaan van magistraten en het gerechtspersoneel),
EERSTE HOOFDSTUK,Vrederechters en rechters in de politierechtbank,
HOOFDSTUK II,"Leden van de rechtbank van eerste aanleg, van de arbeidsrechtbank en van de ondernemingsrechtbank en van het openbaar ministerie",
Afdeling II,Leden van de rechtbank van eerste aanleg,
Afdeling III,Leden van de arbeidsrechtbank,
Afdeling IV,Leden van de ondernemingsrechtbank,
Afdeling V,Bepaling geldend voor de afdelingen III en IV,
HOOFDSTUK IIbis,(...),
HOOFDSTUK III,Leden van het hof van beroep en van het arbeidshof en magistraten van het openbaar ministerie. Eerste afdeling. - Algemene bepalingen,
Afdeling II,Hof van beroep,
Afdeling III,Arbeidshof,
HOOFDSTUK IIIbis,Bepaling gemeen aan de hoofdstukken I tot III,
HOOFDSTUK IV,_ Juryleden. Eerste afdeling. _ Opmaken van de lijsten van gezworenen,
Onderafdeling 2,_ Provinciale lijst,
Onderafdeling 3,_ Definitieve lijst,
Onderafdeling 4,_ Bijzondere lijst voor iedere zaak.,
Afdeling II,_ Samenstelling van de rechtsprekende jury,
HOOFDSTUK V,Leden van het Hof van Cassatie,
HOOFDSTUK Vbis,Hoge Raad voor de Justitie,
Afdeling I,Samenstelling,
Afdeling II,Aanstelling van de leden,
Afdeling III,Duur van het mandaat en onverenigbaarheden,
Afdeling IV,Werking,
Afdeling V,Algemene vergadering van de Hoge Raad,
Afdeling VI,De benoemings- en aanwijzingscommissies,
Afdeling VII,De advies- en onderzoekscommissies,
Afdeling VIII,Gemeenschappelijke bepalingen,
HOOFDSTUK Vter,Benoemings- en aanwijzingsprocedure,
Afdeling I,Benoemingen,
Afdeling II,Procedure van aanwijzing in mandaten,
HOOFDSTUK Vquater,De gerechtelijke stage,
HOOFDSTUK Vquinquies,De evaluatie van magistraten,
Afdeling I,Algemene bepalingen,
Afdeling II,De periodieke evaluatie,
Afdeling III,De evaluatie van mandaten,
Afdeling IIIbis,De evaluatie van bijzondere opdrachten,
Afdeling IV,Beroepscommissie,
HOOFDSTUK Vsexies,Referendarissen bij het Hof van Cassatie,
HOOFDSTUK VI,(Gerechtspersoneel.),
Afdeling I,Selectie- en benoemingsvoorwaarden,
Onderafdeling I,Attachés in de dienst voor documentatie en overeenstemming der teksten bij het Hof van Cassatie,
Onderafdeling II,"Referendarissen en parketjuristen bij de hoven van beroep, de arbeidshoven en de rechtbanken",
Onderafdeling IIbis,Criminologen,
Onderafdeling III,Leden van de griffie,
Onderafdeling IV,Leden van het parketsecretariaat,
Onderafdeling V,"Personeelsleden verbonden aan de griffies, de parketsecretariaten en de steundiensten",
HOOFDSTUK VII,(...),
HOOFDSTUK VIII,(...),
Afdeling II,Selectie,
Afdeling III,Ontwikkeling binnen de loopbaan,
Onderafdeling I,Algemene bepalingen,
HOOFDSTUK VIII,(...),
Onderafdeling II,Bevordering naar niveau A,
Afdeling IV,Evaluatie,
HOOFDSTUK VII,Bepalingen gemeen aan de hoofdstukken I tot VI,
HOOFDSTUK VIII,Definitieve ambtsneerlegging,
BOEK II,GERECHTELIJKE AMBTEN,
EERSTE TITEL I,Voorwaarden voor het uitoefenen van gerechtelijke ambten,
HOOFDSTUK I,"Installatie van de magistraten, de referendarissen, de parketjuristen, de criminologen en de griffiers en hun eedaflegging",
HOOFDSTUK Ibis,(Eedaflegging van de secretarissen.),
HOOFDSTUK II,Onverenigbaarheden. Eerste afdeling. - Cumulatie van ambten,
Afdeling II,Bloed- of aanverwantschap,
HOOFDSTUK III,Deontologische regels,
HOOFDSTUK IV,"Magistraten gemachtigd om een opdracht van algemeen belang te aanvaarden bij een internationale, supranationale of buitenlandse instelling",
HOOFDSTUK IVbis,Magistraten gemachtigd om een opdracht als verbindingsmagistraat in het buitenland te vervullen,
HOOFDSTUK IVter,Magistraten gemachtigd om een opdracht in het Europees Openbaar Ministerie te vervullen,
HOOFDSTUK V,Magistraten gemachtigd om Belgische militaire troepen in het buitenland te vergezellen,
HOOFDSTUK VI,Magistraten gemachtigd om een opdracht te vervullen in het kader van Eurojust,
HOOFDSTUK VII,Parketjurist gemachtigd om een opdracht te vervullen in het kader van Eurojust,
HOOFDSTUK VIII,Gerechtspersoneel gemachtigd om een internationale opdracht uit te oefenen,
TITEL II,Uitoefening van gerechtelijke ambten,
HOOFDSTUK I,Rangorde en voorrang,
Hoofdstuk Ibis,Elektronische lijst van de leden van de rechterlijke orde,
HOOFDSTUK II,Dienst der terechtzittingen,
HOOFDSTUK III,Verhindering en vervanging,
HOOFDSTUK IIIbis,Mutatie en mobiliteit,
HOOFDSTUK IV,Afwezigheid en verlof,
HOOFDSTUK V,Vakantie en vakantiekamers,
HOOFDSTUK VI,Algemene vergaderingen,
HOOFDSTUK VIbis,De korpsvergadering,
HOOFDSTUK VIter,Registratie van de werklast,
HOOFDSTUK VIquater,Middelen van identificatie,
HOOFDSTUK VII,Ambtskledij,
HOOFDSTUK VIIbis,(Bepalingen betreffende de referendarissen bij het Hof van Cassatie en de referendarissen en de parketjuristen.),
HOOFDSTUK VIII,"(Gemeenschappelijke bepalingen geldend voor de leden van de griffies, het personeel van de griffies, de parketten en steundiensten en voor de attaché's in de dienst voor documentatie en overeenstemming der teksten bij het Hof van Cassatie.)",
TITEL III,"Wedden, lonen en werkingskosten",
EERSTE HOOFDSTUK,Wedden van de magistraten der rechterlijke orde,
HOOFDSTUK Ibis,(Wedden van de referendarissen bij het Hof van Cassatie),
HOOFDSTUK Iter,(...),
HOOFDSTUK II,"(Wedden en weddenbijslagen van het niveau A, de griffiers en de secretarissen)",
Afdeling I,Algemene bepalingen,
Afdeling II,Wedden,
Onderafdeling I,Niveau A,
Onderafdeling II,Niveau B (griffiers en secretarissen),
Onderafdeling III,Bevordering in weddeschaal,
Onderafdeling IV,"Weddeschaal in het kader van de bevordering door overgang naar het hogere niveau, de bevordering naar de hogere klasse of de verandering van graad",
Afdeling III,Toelagen en premies,
HOOFDSTUK III,"(Gemeenschappelijke bepalingen voor de hoofdstukken I, Ibis (...) en II.)",
HOOFDSTUK IV,_ Bepalingen betreffende de plaatsvervangende magistraten,
HOOFDSTUK V,(Bepaling geldend voor het personeel van de griffies en de parketsecretariaten en voor de attachés in de Dienst voor Documentatie en Overeenstemming der teksten bij het Hof van Cassatie.),
HOOFDSTUK VI,Werkingskosten,
TITEL IV,"Inruststelling, pensionering en emeritaat",
EERSTE HOOFDSTUK,_ Inruststelling,
HOOFDSTUK II,Pensioen en emeritaat,
HOOFDSTUK IIbis,"(Pensionering en pensioen van de referendarissen bij het Hof van Cassatie en van de referendarissen , de parketjuristen en de criminologen bij de hoven van beroep en bij de rechtbanken van eerste aanleg.)",
TITEL V,Tucht,
HOOFDSTUK I,Bepalingen tot regeling van hiërarchie en toezicht,
HOOFDSTUK II,Tuchtrechtelijke maatregelen,
HOOFDSTUK III,(Bevoegde overheden.),
Afdeling I,Tuchtrechtcolleges,
Afdeling II,(vroeger afdeling IV) De tuchtoverheden,
HOOFDSTUK IV,(vroeger afdeling VI) Tuchtprocedure,
BOEK III,BALIE,
EERSTE TITEL,Algemene Bepalingen,
EERSTE HOOFDSTUK,Advocaten,
HOOFDSTUK II,Rechten en plichten van de advocaten,
HOOFDSTUK III,_ Stafhouder en Raad van de Orde,
HOOFDSTUK IV,Tucht,
Afdeling 1,Tuchtraden,
Afdeling 2,Tuchtraden in beroep,
Afdeling 3,Diverse bepalingen,
TITEL 1bis,Uitoefening in België van het beroep van advocaat door advocaten die onderdaan zijn van een lidstaat van de Europese Unie,
HOOFDSTUK I,Vrij verrichten van diensten,
HOOFDSTUK II,Vrijheid van vestiging,
TITEL II,Advocaten bij het Hof van Cassatie,
TITEL III,_ (Orde van Vlaamse Balies en Ordre des Barreaux francophones et germanophone.),
HOOFDSTUK I,(Algemene bepalingen.),
HOOFDSTUK II,(Organisatie en werking.),
HOOFDSTUK III,(Bevoegdheden.),
HOOFDSTUK IV,(Overgangsbepalingen.),
BOEK IIIbis,(JURIDISCHE EERSTE- EN TWEEDELIJNSBIJSTAND),
HOOFDSTUK I,(Algemene bepaling),
HOOFDSTUK II,(Commissie voor juridische bijstand),
HOOFDSTUK III,(Juridische eerstelijnsbijstand),
HOOFDSTUK IV,(Gedeeltelijk of volledig kosteloze juridische tweedelijnsbijstand.),
Afdeling I,(Organisatie.),
Afdeling II,(Toekenning van de gedeeltelijke of volledige kosteloosheid.),
HOOFDSTUK V,(De vergoeding van de advocaten),
HOOFDSTUK Vbis,Kosten verbonden aan de organisatie van de bureaus voor juridische bijstand,
HOOFDSTUK VI,Terugvordering van de rijksvergoeding - Recht van de advocaat op de betaling van vergoedingen,
HOOFDSTUK VII,(De ambtshalve toevoeging van advocaten),
HOOFDSTUK VIII,Grensoverschrijdende geschillen bedoeld in richtlijn 2003/8/EG,
BOEK IV,Gerechtsdeurwaarders,
HOOFDSTUK I,"Titel, statuut, benoeming, eed en vestiging",
HOOFDSTUK II,Taken en bevoegdheden van de gerechtsdeurwaarder,
HOOFDSTUK III,Onverenigbaarheden,
HOOFDSTUK IV,"Tarief, boekhouding, derdengelden en kwaliteitsrekening",
HOOFDSTUK V,"Continuïteit van de openbare dienst, voortzetting van de activiteit, overdracht van dossiers en andere bestanddelen van het kantoor van een gerechtsdeurwaarder",
HOOFDSTUK VI,Plaatsvervanging,
HOOFDSTUK VII,Tucht,
Afdeling I,Tuchtstraffen,
Afdeling II,Tuchtprocedure voor de tuchtcommisie,
HOOFDSTUK VIII,Arrondissementskamers van gerechtsdeurwaarders,
HOOFDSTUK IX,Nationale Kamer van Gerechtsdeurwaarders,
HOOFDSTUK X,Algemene bepaling,
BOEK IVbis,Tucht voor notarissen en gerechtsdeurwaarders,
HOOFDSTUK I.,"Tuchtstraffen, bewarende en ondersteunende maatregelen en preventieve schorsing",
,"Elk lid van een genootschap van notarissen of een erenotaris die door zijn gedrag afbreuk doet aan de waardigheid van het notariaat of aan zijn plichten verzuimt, kan een tuchtstraf oplopen. Elke gerechtsdeurwaarder of kandidaat-gerechtsdeurwaarder die voorkomt op het tableau bedoeld in artikel 552, § 2, die door zijn gedrag afbreuk doet aan de waardigheid van het gerechtsdeurwaarderskorps of die zijn plichten verzuimt, kan een tuchtstraf oplopen. Deze tuchtstraffen zijn: - de terechtwijzing; - de blaam; - de tuchtrechtelijke geldboete van 125 euro tot 25.000 euro, die door de Schatkist wordt geïnd; - voor wat de gerechtsdeurwaarders betreft: de uitsluiting uit alle beroepsorganen vernoemd in boek VI, gedurende maximaal vijf jaar de eerste maal, en tien jaar in geval van herhaling; - de schorsing; - de afzetting of, al naargelang het geval, het ontnemen van de eretitel, de titel van kandidaat-gerechtsdeurwaarder of van kandidaat-notaris. De tuchtrechtelijke geldboete en de uitsluiting uit beroepsorganen kan samen met een andere tuchtstraf worden opgelegd. De afzetting van een notaris of een gerechtsdeurwaarder houdt van rechtswege het verlies van de titel van kandidaat-notaris of kandidaat-gerechtsdeurwaarder in. De tuchtraad bedoeld in artikel 555/5bis kan, in voorkomend geval onder de bijzondere voorwaarden die hij bepaalt, de uitspraak van de veroordeling opschorten of de uitvoering van de tuchtsanctie uitstellen. Bij niet naleving van de bepaalde voorwaarden, roept de voorzitter de betrokkene ambtshalve of op verzoek van het auditoraat bij de Nationale Kamer van notarissen of het auditoraat bij de Nationale Kamer van Gerechtsdeurwaarders op om op een zitting van de tuchtraad te verschijnen met het oog op het horen uitspreken van een tuchtstraf. De Nationale Kamer van Gerechtsdeurwaarders of de Nationale Kamer van notarissen staan in voor de publieke bekendmaking van het niet actief statuut ten gevolge van de definitief geworden beslissingen van schorsing, afzetting en het ontnemen van de titel in de door haar gehouden elektronische lijst bedoeld in artikel 91, eerste lid, 12° van de wet van 16 maart 1803 op het notarisambt of artikel 555/1, 15° en een geanonimiseerde interne bekendmaking van alle in kracht van gewijsde gegane veroordelingen. Enkel het niet actief statuut wordt bekendgemaakt in de voormelde elektronische lijst en in geen geval de oorzaak van de inactiviteit. De anonimisering van de gegevens voor de interne bekendmaking van de veroordelingen houdt de verwijdering uit de tuchtrechtelijke beslissingen in van elk element dat de betrokkenen direct of indirect zou kunnen identificeren, met inbegrip van feitelijke beschrijvingen aan de hand waarvan de betrokkenen opnieuw zouden kunnen worden geïdentificeerd",
HOOFDSTUK II,Organen bevoegd voor de tucht,
HOOFDSTUK III.,De tuchtprocedure,
,"§ 1. Wanneer de bevoegde instantie een zaak aanhangig maakt bij de bevoegde tuchtkamer, bij aangetekende zending, gerechtsdeurwaardersexploot of het digitale kanaal dat door de Nationale Kamer van notarissen en de Nationale Kamer van Gerechtsdeurwaarders daartoe is aangeduid, verzoekt deze instantie de voorzitter van de bevoegde tuchtkamer om de samenstelling van de bevoegde tuchtkamer die zal oordelen mee te delen en maakt het dossier over aan de griffie. De voorzitter duidt daartoe de twee assessoren aan die zullen zetelen uit de beroepsgroep van degene aan wie een feit ten laste wordt gelegd. De aangestelde notarissen-assessoren mogen niet behoren tot het genootschap waartoe betrokkene aan wie een feit ten laste wordt gelegd behoort of mogen geen standplaats hebben die paalt aan de standplaats van betrokkene of geen deel uitmaken van een associatie die een kantoor heeft dat paalt aan de standplaats van betrokkene. De aangestelde gerechtsdeurwaarders-assessoren mogen hun kantoor niet hebben in het gerechtelijk arrondissement waar de betrokkene aan wie feiten worden ten laste gelegd, zijn kantoor heeft of ingeschreven is op het tableau van kandidaat-gerechtsdeurwaarders, noch mogen zij met de betrokkene geassocieerd zijn of zich beiden in een formeel samenwerkingsverband bevinden. De voorzitter bepaalt dag en uur van de eerste zitting. § 2. De griffier brengt de instantie die de tuchtprocedure heeft ingesteld op de hoogte van deze beslissingen. De griffier roept de betrokkene bij aangetekende zending, gerechtsdeurwaardersexploot of het digitale kanaal dat door de Nationale Kamer van notarissen en de Nationale Kamer van Gerechtsdeurwaarders daartoe is aangeduid op om voor de bevoegde tuchtkamer te verschijnen. In de oproeping vermeldt de griffier het aan de betrokkene ten laste gelegd feit, de tuchtstraf die door de instantie die de tuchtprocedure heeft ingesteld wordt gevorderd alsook de plaats waar en de uren waarop hij kennis kan nemen van het dossier. Dezelfde oproeping vermeldt de instantie die de tuchtprocedure heeft ingesteld en de samenstelling van de tuchtkamer die zal oordelen. Een afschrift van de oproeping wordt verzonden aan de procureur des Konings die bevoegd is voor de standplaats van betrokkene. Indien de instantie die de tuchtprocedure heeft ingesteld kennis heeft genomen van de zaak ingevolge een klacht, stelt zij de klager eveneens op de hoogte. § 3. De betrokkene kan zich laten bijstaan door een advocaat, of al naargelang het geval, door een notaris, een kandidaat-notaris, een erenotaris, of door een gerechtsdeurwaarder, een kandidaat-gerechtsdeurwaarder of een eregerechtsdeurwaarder. De betrokkene, de procureur des Konings, de instantie die de tuchtprocedure heeft ingesteld en de klager kunnen uiterlijk binnen acht dagen na de oproeping bij de griffie van de tuchtraad een verzoek indienen om getuigen te horen en kunnen binnen dezelfde termijn stukken ter staving neerleggen. De tuchtkamer roept de getuigen op binnen een termijn van acht dagen na ontvangst van het verzoek. De bevoegde tuchtkamer roept de klager, de procureur des Konings, de belanghebbende derden, alsook, al naar gelang het geval, de notarissen of gerechtsdeurwaarders die rechtstreeks of onrechtstreeks bij het dossier betrokken zijn, en die de wens hebben geuit gehoord te worden op de zitting, op. Zij kunnen bijgestaan worden door een advocaat, of, al naargelang het geval, een notaris, een kandidaat-notaris of een erenotaris of door een gerechtsdeurwaarder, een kandidaat-gerechtsdeurwaarder of een eregerechtsdeurwaarder. De bevoegde tuchtkamer kan de personen oproepen die zij wenst te horen. § 4. Op straffe van verjaring wordt de tuchtprocedure ingesteld binnen twee jaar te rekenen vanaf de kennisneming van de feiten door de instantie die bevoegd is deze tuchtprocedure in te stellen",
BOEK V,"Gerechtsdeskundigen en de beëdigd vertalers, tolken en vertalers-tolken",
