title,name,section
EERSTE TITEL,_ VOORAFGAANDE REGELS,
HOOFDSTUK I,_ Algemene bepalingen,
HOOFDSTUK Ibis,"Centraal bestand van berichten van beslag, delegatie, overdracht, collectieve schuldenregeling en protest",
Afdeling I,"Inrichting van een centraal bestand van berichten van beslag, delegatie, overdracht, collectieve schuldenregeling en protest",
Afdeling II,(Beheer en toezicht),
Afdeling III,"(Registratie, mededeling en raadpleging van de gegevens)",
HOOFDSTUK Ibis/1,Centraal register voor Europees conservatoir beslag op bankrekeningen,
HOOFDSTUK Iter,(Andere bepalingen),
HOOFDSTUK Iquater,"Centraal bestand van vonnissen, arresten en akten houdende toekenning van een onderhoudsuitkering",
HOOFDSTUK Iquinquies,Invordering van onbetwiste geldschulden,
HOOFDSTUK II,Beslagrechter,
HOOFDSTUK III,Voorlopige tenuitvoerlegging,
HOOFDSTUK IV,Kantonnement,
HOOFDSTUK V,Goederen die niet in beslag kunnen worden genomen,
TITEL II,BEWAREND BESLAG,
HOOFDSTUK I,Algemene bepalingen,
HOOFDSTUK II,Bewarend beslag op roerend goed,
HOOFDSTUK III,Bewarend beslag op onroerend goed,
HOOFDSTUK IV,_ Bewarend beslag onder derden,
HOOFDSTUK V,_ Pandbeslag,
HOOFDSTUK VI,_ Beslag tot terugvordering,
HOOFDSTUK VII,_ Bewarend beslag op zeeschepen en binnenschepen,
HOOFDSTUK VIII,Beslag inzake namaak,
HOOFDSTUK IX,Rechtspleging tot omzetting van bewarend beslag in uitvoerend beslag,
TITEL III,_ GEDWONGEN TENUITVOERLEGGING,
EERSTE HOOFDSTUK,_ Algemene bepalingen,
HOOFDSTUK II,_ Uitvoerend beslag op roerend goed,
HOOFDSTUK III,Beslag op tak- en wortelvaste vruchten,
HOOFDSTUK IV,_ Uitvoerend beslag onder derden,
HOOFDSTUK V,_ Uitvoerend beslag op zeeschepen en binnenschepen,
HOOFDSTUK VI,Uitvoerend beslag op onroerend goed,
HOOFDSTUK VII,_ Evenredige verdeling,
HOOFDSTUK VIII,_ Rangregeling,
HOOFDSTUK IX,_ Evenredige verdeling en rangregeling in geval van beslag op zeeschepen en binnenschepen,
TITEL IV,Collectieve schuldenregeling,
HOOFDSTUK I,Procedure van collectieve schuldenregeling,
Afdeling 1,Algemene bepalingen,
Afdeling 2,Inleiding van de procedure,
Afdeling 3,Minnelijke aanzuiveringsregeling,
Afdeling 4,Gerechtelijke aanzuiveringsregeling,
Afdeling 4bis,De totale kwijtschelding van de schulden,
Afdeling 5,Bepalingen gemeenschappelijk aan beide procedures,
HOOFDSTUK II,De schuldbemiddelaar,
HOOFDSTUK III,Het centraal register collectieve schuldenregelingen,
