title,name,section
TITEL I,KIEZERS,
TITEL II,"(KIEZERSLIJST, BEZWAAR EN BEROEP.)",
HOOFDSTUK I,(KIEZERSLIJST.),
HOOFDSTUK II,(BEZWAREN BIJ HET COLLEGE VAN BURGEMEESTER EN SCHEPENEN.),
HOOFDSTUK III,(BEROEP BIJ HET HOF VAN BEROEP.),
HOOFDSTUK IV,(ALGEMENE BEPALINGEN.),
TITEL III,INDELING VAN DE KIEZERS EN VAN DE STEMBUREAUS,
HOOFDSTUK I,STEMBUREAUS,
HOOFDSTUK II,OPROEPING VAN DE KIEZERS,
TITEL IV,KIESVERRICHTINGEN,
HOOFDSTUK I,HANDHAVING VAN DE ORDE,
HOOFDSTUK II,KANDIDAATSTELLING EN STEMBILJETTEN,
HOOFDSTUK III,INRICHTING VAN DE STEMLOKALEN EN STEMMING,
HOOFDSTUK IIIbis,STEMMING BIJ VOLMACHT,
HOOFDSTUK IIIter,(...),
HOOFDSTUK IV,TELLING VAN DE STEMMEN,
HOOFDSTUK IV/1,Het afsluiten van de telverrichtingen en het doorsturen van de processen-verbaal,
HOOFDSTUK V,Zetelverdeling voor de verkiezing van de Kamer van volksvertegenwoordigers,
HOOFDSTUK Vbis,"Zetelverdeling voor de verkiezing van de Kamer van volksvertegenwoordigers in de kieskringen Brussel-Halle-Vilvoorde, Leuven en Waals-Brabant. (NOTA : Bij arrest nr 73/2003 van 26 mei 2003, B.S. 06-06-2003, p. 30897-30905, heeft het Arbitragehof artikel 11 van de W 2002-12-13/40 vernietigd)",
HOOFDSTUK VII,AANWIJZING VAN DE VERKOZENEN,
HOOFDSTUK VIII,BIJZONDERE EN DIVERSE BEPALINGEN,
TITEL IVBIS,"Stemming van de Belgen, die in buitenland verblijven",
HOOFDSTUK I,Algemene bepalingen,
Afdeling 1,Principes,
Afdeling 2,Formulier voor aanvraag tot inschrijving als kiezer Vaststelling en mededeling van de kiezerslijst,
HOOFDSTUK II,De verschillende wijzen van stemmen,
Afdeling 1,De persoonlijke stemming in een Belgische gemeente,
Afdeling 2,De stemming bij volmacht in een Belgische gemeente,
Afdeling 3,De persoonlijke stemming in de consulaire beroepsposten,
Afdeling 4,De stemming bij volmacht in de consulaire beroepsposten,
Afdeling 5,De stemming per briefwisseling,
TITEL V,STRAFFEN,
TITEL VI,SANCTIE OP DE STEMPLICHT,
TITEL VII,Aanwijzing van de senatoren,
HOOFDSTUK I,Algemene bepaling,
HOOFDSTUK II,Aanwijzing van de deelstaatsenatoren,
Afdeling 1,"Zetelverdeling voor de door het Vlaams Parlement, het Parlement van de Franse Gemeenschap, het Waals Parlement en de Franse taalgroep van het Brussels Hoofdstedelijk Parlement aangewezen senatoren",
Onderafdeling 1,Algemene bepalingen,
Onderafdeling 2,Verklaring van samenhang,
Onderafdeling 3,Samenvattende tabellen van de kieskringhoofdbureaus voor de verkiezing van het Vlaams Parlement en het Waals Parlement en van het gewestbureau voor de verkiezing van het Brussels Hoofdstedelijk Parlement en de Brusselse leden van het Vlaams Parlement,
Onderafdeling 4,Vaststelling van de zetelverdeling voor de senatoren aangewezen door het Vlaams Parlement,
Onderafdeling 5,"Vaststelling van de zetelverdeling voor de senatoren aangewezen door het Waals Parlement, het Parlement van de Franse Gemeenschap en de Franse taalgroep van het Brussels Hoofdstedelijk Parlement",
Afdeling 2,Aanwijzing van de senatoren door de bevoegde Gemeenschaps- en Gewestparlementen,
Onderafdeling 1,Aanwijzing van de senatoren door het Vlaams Parlement,
Onderafdeling 2,"Aanwijzing van de senatoren door het Waals Parlement, het Parlement van de Franse Gemeenschap en de Franse taalgroep van het Brussels Hoofdstedelijk Parlement",
Onderafdeling 3,"Vacature van een zetel van een senator aangewezen door het Vlaams Parlement, het Waals Parlement, het Parlement van de Franse Gemeenschap of de Franse taalgroep van het Brussels Hoofdstedelijk Parlement",
Onderafdeling 4,Aanwijzing van senatoren door het Parlement van de Duitstalige Gemeenschap,
HOOFDSTUK III,Aanwijzing van de gecoöpteerde senatoren,
Afdeling 1,Zetelverdeling voor de gecoöpteerde senatoren,
Onderafdeling 1,Algemene bepalingen,
Onderafdeling 2,Verklaring van samenhang,
Onderafdeling 3,Samenvattende tabellen van de kieskringhoofdbureaus voor de verkiezing van de Kamer van volksvertegenwoordigers,
Onderafdeling 4,Vaststelling van de zetelverdeling van de gecoöpteerde senatoren,
Afdeling 2,Aanwijzing van de gecoöpteerde senatoren,
TITEL VIII,VERKIESBAARHEID (...),
TITEL IX,DIVERSE BEPALINGEN,
