title,name,section
BOEK III,Wijze van eigendomsverkrijging,
TITEL VI,KOOP,
HOOFDSTUK I,AARD EN VORM VAN DE KOOP,
HOOFDSTUK II,WIE KOPEN OF VERKOPEN KAN,
HOOFDSTUK III,ZAKEN DIE VERKOCHT KUNNEN WORDEN,
HOOFDSTUK IV,VERPLICHTINGEN VAN DE VERKOPER,
AFDELING I,ALGEMENE BEPALINGEN,
AFDELING II,LEVERING,
AFDELING III,VRIJWARING,
Afdeling IV,Bepalingen met betrekking tot de verkopen aan consumenten,
HOOFDSTUK V,VERPLICHTINGEN VAN DE KOPER,
HOOFDSTUK VI,NIETIGHEID EN ONTBINDING VAN DE KOOP,
AFDELING I,RECHT VAN WEDERINKOOP,
AFDELING II,VERNIETIGING VAN DE KOOP UIT HOOFDE VAN BENADELING,
HOOFDSTUK VII,VEILING VAN ONVERDEELDE GOEDEREN,
HOOFDSTUK VIII,OVERDRACHT VAN SCHULDVORDERINGEN EN ANDERE ONLICHAMELIJKE RECHTEN,
TITEL VIbis,Overeenkomsten voor de levering van digitale inhoud en digitale diensten,
HOOFDSTUK I.,Definities en toepassingsgebied,
HOOFDSTUK II.,Levering van de digitale inhoud of digitale dienst,
HOOFDSTUK III.,Conformiteit van de digitale inhoud of digitale dienst,
Afdeling 1,Conformiteitsvereisten,
Afdeling 2,Subjectieve conformiteitsvereisten,
Afdeling 3,Objectieve conformiteitsvereisten,
Afdeling 4,Verkeerde integratie van de digitale inhoud of digitale dienst,
HOOFDSTUK IV.,Aansprakelijkheid van de handelaar,
HOOFDSTUK V.,Remedies in geval van leveringsverzuim en van conformiteitsgebrek,
Afdeling 1.,Remedies in geval van leveringsverzuim,
Afdeling 2.,Remedies in geval van conformiteitsgebrek,
HOOFDSTUK VI.,Verplichtingen van de handelaar bij ontbinding,
HOOFDSTUK VII.,Verbintenissen van de consument bij ontbinding,
HOOFDSTUK VIII.,Termijnen en middelen voor terugbetaling door de handelaar,
HOOFDSTUK IX,Recht op verhaal,
HOOFDSTUK X.,Wijziging van de digitale inhoud of digitale dienst,
HOOFDSTUK XI.,Dwingend karakter,
HOOFDSTUK XII.,Sancties,
TITEL VII,RUIL,
TITEL VIII,HUUR,
HOOFDSTUK I,ALGEMENE BEPALINGEN,
HOOFDSTUK II,HUUR VAN GOEDEREN,
AFDELING I,(ALGEMENE BEPALINGEN BETREFFENDE DE HUUR VAN ONROERENDE GOEDEREN),
AFDELING II,REGELS BETREFFENDE DE HUUROVEREENKOMSTEN MET BETREKKING TOT DE HOOFDVERBLIJFPLAATS VAN DE HUURDER IN HET BIJZONDER. (Voor de autonome Tekst : 1991-02-20/32),
AFDELING II. WAALS_GEWEST,"<Opgeheven wat betreft de woninghuurovereenkomst bij DWG 2018-03-15/13, art. 92,§1, 022; Inwerkingtreding : 01-09-2018>",
AFDELING IIbis,REGELS BETREFFENDE DE HANDELSHUUR IN HET BIJZONDER. (Voor de autonome Tekst : 1951-04-30/30),
AFDELING III,REGELS BETREFFENDE DE PACHT IN HET BIJZONDER. (Voor de autonome Tekst : 1969-11-04/31),
HOOFDSTUK III,HUUR VAN WERK EN VAN DIENSTEN,
AFDELING I,HUUR VAN DIENSTBODEN EN WERKLIEDEN,
AFDELING II,ONDERNEMERS VAN VERVOER TE LAND EN TE WATER,
AFDELING III,BESTEKKEN EN AANNEMINGEN,
HOOFDSTUK IV,VEEPACHT,
AFDELING I,ALGEMENE BEPALINGEN,
AFDELING II,EENVOUDIGE VEEPACHT,
AFDELING III,VEEPACHT BIJ HELFTEN,
AFDELING IV,VEEPACHT DOOR DE EIGENAAR TOEGESTAAN AAN ZIJN PACHTER OF ZIJN DEELPACHTER. § I. VEEPACHT AAN DE PACHTER TOEGESTAAN,
AFDELING V,CONTRACT ONEIGENLIJK VEEPACHT GENOEMD,
TITEL IX,(VENNOOTSCHAPPEN),
HOOFDSTUK I,ALGEMENE BEPALINGEN,
HOOFDSTUK II,VERSCHILLENDE SOORTEN VAN VENNOOTSCHAPPEN,
AFDELING I,ALGEMENE VENNOOTSCHAPPEN,
AFDELING II,BIJZONDERE VENNOOTSCHAP,
HOOFDSTUK III,VERPLICHTINGEN VAN DE VENNOTEN ONDERLING EN TEN AANZIEN VAN DERDEN,
AFDELING I,VERPLICHTINGEN VAN DE VENNOTEN ONDERLING,
AFDELING II,VERPLICHTINGEN VAN DE VENNOTEN TEN AANZIEN VAN DERDEN,
HOOFDSTUK IV,VERSCHILLENDE WIJZEN WAAROP DE VENNOOTSCHAP EINDIGT,
TITEL X,LENING,
HOOFDSTUK I,BRUIKLENING OF COMMODAAT,
AFDELING I,AARD VAN DE BRUIKLENING,
AFDELING II,VERPLICHTINGEN VAN DE LENER,
AFDELING III,VERPLICHTINGEN VAN DEGENE DIE IN BRUIKLEEN GEEFT,
HOOFDSTUK II,VERBRUIKLENING OF EENVOUDIGE LENING,
AFDELING I,AARD VAN DE VERBRUIKLENING,
AFDELING II,VERPLICHTINGEN VAN DE UITLENER,
AFDELING III,VERPLICHTINGEN VAN DE LENER,
HOOFDSTUK III,LENING OP INTEREST,
TITEL XI,BEWAARGEVING EN SEKWESTER,
HOOFDSTUK I,BEWAARGEVING IN HET ALGEMEEN EN VERSCHILLENDE SOORTEN VAN BEWAARGEVING,
HOOFDSTUK II,EIGENLIJKE BEWAARGEVING,
AFDELING I,AARD EN WEZEN VAN HET CONTRACT VAN BEWAARGEVING,
AFDELING II,VRIJWILLIGE BEWAARGEVING,
AFDELING III,VERPLICHTINGEN VAN DE BEWAARNEMER,
AFDELING IV,VERPLICHTINGEN VAN DE BEWAARGEVER,
AFDELING V,BEWAARGEVING UIT NOODZAAK,
HOOFDSTUK III,SEKWESTER,
AFDELING I,VERSCHILLENDE SOORTEN VAN SEKWESTER,
AFDELING II,BIJ OVEREENKOMST BEDONGEN SEKWESTER,
AFDELING III,GERECHTELIJK SEKWESTER OF GERECHTELIJK BEWAARGEVING,
TITEL XII,KANSCONTRACTEN,
HOOFDSTUK I,SPEL EN WEDDENSCHAP,
HOOFDSTUK II,CONTRACT VAN LIJFRENTE,
AFDELING I,VOORWAARDEN DIE VOOR DE GELDIGHEID VAN HET CONTRACT VEREIST ZIJN,
AFDELING II,GEVOLGEN VAN HET CONTRACT TUSSEN DE CONTRACTERENDE PARTIJEN,
TITEL XIII,LASTGEVING,
HOOFDSTUK I,AARD EN VORM VAN DE LASTGEVING,
HOOFDSTUK II,VERPLICHTINGEN VAN DE LASTHEBBER,
HOOFDSTUK III,VERPLICHTINGEN VAN DE LASTGEVER,
HOOFDSTUK IV,VERSCHILLENDE WIJZEN WAAROP LASTGEVING EINDIGT,
