title,name,section
Art.1382,"Elke daad van de mens, waardoor aan een ander schade wordt veroorzaakt, verplicht degene door wiens schuld de schade is ontstaan, deze te vergoeden.","Burgerlijk wetboek, BOEK III, TITEL IV, HOOFDSTUK II, , "
Art.1383,"Ieder is aansprakelijk niet alleen voor de schade welke hij door zijn daad, maar ook voor die welke hij door zijn nalatigheid of door zijn onvoorzichtigheid heeft veroorzaakt.","Burgerlijk wetboek, BOEK III, TITEL IV, HOOFDSTUK II, , "
Art.1384,"Men is aansprakelijk niet alleen voor de schade welke men veroorzaakt door zijn eigen daad maar ook voor die welke veroorzaakt wordt door de daad van personen voor wie men moet instaan, of van zaken die men onder zijn bewaring heeft. (De vader en de moeder zijn aansprakelijk voor de schade veroorzaakt door hun minderjarige kinderen.) De meesters en zij die anderen aanstellen, voor de schade door hun dienstboden en aangestelden veroorzaakt in de bediening waartoe zij hen gebezigd hebben. De onderwijzers en de ambachtslieden, voor de schade door hun leerlingen en leerjongens veroorzaakt gedurende de tijd dat deze onder hun toezicht staan. De hierboven geregelde aansprakelijkheid houdt op, indien de ouders, onderwijzers en ambachtslieden bewijzen dat zij de daad welke tot die aansprakelijkheid aanleiding geeft, niet hebben kunnen beletten.","Burgerlijk wetboek, BOEK III, TITEL IV, HOOFDSTUK II, , "
Art.1385,"De eigenaar van een dier, of, terwijl hij het in gebruik heeft, degene die zich ervan bedient, is aansprakelijk voor de schade die door het dier is veroorzaakt, hetzij het onder zijn bewaring stond, dan wel verdwaald of ontsnapt was.","Burgerlijk wetboek, BOEK III, TITEL IV, HOOFDSTUK II, , "
Art.1386,"De eigenaar van een gebouw is aansprakelijk voor de schade door de instorting ervan veroorzaakt, wanneer deze te wijten is aan verzuim van onderhoud of aan een gebrek in de bouw.","Burgerlijk wetboek, BOEK III, TITEL IV, HOOFDSTUK II, , "
Art.1386bis,"Wanneer aan een ander schade wordt veroorzaakt door een persoon die lijdt aan een geestesstoornis die zijn oordeelsvermogen of de controle over zijn daden tenietdoet of ernstig aantast, kan de rechter hem veroordelen tot de gehele vergoeding of tot een gedeelte van de vergoeding waartoe hij zou zijn gehouden, indien hij de controle van zijn daden had. De rechter doet uitspraak naar billijkheid, rekening houdende met de omstandigheden en met de toestand van de partijen.","Burgerlijk wetboek, BOEK III, TITEL IVbis, , , "
Art.1475,"§ 1. Onder ""wettelijke samenwoning"" wordt verstaan de toestand van samenleven van twee personen die een verklaring hebben afgelegd overeenkomstig artikel 1476. § 2. Om een verklaring van wettelijke samenwoning te kunnen afleggen, moeten beide partijen voldoen aan de volgende voorwaarden : 1° niet verbonden zijn door een huwelijk of door een andere wettelijke samenwoning; 2° bekwaam zijn om contracten aan te gaan overeenkomstig de artikelen 5.40 tot 5.41. De persoon die krachtens artikel 492/1, § 1, derde lid, 10°, uitdrukkelijk onbekwaam werd verklaard om een verklaring van wettelijke samenwoning af te leggen, kan, op zijn verzoek, door de in artikel 628, 3°, van het Gerechtelijk Wetboek bedoelde vrederechter gemachtigd worden om een verklaring van wettelijke samenwoning af te leggen. De vrederechter oordeelt over de wilsbekwaamheid van de beschermde persoon.","Burgerlijk wetboek, BOEK III, TITEL Vbis, , , "
Art.1476,"§ 1. Een verklaring van wettelijke samenwoning wordt afgelegd door middel van een geschrift dat tegen ontvangstbewijs wordt door de partijen persoonlijk overhandigd aan de ambtenaar van de burgerlijke stand van de gemeenschappelijke woonplaats. Dat geschrift bevat de volgende gegevens : 1° de datum van de verklaring; 2° de naam, de voornamen, de plaats en de datum van geboorte en de handtekening van beide partijen; 3° de gemeenschappelijke woonplaats; 4° de vermelding van de wil van beide partijen om wettelijk samen te wonen; 5° de vermelding dat beide partijen vooraf kennis hebben genomen van de inhoud van de artikelen 1475 tot 1479; 6° De ambtenaar van de burgerlijke stand gaat na of beide partijen voldoen aan de wettelijke voorwaarden inzake de wettelijke samenwoning en maakt in voorkomend geval melding van de verklaring in het bevolkingsregister. De partijen leggen ieder ander authentiek stuk of bewijs voor dat, in voorkomend geval, wordt gevraagd tot staving dat is voldaan aan de wettelijke voorwaarden, voor zover deze niet beschikbaar zijn in een andere authentieke bron. De wettelijke samenwoning vangt aan op het ogenblik van de melding van de verklaring in het bevolkingsregister. § 2. De wettelijke samenwoning houdt op wanneer de partijen met elkaar in het huwelijk treden, wanneer een van de partijen overlijdt of wanneer er een einde aan wordt gemaakt overeenkomstig het bepaalde in deze paragraaf. De wettelijke samenwoning kan worden beëindigd hetzij in onderlinge overeenstemming door de samenwonenden, hetzij eenzijdig door een van de samenwonenden door middel van een schriftelijke verklaring die tegen ontvangstbewijs wordt overhandigd aan de ambtenaar van de burgerlijke stand, zoals bepaald in het volgende lid. Dit geschrift bevat de volgende gegevens : 1° de datum van de verklaring; 2° de naam, de voornamen, de plaats en de datum van geboorte van beide partijen en de handtekening van beide partijen of van de partij die de verklaring aflegt; 3° de woonplaats van beide partijen; 4° de vermelding van de wil de wettelijke samenwoning te beëindigen. De verklaring van de beëindiging in onderlinge overeenstemming wordt door de partijen persoonlijk of via een bijzondere en authentieke volmacht overhandigd aan de ambtenaar van de burgerlijke stand van: 1° de plaats van inschrijving in het bevolkings-, vreemdelingen- of wachtregister van de partijen, of bij gebrek hieraan, van één van hen, of bij gebrek hieraan, 2° de laatste plaats van inschrijving in het bevolkings-, vreemdelingen- of wachtregister van de partijen, of bij gebrek hieraan, van één van hen. De eenzijdige verklaring van de beëindiging wordt persoonlijk of via een bijzondere en authentieke volmacht overhandigd aan de ambtenaar van de burgerlijke stand van: 1° de plaats van inschrijving in het bevolkings-, vreemdelingen- of wachtregister van de partijen, of bij gebrek hieraan, van de partij die de verklaring aflegt; of bij gebrek hieraan, 2° de laatste plaats van inschrijving in het bevolkings-, vreemdelingen- of wachtregister van de partijen, of bij gebrek hieraan, van één van hen. De ambtenaar van de burgerlijke stand betekent binnen acht dagen de eenzijdige verklaring van de beëindiging bij gerechtsdeur-waardersexploot aan de andere partij. In elk geval moeten de kosten van de betekening en de kennisgeving vooraf worden betaald door hen die de verklaring afleggen. De ambtenaar van de burgerlijke stand maakt melding van de beëindiging van de wettelijke samenwoning in het bevolkingsregister. De wettelijke samenwoning eindigt op het ogenblik van de melding van de verklaring in het bevolkingsregister. De persoon die krachtens artikel 492/1, § 1, derde lid, 10° , uitdrukkelijk onbekwaam werd verklaard om een verklaring van wettelijke samenwoning af te leggen, kan, op zijn, verzoek, door de in artikel 628, 3°, van het Gerechtelijk Wetboek bedoelde vrederechter gemachtigd worden om de wettelijke samenwoning te beëindigen. De vrederechter oordeelt over de wilsbekwaamheid van de beschermde persoon. § 3. De Koning kan de voorwaarden bepalen om de verklaring van wettelijke samenwoning en de verklaring van beëindiging van wettelijke samenwoning op elektronische wijze te overhandigen.","Burgerlijk wetboek, BOEK III, TITEL Vbis, , , "
Art.1476bis,"Er is geen wettelijke samenwoning wanneer, ondanks de geuite wil van beide partijen om wettelijk samen te wonen, uit een geheel van omstandigheden blijkt dat de intentie van minstens een van beide partijen kennelijk enkel gericht is op het bekomen van een verblijfsrechtelijk voordeel dat is verbonden aan de staat van wettelijk samenwonende.","Burgerlijk wetboek, BOEK III, TITEL Vbis, , , "
Art.1476ter,Er is evenmin een wettelijke samenwoning wanneer deze wordt aangegaan zonder vrije toestemming van beide wettelijk samenwonenden of de toestemming van minstens een van de wettelijk samenwonenden werd gegeven onder geweld of bedreiging.,"Burgerlijk wetboek, BOEK III, TITEL Vbis, , , "
Art.1476quater,"De ambtenaar van de burgerlijke stand weigert melding te maken van de verklaring van wettelijke samenwoning indien hij vaststelt dat de verklaring betrekking heeft op een in de artikelen 1476bis en 1476ter bedoelde situatie. Indien er een ernstig vermoeden bestaat dat de verklaring betrekking heeft op een in de artikelen 1476bis en 1476ter bedoelde situatie, kan de ambtenaar van de burgerlijke stand, de melding van de verklaring van wettelijke samenwoning uitstellen, na eventueel het advies van de procureur des Konings van het gerechtelijk arrondissement waarin de partijen voornemens zijn de verklaring van wettelijke samenwoning af te leggen, te hebben ingewonnen, gedurende ten hoogste twee maanden vanaf de afgifte van het in artikel 1476, § 1 bedoelde ontvangstbewijs, teneinde bijkomend onderzoek te verrichten. De procureur des Konings kan deze termijn verlengen met hoogstens drie maanden. In dat geval, geeft hij van zijn beslissing kennis aan de ambtenaar van de burgerlijke stand die de belanghebbende partijen ervan in kennis stelt. Indien de ambtenaar van de burgerlijke stand binnen de in het tweede lid bepaalde termijn geen definitieve beslissing heeft genomen, dient hij onverwijld melding van de verklaring van wettelijke samenwoning te maken in het bevolkingsregister. In geval van een in het eerste lid bedoelde weigering, brengt de ambtenaar van de burgerlijke stand, zijn met redenen omklede beslissing onverwijld ter kennis van de belanghebbende partijen. Terzelfdertijd wordt een afschrift hiervan, samen met een kopie van alle nuttige documenten, verzonden naar de procureur des Konings van het gerechtelijk arrondissement waarin de beslissing tot weigering genomen werd en aan de Dienst Vreemdelingenzaken. Tegen de weigering door de ambtenaar van de burgerlijke stand om van de verklaring van wettelijke samenwoning melding te maken, kan door de belanghebbende partijen binnen de maand na de kennisgeving van deze beslissing beroep worden aangetekend bij de familierechtbank.","Burgerlijk wetboek, BOEK III, TITEL Vbis, , , "
Art.1476quinquies,"§ 1. In de in de artikelen 1476bis en 1476ter bedoelde gevallen, kan een vordering tot nietigverklaring worden ingesteld door de wettelijk samenwonenden zelf en door allen die daarbij belang hebben. De procureur des Konings vordert de nietigheid van een dergelijke wettelijke samenwoning. Elk exploot van betekening van een vonnis of arrest dat een wettelijke samenwoning nietig verklaart, wordt door de optredende gerechtsdeurwaarder onmiddellijk in afschrift meegedeeld aan de griffier van het gerecht dat de beslissing heeft uitgesproken. Wanneer de nietigheid van de wettelijke samenwoning is uitgesproken bij een in kracht van gewijsde gegaan vonnis of arrest, stuurt de griffier, onverwijld een uittreksel bevattende het beschikkende gedeelte en de vermelding van de dag van het in kracht van gewijsde treden van het vonnis of arrest aan de ambtenaar van de burgerlijke stand van de gemeente van woonplaats van beide partijen of, indien de partijen geen woonplaats hebben in dezelfde gemeente, aan de ambtenaar van de burgerlijke stand van de gemeente van de woonplaats van elk van hen en aan de Dienst Vreemdelingenzaken. De griffier brengt de partijen hiervan in kennis. De ambtenaar van de burgerlijke stand maakt onverwijld melding van de nietigverklaring van de wettelijke samenwoning in het bevolkingsregister. § 2. De in de artikelen 1476bis en 1476ter bedoelde wettelijke samenwoning, die nietig verklaard is, heeft niettemin gevolgen ten voordele van de partij die de wettelijke samenwoning te goeder trouw is aangegaan. Ze heeft eveneens gevolgen ten voordele van de kinderen, ook al is geen van beide partijen te goeder trouw geweest.","Burgerlijk wetboek, BOEK III, TITEL Vbis, , , "
Art.1477,"§ 1. De bepalingen van dit artikel die de rechten, verplichtingen en bevoegdheden van de wettelijk samenwonenden regelen, zijn van toepassing door het enkele feit van de wettelijke samenwoning. § 2. De artikelen 215, 220, § 1, en 224, § 1, 1, zijn van overeenkomstige toepassing op de wettelijke samenwoning. § 3. De wettelijk samenwonenden dragen bij in de lasten van het samenleven naar evenredigheid van hun mogelijkheden. § 4. Iedere schuld die door een der wettelijk samenwonenden wordt aangegaan ten behoeve van het samenleven en van de kinderen die door hen opgevoed worden, verbindt de andere samenwonende hoofdelijk. Deze is echter niet aansprakelijk voor schulden die, gelet op de bestaansmiddelen van de samenwonenden, buitensporig zijn. (§ 5. De langstlevende wettelijk samenwonende is gehouden tot de verplichting gesteld in artikel 203, § 1, ten aanzien van de kinderen van de vooroverleden wettelijk samenwonende van wie hij niet de vader of de moeder is, binnen de grenzen van hetgeen hij krachtens artikel 745octies, § 1, heeft verkregen uit de nalatenschap van de vooroverledene en van de voordelen die deze hem mocht hebben verleend bij schenking, testament of in de in artikel 1478 bedoelde overeenkomst.) Deze verplichting vervalt ten aanzien van het kind dat onwaardig is om van de vooroverleden wettelijk samenwonende te erven. De rechter schort zijn uitspraak op tot de beslissing die tot onwaardigheid leidt in kracht van gewijsde is getreden. (§ 6.","Burgerlijk wetboek, BOEK III, TITEL Vbis, , , "
Art.1478,"Elk van de wettelijk samenwonenden behoudt de goederen waarvan hij de eigendom kan bewijzen, de inkomsten uit deze goederen en de opbrengsten uit arbeid. De goederen waarvan geen van beide wettelijk samenwonenden de eigendom kan bewijzen en de inkomsten daarvan worden geacht in onverdeeldheid te zijn. Indien de overlevende wettelijk samenwonende een erfgenaam is van de vooroverledene, wordt de in het vorige lid bedoelde onverdeeldheid ten aanzien van de erfgenamen met voorbehouden erfdeel als een schenking beschouwd, behoudens tegenbewijs. Voorts regelen de samenwonenden hun wettelijke samenwoning naar goeddunken door middel van een overeenkomst, voor zover deze geen beding bevat dat strijdig is met artikel 1477, met de openbare orde of de goede zeden, noch met de regels betreffende het ouderlijk gezag en de voogdij, noch met de regels die de wettelijke orde van de erfopvolging bepalen. Die overeenkomst wordt in authentieke vorm verleden voor de notaris . De beschermde persoon die krachtens artikel 492/1, § 2, derde lid, 14/1°, onbekwaam werd verklaard om een overeenkomst zoals bedoeld in het vorige lid af te sluiten en te wijzigen, kan dergelijke overeenkomst afsluiten en wijzigen na hiertoe, op zijn verzoek, door de in artikel 628, 3°, van het Gerechtelijk Wetboek bedoelde vrederechter, te zijn gemachtigd op basis van het door de notaris opgestelde ontwerp. De artikelen 1241 en 1246 van het Gerechtelijk Wetboek zijn van toepassing. In bijzondere gevallen kan de vrederechter de bewindvoerder machtigen alleen op te treden of hem toestaan de beschermde persoon bij te staan. De bij artikel 1250 van het Gerechtelijk Wetboek bepaalde rechtspleging is van toepassing. Bij het verzoekschrift wordt een kopie gevoegd van de notariële ontwerpakte.","Burgerlijk wetboek, BOEK III, TITEL Vbis, , , "
Art.1479,"Indien de verstandhouding tussen de wettelijk samenwonenden ernstig verstoord is, beveelt de familierechtbank, op verzoek van één van de partijen, de dringende maatregelen die analoog zijn met die waarin de artikelen 1253ter/5 en 1253ter/6 van het Gerechtelijk Wetboek voorzien. De rechtbank bepaalt de geldigheidsduur van de maatregelen die zij oplegt. Hoe dan ook vervallen die maatregelen op de dag dat de wettelijke samenwoning, zoals bedoeld in artikel 1476, § 2, zesde lid, wordt beëindigd, behalve wanneer deze maatregelen de gemeenschappelijke kinderen van de wettelijk samenwonenden betreffen. Na de beëindiging van het wettelijk samenwonen en voor zover de vordering binnen drie maanden na die beëindiging is ingesteld, gelast de rechtbank de dringende en voorlopige maatregelen die ingevolge de beëindiging gerechtvaardigd zijn. Zij bepaalt de geldigheidsduur van de maatregelen die zij oplegt. De rechtbank beschikt overeenkomstig de artikelen 1253ter tot 1253octies van het Gerechtelijk Wetboek.","Burgerlijk wetboek, BOEK III, TITEL Vbis, , , "
