title,name,section
INLEIDENDE TITEL,"BEKENDMAKING, GEVOLGEN EN TOEPASSING VAN DE WETTEN IN HET ALGEMEEN",
BOEK I,PERSONEN,
TITEL I,GENOT EN VERLIES VAN DE BURGERLIJKE RECHTEN,
HOOFDSTUK I,,
HOOFDSTUK II,,
AFDELING I,,
AFDELING II,,
TITEL II,DE BURGERLIJKE STAND,
HOOFDSTUK I,Algemene principes van de burgerlijke stand,
Afdeling 1,Doelstellingen van de burgerlijke stand,
Afdeling 2,De ambtenaar van de burgerlijke stand,
Afdeling 3,De akten van de burgerlijke stand,
Afdeling 4,Bewijskracht van akten van de burgerlijke stand,
Afdeling 5,Uittreksels en afschriften,
Afdeling 6,Wijzigingen van akten van de burgerlijke stand,
Afdeling 7,Meldingen op akten van de burgerlijke stand,
Afdeling 8,Verbetering en nietigverklaring van akten van de burgerlijke stand,
Onderafdeling 1,Verbetering door de ambtenaar van de burgerlijke stand,
Onderafdeling 2,Ambtshalve nietigverklaring van een akte door de ambtenaar van de burgerlijke stand,
Onderafdeling 2,Onderafdeling 3 Verbetering en nietigverklaring door de familierechtbank,
Afdeling 9,Aansprakelijkheid van en controle op de ambtenaar van de burgerlijke stand,
HOOFDSTUK II,De verschillende akten van de burgerlijke stand,
Afdeling 1,Algemene bepaling,
Afdeling 2,De akten van geboorte,
Onderafdeling 1,De akte van geboorte,
Onderafdeling 2,Akte van geboorte van een vondeling,
Onderafdeling 3,Akte van geboorte in geval van geboorte aan boord van een schip of een luchtvaartuig,
Onderafdeling 4,Gemeenschappelijke bepalingen,
Afdeling 3,De akten van erkenning,
Onderafdeling 1,Akte van prenatale erkenning,
Onderafdeling 2,Akte van erkenning,
Afdeling 4,Akte van verklaring van naamskeuze,
Afdeling 5,Akte van aanpassing van de registratie van het geslacht,
Afdeling 6,Akte van huwelijk,
Afdeling 7,Akten van overlijden,
Onderafdeling 1,Akte van overlijden,
Onderafdeling 2,Akte van overlijden in geval van een overlijden aan boord van een schip of een luchtvaartuig,
Onderafdeling 3,Akte van een levenloos kind,
Onderafdeling 4,Gemeenschappelijke bepaling,
Afdeling 8,Akte van afwezigheid,
Afdeling 9,Akte van voornaamsverandering,
Afdeling 10,Akte van naamsverandering,
Afdeling 11,Akte van echtscheiding,
Afdeling 12,Akte van adoptie,
Afdeling 13,Akte van herroeping of herziening van adoptie of van nietigverklaring,
Afdeling 14,Akten van Belgische nationaliteit,
Afdeling 15,Akte opgemaakt op basis van een buitenlandse akte,
Afdeling 16,Akte opgemaakt op basis van een buitenlandse rechterlijke of buitenlandse administratieve beslissing,
HOOFDSTUK 3,De databank voor de akten van de burgerlijke stand,
Afdeling 1,Algemene bepalingen,
Afdeling 2,Beheer van de DABS,
Afdeling 3,Toegang tot de DABS,
TITEL III,WOONPLAATS,
TITEL IV,AFWEZIGEN,
HOOFDSTUK I,(AFWEZIGHEID),
Afdeling I,Vermoeden van afwezigheid,
Afdeling II,Verklaring van afwezigheid,
Afdeling III,Gevolgen van de afwezigheid of van het vermoeden van afwezigheid voor de minderjarige kinderen,
HOOFDSTUK lI,Gerechtelijke verklaring van overlijden,
TITEL IV/1,Aanpassing van de registratie van het geslacht,
TITEL V,HET HUWELIJK,
HOOFDSTUK I,HOEDANIGHEDEN EN VOORWAARDEN VEREIST OM EEN HUWELIJK TE MOGEN AANGAAN,
HOOFDSTUK II,Formaliteiten betreffende het huwelijk,
Afdeling I,Aangifte van het huwelijk,
Afdeling 2,Voltrekking van het huwelijk,
HOOFDSTUK IV,VORDERINGEN TOT NIETIGVERKLARING VAN HET HUWELIJK,
HOOFDSTUK V,VERPLICHTINGEN DIE UIT HET HUWELIJK (OF DE AFSTAMMING) ONTSTAAN,
HOOFDSTUK VI,WEDERZIJDSE RECHTEN EN VERPLICHTINGEN VAN ECHTGENOTEN,
HOOFDSTUK VII,ONTBINDING VAN HET HUWELIJK,
HOOFDSTUK VIII,TWEEDE HUWELIJK,
TITEL VI,ECHTSCHEIDING,
HOOFDSTUK I,GRONDEN TOT ECHTSCHEIDING,
HOOFDSTUK II,ECHTSCHEIDING OP GROND VAN BEPAALDE FEITEN,
AFDELING I,VORM VAN DE ECHTSCHEIDING OP GROND VAN BEPAALDE FEITEN,
AFDELING II,VOORLOPIGE MAATREGELEN WAARTOE DE EIS TOT ECHTSCHEIDING OP GROND VAN BEPAALDE FEITEN AANLEIDING KAN GEVEN,
AFDELING III,GRONDEN VAN NIET-ONTVANKELIJKHEID TEGEN DE VORDERING TOT ECHTSCHEIDING OP GROND VAN BEPAALDE FEITEN,
HOOFDSTUK III,ECHTSCHEIDING DOOR ONDERLINGE TOESTEMMING,
HOOFDSTUK IV,GEVOLGEN VAN ECHTSCHEIDING,
HOOFDSTUK V,SCHEIDING VAN TAFEL EN BED,
TITEL VII,(...) AFSTAMMING,
HOOFDSTUK 1,VASTSTELLING VAN DE AFSTAMMING VAN MOEDERSZIJDE,
HOOFDSTUK 2,VASTSTELLING VAN DE AFSTAMMING VAN VADERSZIJDE,
AFDELING 1,VERMOEDEN VAN VADERSCHAP,
AFDELING 2,ERKENNING,
AFDELING 3,ONDERZOEK NAAR HET VADERSCHAP,
HOOFDSTUK 2/1,VASTSTELLING VAN DE AFSTAMMING VAN MEEMOEDERSZIJDE,
AFDELING 1,ALGEMENE BEPALINGEN,
AFDELING 2,VERMOEDEN VAN MEEMOEDERSCHAP,
AFDELING 3,ERKENNING,
AFDELING 4,ONDERZOEK NAAR HET MEEMOEDERSCHAP,
HOOFDSTUK 3,GEMEENSCHAPPELIJKE BEPALINGEN NOPENS DE WIJZE WAAROP DE AFSTAMMING WORDT VASTGESTELD,
AFDELING 1,HET TIJDSTIP VAN DE VERWEKKING,
AFDELING 2,DE ERKENNING,
HOOFDSTUK 4,VORDERINGEN MET BETREKKING TOT DE AFSTAMMING,
AFDELING 1,ALGEMEEN,
AFDELING 2,DE VORDERINGEN IN HET BIJZONDER,
AFDELING 3,BEKENDMAKING VAN DE RECHTERLIJKE BESLISSING IN de DABS,
HOOFDSTUK 5,GEVOLGEN VAN DE AFSTAMMING,
HOOFDSTUK 6,"VORDERING TOT UITKERING VOOR LEVENSONDERHOUD, OPVOEDING EN PASSENDE OPLEIDING",
TITEL VIII,Adoptie,
HOOFDSTUK I,Intern recht,
Afdeling 1,Algemene bepaling,
Afdeling 2,Bepalingen gemeenschappelijk aan beide vormen van adoptie. § 1. Voorwaarden voor adoptie. A. Grondvoorwaarden,
Afdeling 3,Bepalingen eigen aan iedere vorm van adoptie § 1. Gewone adoptie. A. Gevolgen,
HOOFDSTUK II,Internationaal recht,
Afdeling 1,Bijzondere bepalingen van internationaal privaatrecht,
Afdeling 2,Totstandkoming van een adoptie die de interlandelijke overbrenging van een kind onderstelt. § 1. Definities,
Afdeling 3,Uitwerking van buitenlandse beslissingen inzake adoptie in België § 1. Erkenning van adopties beheerst door het Verdrag,
HOOFDSTUK III,Administratieve formaliteiten,
TITEL VIII/1,Namen en voornamen,
HOOFDSTUK 1,Vastheid van naam,
HOOFDSTUK 2,Toegelaten voornamen,
HOOFDSTUK 3,Verandering van naam en voornamen,
TITEL IX,Ouderlijk gezag en pleegzorg,
HOOFDSTUK I,Ouderlijk gezag,
HOOFDSTUK II,Pleegzorg,
HOOFDSTUK III,Broers en zussen,
TITEL X,"MINDERJARIGHEID, VOOGDIJ EN ONTVOOGDING",
HOOFDSTUK I,MINDERJARIGHEID,
HOOFDSTUK II,VOOGDIJ,
Afdeling I,Ontstaan van de voogdij,
Afdeling II,Organisatie van de voogdij,
Afdeling III,Toeziende voogd,
Afdeling IV,Werking van de voogdij,
Afdeling V,Voogdijrekeningen en voogdijverslag,
HOOFDSTUK IIbis,PLEEGVOOGDIJ,
HOOFDSTUK III,ONTVOOGDING,
HOOFDSTUK IV,Opschorting van het stemrecht van de minderjarigen ouder dan zestien jaar voor de verkiezing van het Europees Parlement,
TITEL XI,Meerderjarigheid en beschermde personen,
HOOFDSTUK I,MEERDERJARIGHEID,
HOOFDSTUK Ibis,VOORLOPIG BEWIND OVER DE GOEDEREN TOEBEHOREND AAN EEN MEERDERJARIGE,
HOOFDSTUK II,Beschermde personen,
Afdeling 1,Toepassingsgebied,
Afdeling 2,Buitengerechtelijke bescherming,
Afdeling 3,Rechterlijke bescherming,
Onderafdeling 1,Definities,
Onderafdeling 2,De onbekwaamheid,
Onderafdeling 3,Sanctionering,
HOOFDSTUK II/1,Het bewind,
Afdeling 1,Definities,
Afdeling 2,Ontstaan van het bewind,
Afdeling 3,Organisatie van het bewind,
Afdeling 4,De werking van het bewind,
Onderafdeling 1,Algemene bepalingen,
Onderafdeling 2,Bijstand,
Onderafdeling 3,Vertegenwoordiging en beheer,
Onderafdeling 4,Het bewind uitgeoefend door de ouders,
Onderafdeling 5,Vertrouwenspersoon,
Afdeling 5,De beëindiging van het bewind,
