title,name,section
BOEK III,Wijze van eigendomsverkrijging,
TITEL XIV,BORGTOCHT,
HOOFDSTUK I,AARD EN OMVANG VAN DE BORGTOCHT,
HOOFDSTUK II,GEVOLGEN VAN BORGTOCHT,
AFDELING I,GEVOLGEN VAN BORGTOCHT TUSSEN DE SCHULDEISER EN DE BORG,
AFDELING II,GEVOLGEN VAN BORGTOCHT TUSSEN DE SCHULDENAAR EN DE BORG,
AFDELING III,GEVOLGEN VAN BORGTOCHT TUSSEN DE BORGEN ONDERLING,
HOOFDSTUK III,TENIETGAAN VAN BORGTOCHT,
HOOFDSTUK IV,WETTELIJKE BORGTOCHT EN GERECHTELIJKE BORGTOCHT,
HOOFDSTUK V,Kosteloze borgtocht,
TITEL XV,DADING,
TITEL XVI,LIJFSDWANG IN BURGERLIJKE ZAKEN,
TITEL XVII,Zakelijke zekerheden op roerende goederen (NOTA: Titel XVII wordt 2013-07-11/19),
TITEL XVIII,"VOORRECHTEN EN HYPOTHEKEN. (NOTA : De artikelen 2092 tot 2203 werd vervangen door art. 1 van de W van 16 december 1851. Voor de tekst, zie 1851-12-16/01)",
TITEL XIX,GERECHTELIJKE UITWINNING EN RANGREGELING ONDER DE SCHULDEISERS,
TITEL XX,VERJARING,
HOOFDSTUK I,ALGEMENE BEPALINGEN,
HOOFDSTUK II,BEZIT,
HOOFDSTUK III,OORZAKEN DIE DE VERJARING VERHINDEREN,
HOOFDSTUK IV,OORZAKEN DIE DE VERJARING STUITEN OF SCHORSEN,
AFDELING I,OORZAKEN DIE DE VERJARING STUITEN,
AFDELING II,OORZAKEN DIE DE LOOP VAN DE VERJARING SCHORSEN,
HOOFDSTUK V,TIJD DIE VOOR DE VERJARING VEREIST IS,
AFDELING I,ALGEMENE BEPALINGEN,
AFDELING II,(ALGEMENE TERMIJNEN VAN VERJARING.),
AFDELING III,TIENJARIGE EN TWINTIGJARIGE VERJARING,
AFDELING IV,ENIGE BIJZONDERE VERJARINGEN,
TITEL XXI,(KENNISGEVING),
