title,name,section
Art.2011,"Artikel 2011. Hij die zich voor een verbintenis borg stelt, verplicht zich jegens de schuldeiser, aan die verbintenis te voldoen, indien de schuldenaar niet zelf daaraan voldoet.","Burgerlijk wetboek, BOEK III, TITEL XIV, HOOFDSTUK I, , "
Art.2012,"Borgtocht kan niet bestaan dan voor een geldige verbintenis. Men kan zich niettemin borg stellen voor een verbintenis, al mocht die kunnen vernietigd worden door een exceptie die alleen de verbondene persoonlijk betreft; bij voorbeeld in geval van minderjarigheid.","Burgerlijk wetboek, BOEK III, TITEL XIV, HOOFDSTUK I, , "
Art.2013,"Borgtocht kan niet worden aangegaan voor meer dan hetgeen de schuldenaar verschuldigd is, noch onder meer bezwarende voorwaarden. Hij kan worden aangegaan voor slechts een gedeelte van de schuld, en onder minder bezwarende voorwaarden. De borgtocht die voor meer dan de schuld of onder meer bezwarende voorwaarden is aangegaan, is niet nietig; hij kan alleen worden verminderd tot hetgeen in de hoofdverbintenis begrepen is.","Burgerlijk wetboek, BOEK III, TITEL XIV, HOOFDSTUK I, , "
Art.2014,"Men kan zich borg stellen zonder opdracht van hem voor wie men zich verbindt, en zelfs buiten zijn weten. Men kan zich eveneens borg stellen, niet alleen voor de hoofschuldenaar, maar ook voor de persoon die zich voor hem heeft borg gesteld.","Burgerlijk wetboek, BOEK III, TITEL XIV, HOOFDSTUK I, , "
Art.2015,"Borgtocht wordt niet vermoed; hij moet uitdrukkelijk zijn aangegaan, en men mag hem niet verder uitstrekken dan de perken waarbinnen hij is aangegaan.","Burgerlijk wetboek, BOEK III, TITEL XIV, HOOFDSTUK I, , "
Art.2016,"Onbepaalde borgtocht voor een hoofdverbintenis strekt zich uit tot al hetgeen bij de schuld komt, zelfs tot de kosten van de eerste vordering, en tot alle kosten die gemaakt zijn nadat van deze vordering aan de borg is kennis gegeven.","Burgerlijk wetboek, BOEK III, TITEL XIV, HOOFDSTUK I, , "
Art.2017,De verbintenissen van de borgen gaan over op hun erfgenamen (..). .,"Burgerlijk wetboek, BOEK III, TITEL XIV, HOOFDSTUK I, , "
Art.2018,"De schuldenaar die verplicht is een borg te stellen, moet een borg aanbieden die bekwaam is om contracten aan te gaan, die genoegzaam gegoed is om aan de verbintenis te kunnen voldoen, en die zijn woonplaats heeft binnen het rechtgebied van het hof van beroep waar de borgstelling moet plaatshebben.","Burgerlijk wetboek, BOEK III, TITEL XIV, HOOFDSTUK I, , "
Art.2019,"De gegoedheid van een borg wordt alleen beoordeeld naar zijn onroerende eigendommen,uitgenomen in zaken van koophandel of wanneer de schuld gering is. Onroerende goederen waarover geschil bestaat of waarvan de uitwinning wegens hun verwijderde ligging te moeilijk zou zijn, komen niet in aanmerking.","Burgerlijk wetboek, BOEK III, TITEL XIV, HOOFDSTUK I, , "
Art.2020,"Wanneer de borg, die door de schuldeiser vrijwillig is aangenomen of die de rechter hem heeft toegewezen, naderhand onvermogend geworden is, moet een andere borg gesteld worden. Deze regel lijdt alleen uitzondering, ingeval de borg gesteld is ten gevolge van een overeenkomst waarbij de schuldeiser een bepaalde persoon tot borg geëist heeft.","Burgerlijk wetboek, BOEK III, TITEL XIV, HOOFDSTUK I, , "
Art.2021,"De borg is jegens de schuldeiser niet tot betaling gehouden dan bij gebreke van de schuldenaar, wiens goederen vooraf moeten worden uitgewonnen, tenzij de borg afstand heeft gedaan van het voorrecht van uitwinning, of tenzij hij zich hoofdelijk met de schuldenaar heeft verbonden; in welk geval de gevolgen van zijn verbintenis worden geregeld naar de beginselen die ten opzichte van hoofdelijke schulden zijn vastgesteld.","Burgerlijk wetboek, BOEK III, TITEL XIV, HOOFDSTUK II, AFDELING I, "
Art.2022,"De schuldeiser is slechts tot uitwinning van de hoofdschuldenaar verplicht, ingeval de borg zulks vordert, op de eerste tegen hem gerichte vervolging.","Burgerlijk wetboek, BOEK III, TITEL XIV, HOOFDSTUK II, AFDELING I, "
Art.2023,"De borg die de uitwinning vordert, moet aan de schuldeiser de goederen van de hoofdschuldenaar aanwijzen, en de nodige penningen voorschieten om de uitwinning te doen. Hij mag geen aanwijzing doen van goederen van de hoofdschuldenaar, die gelegen zijn buiten (België), noch van goederen waarover geschil bestaat, noch van de voor de schuld gehypothekeerde goederen die zich niet meer in het bezit van de schuldenaar bevinden.","Burgerlijk wetboek, BOEK III, TITEL XIV, HOOFDSTUK II, AFDELING I, "
Art.2024,"Wanneer de borg de bij het vorige artikel toegelaten aanwijzing van goederen heeft gedaan en de nodige penningen voor de uitwinning heeft voorgeschoten, is de schuldeiser ten belope van de aangewezen goederen ten opzichte van de borg aansprakelijk voor het onvermogen van de hoofdschuldenaar, dat door het nalaten van vervolgingen mocht ontstaan.","Burgerlijk wetboek, BOEK III, TITEL XIV, HOOFDSTUK II, AFDELING I, "
Art.2025,"Wanneer verscheidene personen zich hebben borg gesteld voor dezelfde schuldenaar en voor dezelfde schuld, is ieder van hen voor de gehele schuld verbonden.","Burgerlijk wetboek, BOEK III, TITEL XIV, HOOFDSTUK II, AFDELING I, "
Art.2026,"Niettemin kan ieder van hen, zo hij geen afstand heeft gedaan van het voorrecht van schuldsplitsing, vorderen dat de schuldeiser vooraf zijn vordering verdeelt en die vermindert tot het aandeel van elke borg. Wanneer, ten tijde dat een van de borgen de schuldsplitsing heeft doen uitspreken, een of meer onder hen onvermogend waren, is die borg, naar evenredigheid van zijn aandeel, voor die onvermogenden verbonden; maar hij is niet aansprakelijk voor het onvermogen dat zich na de schuldsplitsing voordoet.","Burgerlijk wetboek, BOEK III, TITEL XIV, HOOFDSTUK II, AFDELING I, "
Art.2027,"Indien de schuldeiser zelf en vrijwillig zijn vordering verdeeld heeft, kan hij tegen die verdeling niet opkomen, al waren er onvermogende borgen reeds voor de tijd dat hij aldus schuldsplitsing heeft aangenomen.","Burgerlijk wetboek, BOEK III, TITEL XIV, HOOFDSTUK II, AFDELING I, "
Art.2028,"De borg die betaald heeft, heeft verhaal op de hoofdschuldenaar, hetzij de borgstelling met of buiten diens medeweten is geschied. Dit verhaal heeft plaats zowel ten aanzien van de hoofdsom als ten aanzien van de interesten en de kosten; nochtans heeft de borg slechts verhaal voor de kosten die hij gemaakt heeft nadat hij aan de hoofdschuldenaar van de tegen hem gerichte vervolgingen heeft kennis gegeven. De borg heeft ook verhaal tot vergoeding van schade, indien daartoe gronden bestaan.","Burgerlijk wetboek, BOEK III, TITEL XIV, HOOFDSTUK II, AFDELING II, "
Art.2029,"De borg die de schuld betaald heeft, treedt in alle rechten die de schuldeiser had tegen de schuldenaar.","Burgerlijk wetboek, BOEK III, TITEL XIV, HOOFDSTUK II, AFDELING II, "
Art.2030,"Wanneer verscheidene hoordschuldenaars van een zelfde schuld hoofdelijk verbonden waren, heeft de borg die zich voor allen heeft borg gesteld, verhaal op ieder van hen, tot terugvordering van al hetgeen hij betaald heeft.","Burgerlijk wetboek, BOEK III, TITEL XIV, HOOFDSTUK II, AFDELING II, "
Art.2031,"De borg die een eerste maal betaald heeft, heeft geen verhaal op de hoofdschuldenaardie een tweede maal betaald heeft, wanneer hij de laatstgenoemde van de door hem gedane betaling geen kennis heeft gegeven; behoudens zijn recht op terugvordering tegen de schuldeiser. Wanneer de borg betaald heeft zonder te zijn vervolgd en zonder de hoofdschuldenaar daarvan kennis te hebben gegeven, heeft hij geen verhaal op hem, ingeval die schuldenaar op het ogenblik van de betaling gronden mocht hebben gehad om te doen verklaren dat de schuld teniet was; behoudens zijn recht op terugvordering tegen de schuldeiser.","Burgerlijk wetboek, BOEK III, TITEL XIV, HOOFDSTUK II, AFDELING II, "
Art.2032,"De borg kan, zelfs voordat hij betaald heeft, de schuldenaar in rechte aanspreken om door hem schadeloos gesteld te worden : 1° Indien hij tot betaling in rechte vervolgd wordt; 2° Indien de schuldenaar failliet gegaan is, of in staat van kennelijk onvermogen verkeert; 3° Indien de schuldenaar zich verbonden heeft om hem binnen een bepaalde tijd het ontslag van zijn borgtocht te bezorgen; 4° Indien de schuld opeisbaar is geworden door het verschijnen van de termijn waarop zij betaalbaar was gesteld; 5° Na verloop van tien jaren, indien de hoofdverbintenis geen bepaalde vervaltijd heeft, tenzij de hoofdverbintenis van dien aard is dat zij, zoals bij voorbeeld een voogdij, niet voor een bepaalde tijd kan vervallen.","Burgerlijk wetboek, BOEK III, TITEL XIV, HOOFDSTUK II, AFDELING II, "
Art.2033,"Wanneer verscheidene personen zich hebben borg gesteld voor dezelfde schuldenaar en voor dezelfde schuld, heeft de borg die de schuld voldaan heeft, verhaal op de overige borgen, ieder voor zijn aandeel; Doch dit verhaal heeft alleen plaats, wanneer de borg betaald heeft in een van de gevallen in het vorige artikel vermeld.","Burgerlijk wetboek, BOEK III, TITEL XIV, HOOFDSTUK II, AFDELING III, "
Art.2034,De verbintenis uit borgtocht gaat teniet door dezelfde oorzaken als de overige verbintenissen.,"Burgerlijk wetboek, BOEK III, TITEL XIV, HOOFDSTUK III, , "
Art.2035,"Schuldvermenging in de persoon van de hoofdschuldenaar en van zijn borg, wanneer de ene erfgenaam wordt van de andere, doet geenszins de vordering teniet van de schuldeiser tegen hem die zich heeft borg gesteld voor de borg.","Burgerlijk wetboek, BOEK III, TITEL XIV, HOOFDSTUK III, , "
Art.2036,De borg kan zich tegen de schuldeiser beroepen op alle excepties die aan de hoofdschuldenaar toekomen en die tot de schuld zelf behoren; Maar hij kan zich niet beroepen op excepties die alleen de schuldenaar persoonlijk betreffen.,"Burgerlijk wetboek, BOEK III, TITEL XIV, HOOFDSTUK III, , "
Art.2037,"De borg is ontslagen, wanneer hij door toedoen van de schuldeiser niet meer in de rechten, hypotheken en voorrechten van die schuldeiser kan treden.","Burgerlijk wetboek, BOEK III, TITEL XIV, HOOFDSTUK III, , "
Art.2038,"Wanneer de schuldeiser een onroerend goed of enig ander goed vrijwillig aanneemt in betaling van de hoofdschuld, is de borg ontslagen, al wordt dat goed naderhand tegen de schuldeiser uitgewonnen.","Burgerlijk wetboek, BOEK III, TITEL XIV, HOOFDSTUK III, , "
Art.2039,"Eenvoudige termijnverlenging, door de schuldeiser aan de hoofdschuldenaar toegestaan, ontslaat de borg niet, die in dat geval de schuldenaar kan vervolgen, om hem tot betaling te noodzaken.","Burgerlijk wetboek, BOEK III, TITEL XIV, HOOFDSTUK III, , "
Art.2040,"Wanneeer iemand krachtens de wet of krachtens een veroordeling verplicht is een borg te stellen, moet de aangeboden borg voldoen aan de bij de artikelen 2018 en 2019 voorgeschreven vereisten. (Lid 2 opgeheven) .","Burgerlijk wetboek, BOEK III, TITEL XIV, HOOFDSTUK IV, , "
Art.2041,"Hij die geen borg kan vinden, is gerechtigd voldoende pand in de plaats te geven.","Burgerlijk wetboek, BOEK III, TITEL XIV, HOOFDSTUK IV, , "
Art.2042,De gerechtelijke borg kan de uitwinning van de hoofdschuldenaar niet vorderen.,"Burgerlijk wetboek, BOEK III, TITEL XIV, HOOFDSTUK IV, , "
Art.2043,"Hij die zich enkel voor een gerechtelijke borg heeft borg gesteld, kan de uitwinning van de hoofdschuldenaar noch van de borg vorderen.","Burgerlijk wetboek, BOEK III, TITEL XIV, HOOFDSTUK IV, , "
Art.2043bis,"Voor de toepassing van dit hoofdstuk wordt verstaan onder : a) kosteloze borgtocht : de handeling waarmee een natuurlijke persoon kosteloos een hoofdschuld verzekert ten gunste van een schuldeiser. De kosteloze aard van de borgtocht slaat op het ontbreken van enig economisch voordeel, zowel rechtstreeks als indirect, dat de borg kan genieten dankzij de borgstelling; b) schuldeiser : iedere verkoper in de zin van artikel 1 van de wet van 14 juli 1991 betreffende de handelspraktijken en de voorlichting en bescherming van de consument; c) schuldenaar : iedere natuurlijke persoon of rechtspersoon.","Burgerlijk wetboek, BOEK III, TITEL XIV, HOOFDSTUK V, , "
Art.2043ter,"De bewijslast om aan te tonen dat de borgtocht niet kosteloos werd verstrekt, ligt bij de schuldeiser. In dat geval zijn de bepalingen van dit hoofdstuk niet van toepassing.","Burgerlijk wetboek, BOEK III, TITEL XIV, HOOFDSTUK V, , "
Art.2043quater,"Op de borgtocht bedoeld in artikel 2043bis zijn, met uitzondering van de artikelen 2014, eerste lid, 2018 en 2019, de hoofdstukken I tot IV van toepassing, tenzij als de regels die zij bevatten onverenigbaar zijn met de bepalingen van dit hoofdstuk.","Burgerlijk wetboek, BOEK III, TITEL XIV, HOOFDSTUK V, , "
Art.2043quinquies,"§ 1. Op straffe van nietigheid moet de borgtocht in de zin van dit hoofdstuk het voorwerp uitmaken van een geschreven overeenkomst die verschilt van de hoofdovereenkomst. § 2. De duur van de hoofdverplichting moet worden vermeld in de borgtochtovereenkomst, en in het geval van een borgtocht voor een hoofdverplichting die werd afgesloten voor onbepaalde duur, mag de duur van de borgtochtovereenkomst vijf jaar niet overschrijden. § 3. Op straffe van nietigheid moet de borgtochtovereenkomst ten minste de volgende vermeldingen bevatten, door de borg met de hand geschreven : "" door me borg te stellen voor ... voor de som beperkt tot ... (in cijfers) als dekking van de betaling van de hoofdsom en interesten voor een duur van ..., verbind ik me ertoe aan de schuldeiser van ... de verschuldigde sommen terug te betalen op mijn goederen en inkomsten, indien, en in de mate dat, ... er niet zelf aan heeft voldaan "". § 4. Na advies van de bijzondere raadgevende commissie Onrechtmatige bedingen bedoeld in de artikelen 35 en 36 van de wet van 14 juli 1991 betreffende de handelspraktijken en de voorlichting en bescherming van de consument, kan de Koning bepalen welke vermeldingen moeten voorkomen in de overeenkomst, alsook de informatie met betrekking tot de hoofdverplichting die het voorwerp uitmaakt van de borgtocht. § 5. Artikel 8.21 van het Burgerlijk Wetboek is niet van toepassing.","Burgerlijk wetboek, BOEK III, TITEL XIV, HOOFDSTUK V, , "
Art.2043sexies,"§ 1. Op straffe van nietigheid en wanneer de borg in de zin van artikel 2043bis een bepaalde schuld verzekert, wordt de omvang van de borgtocht beperkt tot de som die is vermeld in de overeenkomst, verhoogd met interesten tegen de wettelijke of conventionele rente zonder dat deze interesten evenwel hoger mogen zijn dan 50 % van de hoofdsom. § 2. Op straffe van nietigheid kan er geen borgtocht worden afgesloten waarvan het bedrag kennelijk niet in verhouding is tot de terugbetalingsmogelijkheden van de borg, waarbij deze mogelijkheid beoordeeld moet worden in het licht van de roerende en onroerende goederen en inkomsten van deze laatste.","Burgerlijk wetboek, BOEK III, TITEL XIV, HOOFDSTUK V, , "
Art.2043septies,"In geval van regelmatige uitvoering van de overeenkomst door de schuldenaar brengt de schuldeiser de borg daar op zijn minst eenmaal per jaar van op de hoogte. Elke mededeling inzake niet uitvoering die wordt gedaan aan de schuldenaar door de schuldeiser met betrekking tot de betaling van de schuld moet gelijktijdig en in dezelfde vorm worden gedaan aan de borg. Bij gebrek daaraan kan de schuldeiser zich niet beroepen op de aangroei van de schuld, vanaf de datum waarop hij ter zake in gebreke blijft.","Burgerlijk wetboek, BOEK III, TITEL XIV, HOOFDSTUK V, , "
Art.2043octies,De verbintenissen van de erfgenamen van een borg inzake de borgtocht zijn beperkt tot het erfdeel dat aan elk van hen toekomt. Niettegenstaande enige andersluidende overeenkomst bestaat er geen hoofdelijkheid tussen de erfgenamen van een borg voor de verbintenissen van de borg.,"Burgerlijk wetboek, BOEK III, TITEL XIV, HOOFDSTUK V, , "
Art.2044,"Dading is een contract, waarbij partijen een gerezen geschil beëindigen, of een toekomstig geschil voorkomen. Dit contract moet schriftelijk opgemaakt worden.","Burgerlijk wetboek, BOEK III, TITEL XV, , , "
Art.2045,"Om een dading aan te gaan, moet men bekwaam zijn om te beschikken over de voorwerpen die in de dading begrepen zijn. (De voogd kan voor de minderjarige alleen met inachtneming van de vormen omschreven in artikel 410, § 1, een dading aangaan en hij kan met de meerderjarig geworden minderjarige over de voogdijrekening alleen overeenkomstig artikel 416, eerste lid, een dading aangaan.) De bewindvoerder kan voor de persoon die krachtens artikel 492/1 onbekwaam werd verklaard om een dading af te sluiten alleen met inachtneming van de vormen voorgeschreven in artikel 499/7, § 2, eerste lid, 10°, een dading aangaan en hij kan na de beëindiging van zijn opdracht alleen overeenkomstig artikel 499/18 een dading over de bewindsrekening aangaan. De gemeenten en de openbare instellingen kunnen geen dading aangaan (dan met de machtiging voorgeschreven bij artikel 49 van de organieke wet van 10 maart 1925 op de openbare onderstand). .","Burgerlijk wetboek, BOEK III, TITEL XV, , , "
Art.2046,Dading kan worden aangegaan over de burgerlijke belangen die uit een misdrijf ontstaan. Zij verhindert de vervolging van het openbaar ministerie niet.,"Burgerlijk wetboek, BOEK III, TITEL XV, , , "
Art.2047,Aan een dading kan een strafbeding worden toegevoegd tegen hem die mocht in gebreke blijven de dading na te komen.,"Burgerlijk wetboek, BOEK III, TITEL XV, , , "
Art.2048,"Dadingen blijven beperkt tot hun voorwerp : wordt daarbij afstand gedaan van alle rechten, vorderingen en eisen, dan geldt zulks alleen voor hetgeen betrekking heeft op het geschil dat tot de dading aanleiding heeft gegeven.","Burgerlijk wetboek, BOEK III, TITEL XV, , , "
Art.2049,"Dadingen regelen slechts de geschillen die daarin zijn begrepen, hetzij partijen hun bedoeling in bijzondere of in algemene bewoordingen hebben uitgedrukt, hetzij die bedoeling als een noodzakelijk gevolg wordt afgeleid van hetgeen is uitgedrukt.","Burgerlijk wetboek, BOEK III, TITEL XV, , , "
Art.2050,"Hij die een dading heeft aangegaan over een recht dat hem uit eigen hoofde toebehoorde, en die vervolgens een dergelijk recht van een ander verkrijgt, is, met betrekking tot het nieuw verkregen recht, door de vorige dading geenszins gebonden.","Burgerlijk wetboek, BOEK III, TITEL XV, , , "
Art.2051,"Een dading, door een van de belanghebbenden aangegaan, verbindt de overige belanghebbenden niet, en kan door hen niet worden ingeroepen.","Burgerlijk wetboek, BOEK III, TITEL XV, , , "
Art.2052,Dadingen hebben tussen partijen kracht van gewijsde in hoogste aanleg. Men kan er niet tegen opkomen uit hoofde van dwaling omtrent het recht of uit hoofde van benadeling.,"Burgerlijk wetboek, BOEK III, TITEL XV, , , "
Art.2053,"Niettemin kan een dading vernietigd worden, wanneer er dwaling heeft plaatsgehad in de persoon of omtrent het voorwerp van het geschil. Zij kan vernietigd worden in alle gevallen waarin bedrog of geweld heeft plaatsgehad.","Burgerlijk wetboek, BOEK III, TITEL XV, , , "
Art.2054,"Vernietiging van een dading kan eveneens gevorderd worden, wanneer de dading is aangegaan ter uitvoering van een titel die nietig was, behalve in het geval dat partijen uitdrukkelijk over de nietigheid een dading hebben aangegaan.","Burgerlijk wetboek, BOEK III, TITEL XV, , , "
Art.2055,"Een dading, aangegaan op grond van stukken die naderhand vals bevonden zijn, is geheel nietig.","Burgerlijk wetboek, BOEK III, TITEL XV, , , "
Art.2056,"Een dading over een geding dat reeds beëindigd is door een vonnis dat in kracht van gewijsde is gegaan en waarvan partijen of een van hen geen kennis droegen, is nietig. Indien het vonnis waarvan partijen onkundig waren, voor hoger beroep vatbaar was, is de dading geldig.","Burgerlijk wetboek, BOEK III, TITEL XV, , , "
Art.2057,"Wanneer partijen een dading hebben aangegaan in het algemeen over alle zaken die zij met elkaar uitstaande mochten hebben, leveren de titels die hun toen onbekend waren en die naderhand ontdekt zijn, geen grond op tot vernietiging, tenzij die titels door toedoen van een der partijen waren achtergehouden. Maar de dading is nietig, indien zij slechts een enkele zaak betreft en uit naderhand ontdekte titels blijkt dat een van de partijen daarop niet het minste recht had.","Burgerlijk wetboek, BOEK III, TITEL XV, , , "
Art.2058,"Een rekenfout, bij een dading gemaakt, moet verbeterd worden.","Burgerlijk wetboek, BOEK III, TITEL XV, , , "
Art.2219,"Verjaring is een middel om, door verloop van een zekere tijd en onder de voorwaarden die de wet bepaalt, iets te verkrijgen of van een verbintenis bevrijd te worden.","Burgerlijk wetboek, BOEK III, TITEL XX, HOOFDSTUK I, , "
Art.2220,Men kan vooraf geen afstand doen van de verjaring; men kan wel afstand doen van een verkregen verjaring.,"Burgerlijk wetboek, BOEK III, TITEL XX, HOOFDSTUK I, , "
Art.2221,Afstand van verjaring geschiedt uitdrukkelijk of stilzwijgend; de stilzwijgende afstand wordt afgeleid uit een daad die doet veronderstellen dat men zijn verkregen recht heeft laten varen.,"Burgerlijk wetboek, BOEK III, TITEL XX, HOOFDSTUK I, , "
Art.2222,Hij die niet kan vervreemden kan geen afstand doen van een verkregen verjaring.,"Burgerlijk wetboek, BOEK III, TITEL XX, HOOFDSTUK I, , "
Art.2223,De rechter mag het middel van verjaring niet ambtshalve toepassen.,"Burgerlijk wetboek, BOEK III, TITEL XX, HOOFDSTUK I, , "
Art.2224,"Men kan zich op verjaring beroepen in elke staat van het geding, zelfs voor het hof van beroep, tenzij de omstandigheden doen vermoeden dat de partij die zich op het middel van verjaring niet heeft beroepen, daarvan afstand heeft gedaan.","Burgerlijk wetboek, BOEK III, TITEL XX, HOOFDSTUK I, , "
Art.2225,"Schuldeisers, of alle andere personen die er belang bij hebben dat de verjaring verkregen is, kunnen zich daarop beroepen, hoewel de schuldenaar of de eigenaar ervan afstand doet.","Burgerlijk wetboek, BOEK III, TITEL XX, HOOFDSTUK I, , "
Art.2226,Men kan door verjaring de eigendom niet verkrijgen van zaken die buiten de handel zijn.,"Burgerlijk wetboek, BOEK III, TITEL XX, HOOFDSTUK I, , "
Art.2227,"De Staat, de openbare instellingen en de gemeenten zijn aan dezelfde verjaringen onderworpen als bijzondere personen en kunnen zich eveneens daarop beroepen.","Burgerlijk wetboek, BOEK III, TITEL XX, HOOFDSTUK I, , "
Art.2241,"Men kan verjaring verkrijgen in strijd met zijn titel, in die zin dat men zich door verjaring bevrijdt van de verbintenis die men heeft aangegaan.","Burgerlijk wetboek, BOEK III, TITEL XX, HOOFDSTUK III, , "
Art.2242,Stuiting van de verjaring kan of natuurlijk of burgerlijk zijn.,"Burgerlijk wetboek, BOEK III, TITEL XX, HOOFDSTUK IV, AFDELING I, "
Art.2244,"§ 1. Een dagvaarding voor het gerecht, een bevel tot betaling, , een aanmaning tot betaling als bedoeld in artikel 1394/21 van het Gerechtelijk Wetboek of een beslag, betekend aan hem die men wil beletten de verjaring te verkrijgen, vormen burgerlijke stuiting. (Een dagvaarding voor het gerecht stuit de verjaring tot het tijdstip waarop een definitieve beslissing wordt uitgesproken. Voor de toepassing van deze afdeling heeft een beroep tot vernietiging van een administratieve handeling bij de Raad van State of een door de Staat, Gemeenschappen of Gewesten opgericht administratief rechtscollege dezelfde gevolgen ten opzichte van de vordering tot herstel van de schade veroorzaakt door de vernietigde administratieve handeling als een dagvaarding voor het gerecht.) § 2. Onverminderd de artikelen 5.231 en 5.233, stuit een ingebrekestelling bij aangetekende zending met ontvangstbewijs verzonden door de advocaat van de schuldeiser, de gerechtsdeurwaarder daartoe aangesteld door de schuldeiser of de persoon die krachtens artikel 728, § 3, van het Gerechtelijk Wetboek in rechte mag verschijnen namens de schuldeiser, naar de schuldenaar met woonplaats, verblijfplaats of maatschappelijke zetel in België, tevens de verjaring en doet zij een nieuwe termijn van een jaar ingaan, evenwel zonder dat de vordering vóór de vervaldag van de initiële verjaringstermijn kan verjaren. De stuitende werking van deze ingebrekestelling is slechts eenmalig, onverminderd andere stuitingsoorzaken. Indien de door de wet bepaalde verjaringstermijn minder dan één jaar bedraagt, is de duur van de verlenging dezelfde als deze van de verjaringstermijn. De verjaring wordt gestuit op het ogenblik van de verzending van de ingebrekestelling bij aangetekende zending met ontvangstbewijs. De advocaat van de schuldeiser, de gerechtsdeurwaarder daartoe aangesteld door de schuldeiser of de persoon die krachtens artikel 728, § 3, van het Gerechtelijk Wetboek in rechte mag verschijnen namens de schuldeiser vergewist zich van de juiste gegevens van de schuldenaar aan de hand van een administratief document van minder dan een maand oud. Ingeval de bekende verblijfplaats verschilt van de woonplaats, zendt de advocaat van de schuldeiser, de gerechtsdeurwaarder daartoe aangesteld door de schuldeiser of de persoon die krachtens artikel 728, § 3, van het Gerechtelijk Wetboek in rechte mag verschijnen namens de schuldeiser, een kopie van zijn aangetekende zending naar die verblijfplaats. Om een verjaringsstuitende werking te hebben, moet de ingebrekestelling volledig en uitdrukkelijk de volgende vermeldingen bevatten : 1° de gegevens van de schuldeiser : voor een natuurlijke persoon, de naam, de voornaam en het adres van de woonplaats, of, in voorkomend geval, van de verblijfplaats of van de gekozen woonplaats, overeenkomstig de artikelen 36 en 39 van het Gerechtelijk Wetboek; voor een rechtspersoon, de juridische vorm, de benaming en het adres van de maatschappelijke zetel of, in voorkomend geval, van de administratieve zetel, overeenkomstig artikel 35 van het Gerechtelijk Wetboek; 2° de gegevens van de schuldenaar : voor een natuurlijke persoon, de naam, de voornaam en het adres van de woonplaats, of, in voorkomend geval, van de verblijfplaats of van de gekozen woonplaats, overeenkomstig de artikelen 36 en 39 van het Gerechtelijk Wetboek; voor een rechtspersoon, de juridische vorm, de benaming en het adres van de maatschappelijke zetel of, in voorkomend geval, van de administratieve zetel, overeenkomstig artikel 35 van het Gerechtelijk Wetboek; 3° de beschrijving van de verbintenis die de schuldvordering heeft doen ontstaan; 4° indien de schuldvordering betrekking heeft op een geldsom, de verantwoording van alle bedragen die van de schuldenaar worden geëist, met inbegrip van de schadevergoeding en de verwijlinteresten; 5° de termijn waarbinnen de schuldenaar zijn verbintenissen kan nakomen alvorens bijkomende invorderingsmaatregelen kunnen worden getroffen; 6° de mogelijkheid in rechte op te treden met het oog op de uitwerking van andere invorderingsmaatregelen indien de schuldenaar niet binnen de vastgestelde termijn reageert; 7° de verjaringsstuitende werking van deze ingebrekestelling; 8° de handtekening van de advocaat van de schuldeiser, van de gerechtsdeurwaarder daartoe aangesteld door de schuldeiser of van de persoon die krachtens artikel 728, § 3, van het Gerechtelijk Wetboek in rechte mag verschijnen namens de schuldeiser. (NOTA : bij arrest nr.40/2019 van 28-02-2019 (B.St. 25-03-2019, p. 28680), heeft het Grondwettelijk Hof het woord « vernietigde » in artikel 2244, § 1, derde lid, vernietigd)","Burgerlijk wetboek, BOEK III, TITEL XX, HOOFDSTUK IV, AFDELING I, "
Art.2246,Ook de dagvaarding voor een onbevoegde rechter stuit de verjaring.,"Burgerlijk wetboek, BOEK III, TITEL XX, HOOFDSTUK IV, AFDELING I, "
Art.2247,"Eerste lid opgeheven. Indien de eiser afstand doet van zijn eis, (Derde lid opgeheven.) . Of indien zijn eis wordt afgewezen. Wordt de stuiting voor niet bestaande gehouden.","Burgerlijk wetboek, BOEK III, TITEL XX, HOOFDSTUK IV, AFDELING I, "
Art.2248,"De erkenning van het recht van hem tegen wie de verjaring loopt, door de schuldenaar of de bezitter gedaan, stuit de verjaring.","Burgerlijk wetboek, BOEK III, TITEL XX, HOOFDSTUK IV, AFDELING I, "
Art.2249,"De ingebrekestelling van een der hoofdelijke schuldenaars, overeenkomstig de bovenstaande artikelen, of de erkenning van de schul door hem gedaan, stuit de verjaring tegen alle overige, zelfs tegen hun erfgenamen. De ingebrekestelling van een der erfgenamen van een hoofdelijke schuldenaar, of de erkenning van de schuld door die erfgenaam stuit de verjaring niet ten aanzien van de overige medeërfgenamen, zelfs niet in het geval van een hypothecaire schuld, tenzij de verbintenis ondeelbaar is. Die ingebrekestelling of die erkenning stuit de verjaring ten aanzien van de overige medeschuldenaars slechts voor het aandeel waarvoor die erfgenaam verbonden is. Om de verjaring ten aanzien van de overige medeschuldenaars te stuiten voor het geheel, is vereist de ingebrekestelling van alle erfgenamen van de overleden schuldenaar, of de erkenning door al die erfgenamen.","Burgerlijk wetboek, BOEK III, TITEL XX, HOOFDSTUK IV, AFDELING I, "
Art.2250,"De ingebrekestelling van de hoofdschuldenaar, of de erkenning van de schuld door hem gedaan, stuit de verjaring tegen de borg;","Burgerlijk wetboek, BOEK III, TITEL XX, HOOFDSTUK IV, AFDELING I, "
Art.2251,"De verjaring loopt tegen alle personen, behalve tegen hen voor wie de wet uitzondering maakt.","Burgerlijk wetboek, BOEK III, TITEL XX, HOOFDSTUK IV, AFDELING II, "
Art.2252,"De verjaring loopt niet tegen minderjarigen en beschermde personen wat betreft de handelingen waarvoor zij krachtens artikel 492/1 onbekwaam werden verklaard , behoudens hetgeen in artikel 2278 bepaald is, en met uitzondering van de andere bij de wet bepaalde gevallen.","Burgerlijk wetboek, BOEK III, TITEL XX, HOOFDSTUK IV, AFDELING II, "
Art.2253,De verjaring loopt niet tussen echtgenoten.,"Burgerlijk wetboek, BOEK III, TITEL XX, HOOFDSTUK IV, AFDELING II, "
Art.2254,". De verjaring loopt tegen de echtgenoot aan wie het bestuur van zijn goederen is ontnomen, behoudens zijn verhaal op de andere echtgenoot of op de lasthebber, in geval van nalatigheid.","Burgerlijk wetboek, BOEK III, TITEL XX, HOOFDSTUK IV, AFDELING II, "
Art.2257,"De verjaring loopt niet : Ten aanzien van een schuldvordering die van een voorwaarde afhangt, zolang die voorwaarde niet vervuld is; Ten aanzien van een vordering tot vrijwaring, zolang de uitwinning niet heeft plaatsgehad; Ten aanzien van een schuldvordering die op een bepaalde dag vervalt, zolang die dag niet verschenen is.","Burgerlijk wetboek, BOEK III, TITEL XX, HOOFDSTUK IV, AFDELING II, "
Art.2258,"De verjaring loopt niet tegen de erfgenaam onder voorrecht van boedelbeschrijving, ten aanzien van zijn schuldvorderingen ten laste van de nalatenschap. Zij loopt tegen een onbeheerde nalatenschap, hoewel er geen curator is aangesteld.","Burgerlijk wetboek, BOEK III, TITEL XX, HOOFDSTUK IV, AFDELING II, "
Art.2259,Zij loopt eveneens gedurende de drie maanden die voor het opmaken van de boedelbeschrijving en de veertig dagen die voor het beraad zijn verleend.,"Burgerlijk wetboek, BOEK III, TITEL XX, HOOFDSTUK IV, AFDELING II, "
Art.2260,"De verjaring wordt gerekend bij dagen, niet bij uren.","Burgerlijk wetboek, BOEK III, TITEL XX, HOOFDSTUK V, AFDELING I, "
Art.2261,"Zij is verkregen, wanneer de laatste dag van de vereiste tijd verlopen is.","Burgerlijk wetboek, BOEK III, TITEL XX, HOOFDSTUK V, AFDELING I, "
Art.2262,"Alle zakelijke rechtsvorderingen verjaren door verloop van dertig jaar, zonder dat hij die zich op deze verjaring beroept, verplicht is daarvan enige titel te vertonen of dat men hem de exceptie van kwade trouw kan tegenwerpen.","Burgerlijk wetboek, BOEK III, TITEL XX, HOOFDSTUK V, AFDELING II, "
Art.2262bis,"§ 1. Alle persoonlijke rechtsvorderingen verjaren door verloop van tien jaar. In afwijking van het eerste lid verjaren alle rechtsvorderingen tot vergoeding van schade op grond van buitencontractuele aansprakelijkheid door verloop van vijf jaar vanaf de dag volgend op die waarop de benadeelde kennis heeft gekregen van de schade of van de verzwaring ervan en van de identiteit van de daarvoor aansprakelijke persoon. De in het tweede lid vermelde vorderingen verjaren in ieder geval door verloop van twintig jaar vanaf de dag volgend op die waarop het feit waardoor de schade is veroorzaakt, zich heeft voorgedaan. § 2. Indien een in kracht van gewijsde gegane beslissing over een vordering tot vergoeding van schade enig voorbehoud heeft erkend, dan is de eis die strekt om over het voorwerp van dat voorbehoud vonnis te doen wijzen, ontvankelijk gedurende twintig jaar na de uitspraak.","Burgerlijk wetboek, BOEK III, TITEL XX, HOOFDSTUK V, AFDELING II, "
Art.2263,"Na verloop van (acht) jaren, te rekenen van de dagtekening van de laatste titel, kan de schuldenaar van een rente genoodzaakt worden om op zijn kosten aan zijn schuldeiser of aan diens rechtverkrijgenden een nieuwe titel te verschaffen.","Burgerlijk wetboek, BOEK III, TITEL XX, HOOFDSTUK V, AFDELING II, "
Art.2264,"De regels van de verjaring met betrekking tot andere onderwerpen dan die in deze titel vermeld zijn, worden bepaald in de titels die daarover in het bijzonder handelen.","Burgerlijk wetboek, BOEK III, TITEL XX, HOOFDSTUK V, AFDELING II, "
Art.2270,Na verloop van tien jaren zijn architecten en aannemers ontslagen van hun aansprakelijkheid met betrekking tot de grote werken die zij hebben uitgevoerd of geleid.,"Burgerlijk wetboek, BOEK III, TITEL XX, HOOFDSTUK V, AFDELING III, "
Art.2271,"De rechtsvordering van meesters on onderwijzers in kunsten en wetenschappen, wegens de lessen die zij bij de maand geven; Die van hotelhouders en tafelhouders, wegens het verschaffen van woning en kost; Die van arbeiders en werklieden, tot betaling van hun daghuur, hun leveringen en hun loon, Verjaren door verloop van zes maanden.","Burgerlijk wetboek, BOEK III, TITEL XX, HOOFDSTUK V, AFDELING IV, "
Art.2272,"(Lid 1 opgeheven) . (De rechtsvordering) van (gerechtsdeurwaarders), tot betaling van hun loon voor de akten die zij betekenen, en voor de opdrachten die zij uitvoeren; . Die van kooplieden, wegens de koopwaren die zij verkopen aan personen die geen koopman zijn; Die van kostschoolhouders, tot betaling van het kostgeld van hun leerlingen; en van andere meesters, tot betaling van het leergeld; Die van dienstboden die zich bij het jaar verhuren, tot betaling van hun loon, verjaren door verloop van een jaar.","Burgerlijk wetboek, BOEK III, TITEL XX, HOOFDSTUK V, AFDELING IV, "
Art.2273,. De rechtsvordering van de verhuurders tot betaling van het bedrag dat volgt uit de aanpassing van de huurprijs aan de kosten van levensonderhoud verjaart door verloop van een jaar. De rechtsvordering van de huurders tot teruggave van het te veel betaalde verjaart door verloop van een jaar vanaf de verzending van het verzoek bepaald bij artikel 1728quater.,"Burgerlijk wetboek, BOEK III, TITEL XX, HOOFDSTUK V, AFDELING IV, "
Art.2274,"De verjaring, in de voorgaande gevallen bepaald, heeft plaats, hoewel men met de verstrekkingen, leveringen, diensten en werken is voortgegaan. Zij houdt slechts op te lopen, indien er een afgesloten rekening, een onderhandse of authentieke schuldbekentenis bestaat, ofwel een dagvaarding voor het gerecht, waarop geen verval van instantie is gevolgd.","Burgerlijk wetboek, BOEK III, TITEL XX, HOOFDSTUK V, AFDELING IV, "
Art.2275,"Niettemin kunnen zij tegen wie men zich op die verjaringen beroept, aan hen die zich erop beroepen, de eed opdragen omtrent de vraag of de zaak werkelijk betaald is. De eed kan worden opgedragen aan de weduwen en aan de erfgenamen, of aan de voogden van de laatstgenoemden, indien deze minderjarig zijn, opdat zij verklaren dat zij niet weten dat de zaak verschuldigd is.","Burgerlijk wetboek, BOEK III, TITEL XX, HOOFDSTUK V, AFDELING IV, "
Art.2276,"Rechters (en pleitbezorgers) zijn niet meer verantwoordelijk voor de stukken, wanneer vijf jaren zijn verlopen sinds het geding is uitgewezen. Eveneens zijn (gerechtsdeurwaarders) daarvoor niet meer verantwoordelijk na verloop van twee jaren sinds de uitvoering van hun opdracht of de betekening van de akten waarmee zij belast waren. .","Burgerlijk wetboek, BOEK III, TITEL XX, HOOFDSTUK V, AFDELING IV, "
Art.2276bis,. § 1. De advocaten zijn ontlast van hun beroepsaansprakelijkheid en zijn niet meer verantwoordelijk voor de bewaring van de stukken vijf jaar na het beëindigen van hun taak. Deze verjaring is niet van toepassing wanneer de advocaat uitdrukkelijk met het bewaren van bepaalde stukken is belast. § 2. De vordering van de advocaten tot betaling van kosten en ereloon verjaart na verloop van vijf jaar na het beëindigen van hun taak.,"Burgerlijk wetboek, BOEK III, TITEL XX, HOOFDSTUK V, AFDELING IV, "
Art.2276ter,". § 1. Deskundigen zijn ontlast van hun beroepsaansprakelijkheid en zijn niet meer verantwoordelijk voor de bewaring van de stukken tien jaar na het beëindigen van hun taak of, als deze hun krachtens de wet werd opgedragen, vijf jaar na de indiening van hun verslag. Deze verjaring is niet van toepassing wanneer en deskundige uitdrukkelijk met het bewaren van bepaalde stukken is belast. § 2. De vordering van dekundigen tot betaling van kosten en ereloon verjaart na verloop van vijf jaar.","Burgerlijk wetboek, BOEK III, TITEL XX, HOOFDSTUK V, AFDELING IV, "
Art.2276quater,De schuldbemiddelaars zijn ontlast van hun beroepsaansprakelijkheid vijf jaar na het beëindigen van hun taak.,"Burgerlijk wetboek, BOEK III, TITEL XX, HOOFDSTUK V, AFDELING IV, "
Art.2276quinquies,"(Ingevoegd bij ) Voor de beroepsaansprakelijkheid van de notarissen gelden de gemeenrechtelijke verjaringstermijnen, behoudens voor de beroepsaansprakelijkheid betreffende de laatste wilsbeschikkingen en de contractuele erfstellingen waarvoor de verjaringstermijn begint te lopen vanaf het overlijden van de betrokkene die de laatste wilsbeschikking of de contractuele erfstelling deed.","Burgerlijk wetboek, BOEK III, TITEL XX, HOOFDSTUK V, AFDELING IV, "
Art.2277,"Termijnen van altijddurende renten en van lijfrenten; Die van uitkeringen tot levensonderhoud; Schuldvorderingen van buitengewone kosten bedoeld in artikel 203bis, § 3; Huren van huizen en pachten van landeigendommen; Interesten van geleende sommen, en, in het algemeen, al hetgeen betaalbaar is bij het jaar of bij kortere termijnen, Verjaren door verloop van vijf jaren. Schuldvorderingen wegens levering van goederen en diensten via distributienetten voor water, gas of elektriciteit of de levering van elektronische communicatiediensten of omroeptransmissie- en omroepdiensten via elektronische communicatienetwerken verjaren na verloop van vijf jaren.","Burgerlijk wetboek, BOEK III, TITEL XX, HOOFDSTUK V, AFDELING IV, "
Art.2277bis,". De rechtsvordering van verzorgingsverstrekkers met betrekking tot de door hen geleverde geneeskundige verstrekkingen, diensten en goederen, daar inbegrepen de vordering wegens bijkomende kosten, verjaart ten overstaan van de patiënt door verloop van een termijn van 2 jaar te rekenen vanaf het einde van de maand waarin deze zijn verstrekt. Dezelfde bepaling is van toepassing voor geneeskundige verstrekkingen, diensten, goederen en bijkomende kosten welke door de verplegings- en verzorgingsinstelling of door derden werden geleverd of gefaktureerd.","Burgerlijk wetboek, BOEK III, TITEL XX, HOOFDSTUK V, AFDELING IV, "
Art.2277ter,"§ 1. Rechtsvorderingen ingesteld door publieke overheden tot vergoeding van de kosten voor maatregelen tot voorkoming en tot het herstel van milieuschade verjaren door verloop van vijf jaar vanaf de dag waarop de maatregelen geheel zijn voltooid of waarop de aansprakelijke persoon is geïdentificeerd, indien die laatstgenoemde datum later is. De in het eerste lid vermelde rechtsvorderingen verjaren in ieder geval door verloop van dertig jaar vanaf de dag volgend op die waarop het feit dat tot milieuschade heeft geleid, heeft plaatsgevonden. § 2. Milieuschade ten gevolge van nucleaire activiteiten of ten gevolge van activiteiten die hoofdzakelijk de landsverdediging of de internationale veiligheid dienen, alsook milieuschade ten gevolge van oorlogshandelingen, vijandelijkheden, burgeroorlog, oproer of milieuschade ten gevolge van een natuurverschijnsel dat uitzonderlijk, onontkoombaar en onafwendbaar is, of milieuschade ten gevolge van activiteiten die uitsluitend tot doel hebben bescherming te bieden tegen natuurrampen, valt niet onder het toepassingsgebied van dit artikel.","Burgerlijk wetboek, BOEK III, TITEL XX, HOOFDSTUK V, AFDELING IV, "
Art.2278,"De verjaringen waarover in de artikelen van deze afdeling gehandeld wordt, lopen tegen minderjaringen en personen beschermd krachtens artikel 492/1; behoudens hun verhaal op hun voogd of bewindvoerder .","Burgerlijk wetboek, BOEK III, TITEL XX, HOOFDSTUK V, AFDELING IV, "
