title,name,section
BOEK III,Wijze van eigendomsverkrijging,
TITEL III,CONTRACTEN OF VERBINTENISSEN UIT OVEREENKOMST IN HET ALGEMEEN,
HOOFDSTUK I,VOORAFGAANDE BEPALINGEN,
HOOFDSTUK VI,BEWIJS VAN DE VERBINTENISSEN EN BEWIJS VAN DE BETALING,
AFDELING I,SCHRIFTELIJK BEWIJS. § I. DE AUTHENTIEKE TITEL,
TITEL IV,VERBINTENISSEN BUITEN OVEREENKOMST,
HOOFDSTUK II,MISDRIJVEN EN ONEIGENLIJKE MISDRIJVEN,
TITEL IVbis,VERGOEDING VAN DE SCHADE DOOR ABNORMALEN VEROORZAAKT,
TITEL Vbis,(ingevoegd bij ) Wettelijke samenwoning,
