title,name,section
HOOFDSTUK I,Algemene bepalingen,
Afdeling 1,Voorafgaande bepaling,
Afdeling 2,Onderwerp,
Afdeling 3,"Vaststelling van de nationaliteit, de woonplaats en de verblijfplaats",
Afdeling 4,Rechterlijke bevoegdheid. van de verweerder,
Afdeling 5,Conflictenrecht,
Afdeling 6,Uitwerking van buitenlandse rechterlijke beslissingen en authentieke akten. beslissingen,
HOOFDSTUK II,Natuurlijke personen,
Afdeling 1,"Staat, bekwaamheid, ouderlijk gezag en bescherming van onbekwamen",
Afdeling 1bis,Geslachtsaanpassing,
Afdeling 2,Naam en voornamen,
Afdeling 3,Afwezigheid,
HOOFDSTUK III,De huwelijksrelatie,
Afdeling 1,Internationale bevoegdheid,
Afdeling 2,Recht toepasselijk op de huwelijksbelofte,
Afdeling 3,Recht toepasselijk op het huwelijk,
Afdeling 4,Recht toepasselijk op het huwelijksvermogen,
Afdeling 5,Huwelijksontbinding en scheiding van tafel en bed. en bed,
HOOFDSTUK IV,"De relatie van samenleven. "" relatie van samenleven """,
HOOFDSTUK V,Afstamming en adoptieve afstamming,
Afdeling I,Afstamming,
Afdeling 2,Adoptieve afstamming,
HOOFDSTUK VI,Onderhoudsverplichtingen,
HOOFDSTUK VII,Erfopvolging,
HOOFDSTUK VIII,Goederen,
Afdeling 1,Internationale bevoegdheid,
Afdeling 2,Toepasselijk recht,
Afdeling 3,Uitwerking van buitenlandse rechterlijke beslissingen,
HOOFDSTUK IX,Verbintenissen,
Afdeling 1,Internationale bevoegdheid. verbintenissen,
Afdeling 2,"Toepasselijk recht. (W 2009-12-30/14, art. 16, 004; Inwerkingtreding : 25-01-2010)",
HOOFDSTUK X,Rechtspersonen,
HOOFDSTUK XI,Collectieve procedures van insolventie,
HOOFDSTUK XII,Trust,
HOOFDSTUK XIII,Slotbepalingen,
Afdeling 1,Overgangsbepalingen. beslissingen en authentieke akten,
Afdeling 2,Wijzigingsbepalingen. die betrekking hebben op Belgen,
Afdeling 3,Opheffingsbepalingen,
Afdeling 4,Inwerkingtreding,
