title,name,section
Titel I,Algemene bepalingen,
HOOFDSTUK I,Inleidende bepalingen,
HOOFDSTUK II,Begripsomschrijvingen,
HOOFDSTUK III,Gemeenschappelijke bepalingen,
Afdeling 1,De uitvoering van de Europese regelgeving,
Afdeling 2,Bepalingen betreffende de erkenningen,
Afdeling 3,"Bepalingen betreffende de erkenning, de werkgelegenheid en de controle op de subsidies",
Afdeling 4,Middelen om documenten van een vaste datum te voorzien en termijnberekening,
Afdeling 5,Administratieve beroepen,
Afdeling 6,Vordering tot staking,
Titel II,Inzameling en beheer van gegevens,
HOOFDSTUK I,"Geïntegreerd beheers- en controlesysteem ""GBCS""",
Afdeling 1,"Geïntegreerd beheers- en controlesysteem (""GBCS"")",
HOOFDSTUK II,Eenmalige aanvraag,
HOOFDSTUK III,De gegevens,
Afdeling 1,De verwerking van persoonsgegevens door het betaalorgaan,
Afdeling 2,De verwerking van persoonsgegevens voor Europese kwaliteitssystemen en voor de gedifferentieerde kwaliteit,
Afdeling 3,Verwerkingen van persoonsgegevens voor de landinrichting en het grondbeleid,
Afdeling 4,De verwerking van persoonsgegevens van het waarnemingscentrum voor landeigendommen,
Afdeling 5,"De verwerking van persoonsgegevens van het ""Agence wallonne pour la Promotion d'une Agriculture de qualité"" (Waals Agentschap voor de promotie van een kwaliteitslandbouw)",
Afdeling 5bis,De verwerkingen van persoonsgegevens van de gemeentelijke commissie voor de vaststelling van schade,
Afdeling 6,"Documenten en aanvragen, ingediend via elektronische weg",
Titel III,"Bepalingen met betrekking tot de inspraak van de landbouwwereld, de opvolging en de coördinatie van het landbouwbeleid",
HOOFDSTUK I,"Beleidsgroep ""Landelijke Aangelegenheden, afdeling ""Landbouw, Agrovoeding en Voeding""",
HOOFDSTUK II,Inspraak van de landbouwers,
Afdeling 1,Waalse landbouwverenigingen,
Afdeling 2,Producentencollege,
Afdeling 3,Operationele ondersteuning van het producentencollege,
HOOFDSTUK IV,Strategisch Comité voor Landbouwbeleid,
HOOFDSTUK V,Jaarverslag over de staat van de Waalse landbouw,
Titel IV,De landbouwer,
HOOFDSTUK I,Co-houderschap,
HOOFDSTUK II,Beroepsopleiding,
Afdeling 1,Algemene bepalingen,
Afdeling 2,Opleiding,
Afdeling 3,Scholingscentra,
Afdeling 4,Toelagen aan de scholingscentra,
Afdeling 5,Liefhebbersverenigingen,
Afdeling 6,Diverse bepalingen,
HOOFDSTUK III,Begeleidingsdiensten voor de landbouwer,
Afdeling 1,Vervangdiensten voor de landbouwer,
Afdeling 2,Adviesdiensten voor landbouwers in moeilijkheden,
Afdeling 3,Begeleidingsdiensten voor arbeidsveiligheid,
Afdeling 3/1,Diensten voor de begeleiding van sociale opvang in een landelijke omgeving,
Afdeling 4,Adviessysteem voor landbouwers,
Titel V,Plantaardige producten,
HOOFDSTUK I,Plantaardige producties,
HOOFDSTUK II,Coëxistentie van genetisch gemodificeerde teelten met conventionele en biologische teelten,
Afdeling 1,Doel en begripsomschrijvingen,
Afdeling 2,Toepassingsgebied,
Afdeling 3,"Teelt, kennisgevingen en verplichtingen van producenten en ondernemingen",
Onderafdeling 1,Principe,
Onderafdeling 2,Kennisgevingen aan derden,
Onderafdeling 3,De aanvraag tot inschrijving,
Onderafdeling 4,Behandeling van de aanvraag,
Onderafdeling 5,Bijdrage,
Onderafdeling 6,Exploitatievoorwaarden,
Afdeling 4,Compensatie van het economische verlies,
Onderafdeling 1,Bepaling van het economische verlies,
Onderafdeling 2,Compensatie van het economische verlies,
Afdeling 5,Bijzondere maatregelen,
Afdeling 6,Opvolgingscomité,
Titel IV,Dierlijke producten,
HOOFDSTUK I,Dierlijke producties,
HOOFDSTUK II,Teelt,
HOOFDSTUK III,Indeling van geslachte volwassen runderen en varkens,
Titel VII,Bepalingen gemeen aan plantaardige en dierlijke producten,
HOOFDSTUK I,Europese kwaliteitsregelingen,
HOOFDSTUK II,Gewestelijk systeem voor gedifferentieerde kwaliteit,
Hoofdstuk III,Voedselprogramma's voor de jeugd,
HOOFDSTUK IV,Fonds voor de kwaliteit van de dierlijke en plantaardige producten,
Titel VIII,Economische organisatie van de landbouw,
HOOFDSTUK I,Organisaties van producenten en verenigingen van organisaties van producenten en de interprofessionele organisaties,
HOOFDSTUK II,Diversificatie van de landbouwactiviteiten,
Afdeling 1,Adviesdiensten voor de diversificatie en de eerste verwerking,
Afdeling 2,Leerboerderijen,
Onderafdeling 1,Vergunning en toekenningsvoorwaarden,
Onderafdeling 2,Vergunningsprocedure,
Onderafdeling 3,Verbintenissen van de leerboerderijen,
Onderafdeling 4,Beoordeling en controle van de leerboerderijen,
Onderafdeling 5,Beroepen,
Afdeling 2/1,Sociale opvang in een landelijke omgeving,
Onderafdeling 1,Toepassingsgebied en erkenningsvoorwaarden,
Onderafdeling 2,"Voorwaarde inzake de verbintenis, de evaluatie en de controle",
Onderafdeling 3,Beroepen,
Afdeling 3,Steun aan de rechtspersonen voor de valorisatie van landbouwproducten,
Titel IX,Bevordering van landbouwproducten,
HOOFDSTUK I,Algemeen,
HOOFDSTUK II,"""Agence wallonne pour la Promotion d'une Agriculture de qualité"" (Waals agentschap voor de promotie van een kwaliteitslandbouw)",
Afdeling 1,Oprichting en opdrachten,
Afdeling 1/1,"Samenstelling, bevoegdheid en werking van de Raad van bestuur",
Afdeling 2,Dagelijks beheer,
Afdeling 2/1,Controle,
Afdeling 3,Personeel van het Agentschap,
Afdeling 4,Financieel beheer,
Titel X,Steun inzake landbouw en aquacultuur,
HOOFDSTUK I,Algemene bepalingen,
Afdeling 1,Steun,
Afdeling 2,Reguleringsinstrumenten,
Afdeling 3,Investeringssteun,
Afdeling 4,Maatregelen voor de verbetering van de landelijke ruimte en het milieu,
Afdeling 5,Randvoorwaarden,
Afdeling 6,Vergroening,
HOOFDSTUK II,Bevoegde overheid en betaalorgaan,
HOOFDSTUK III,Administratieve beroepen,
HOOFDSTUK IV,Invorderingsmodaliteiten,
Titel X/1,Steun bij het verhelpen van schade bij landbouwrampen,
Titel XI,Beheer van de landbouwruimte en van de landelijke ruimte,
HOOFDSTUK I,Landbouwwegen,
HOOFDSTUK II,Bescherming tegen erosie en bestrijding van overstromingen,
Afdeling 1,Subsidies aan de plaatselijke besturen,
Afdeling 2,Strijd tegen de bodemerosie,
HOOFDSTUK III,Landinrichting van landeigendommen,
Afdeling 1,Algemene bepalingen,
Afdeling 2,Landinrichting,
Onderafdeling 1,Comité voor landinrichting,
Onderafdeling 2,Voorafgaande formaliteiten,
Onderafdeling,Adviescommissie,
Onderafdeling 4,Landinrichtingsverrichtingen,
Onderafdeling 5,Uitvoeringskosten en eventuele aanvullende akte,
Onderafdeling 6.-,Beroepsmiddelen,
Onderafdeling 7,Eindformaliteiten,
Onderafdeling 8,Voorlopige inrichting,
Afdeling 3,Inrichting in der minne,
HOOFDSTUK IV,Bepalingen betreffende het landbouwkundig grondbeleid,
Afdeling 1,Grondbeheer,
Afdeling 2,Grondwaarnemingscentrum,
Afdeling 3,Recht van voorkoop,
Afdeling 4,Onteigeningsrecht,
Afdeling 5,Begrotingsfonds inzake het landbouwkundig grondbeleid,
Titel XII,"Innovatie, onderzoek en vulgarisatie",
HOOFDSTUK I,Landbouwkundig onderzoek,
Afdeling 1,Doelstellingen en organisatie van het landbouwkundig onderzoek,
Afdeling 2,"Het ""Centre wallon de recherches agronomiques"" (Waals centrum voor landbouwkundig onderzoek)",
Onderafdeling 1,"Het ""Centre wallon de recherches agronomiques""",
Onderafdeling 2,Dagelijks beheer,
Onderafdeling 3,Financieel beheer,
Afdeling 3,Overleg- en opvolgingscomité inzake landbouwkundig onderzoek,
HOOFDSTUK II,Subsidies voor innovatie en wetenschappelijk en technisch onderzoek met landbouwkundige finaliteit,
HOOFDSTUK III,Bevordering van de innovaties en vulgarisatie,
Afdeling 1,Bevordering van de innovaties binnen de landbouwbedrijven,
Afdeling 2,Vulgarisatie,
Onderafdeling 1,Pilootcentra voor de ontwikkeling en de vulgarisatie in de landbouw,
Onderafdeling 1/1,Gewestelijke Referentie- en experimenteercentra,
Onderafdeling 2,Landbouwcomicen,
Titel XIII,Controle en opsporing van overtredingen,
HOOFDSTUK I,Controle,
Afdeling 1,Ambtenaren,
Afdeling 2,Onderzoeksmiddelen,
Afdeling 3,"Controle en opsporing van overtredingen van de bepalingen van titel 4, hoofdstuk 2",
HOOFDSTUK II,Overtredingen op landbouwgebied,
Afdeling 1,Dwangmaatregelen,
Afdeling 2,Strafbepalingen,
Afdeling 3,Eventueel verval van de strafvordering mits schikking,
Afdeling 4,Administratieve geldboeten,
Afdeling 5,Overtredingen betreffende de vorming,
Titel XIV,Slotbepalingen,
HOOFDSTUK I,Diverse bepalingen,
HOOFDSTUK II,Wijzigingsbepalingen,
HOOFDSTUK III,Opheffingsbepalingen,
HOOFDSTUK IV,Overgangsbepalingen,
HOOFDSTUK V,Slotbepaling,
