title,name,section
BOEK I,Algemene bepalingen,
TITEL I,Inleidende bepalingen,
TITEL II,Algemene structuur van het basis- en secundair onderwijs,
TITEL III,Definities,
TITEL IV,Opdrachten van het basis- en secundair onderwijs,
HOOFDSTUK I,Prioritaire opdrachten,
HOOFDSTUK II,Specifieke opdrachten binnen gemeenschappelijk kern,
HOOFDSTUK III,Specifieke opdrachten van de hogere Raad van het secundair onderwijs,
HOOFDSTUK IV,"Werking van de referentiesystemen, opvoedkundige hulpmiddelen en evaluatiehulpmiddelen",
HOOFDSTUK V,Het culturele en artistieke onderwijstraject,
Afdeling I,Algemene bepalingen,
Afdeling II,De Raad voor cultureel en artistiek onderwijs,
Afdeling III,Sturing van het PECA,
Afdeling IV,PECA-afgevaardigden,
Afdeling V,Schoolreferenten,
Afdeling VI,Territoriale PECA-platforms,
Afdeling VII,Financiering van het PECA,
Afdeling VIII,Over de evaluatie van de uitvoering van de bepalingen betreffende het culturele en artistieke onderwijstraject,
TITEL V,"Autonomie van scholen, hun bestuur en de participatie",
HOOFDSTUK I,Autonomie van scholen,
Afdeling I,Educatief project en opvoedkundig project,
Afdeling II,Studieprogramma's,
Afdeling III,Schoolproject,
Afdeling IV,Studiereglement,
Afdeling V,Huishoudelijk reglement van de school,
Afdeling VI,Toegang tot de scholen,
HOOFDSTUK II,Sturing van scholen,
Afdeling I,Sturingsplan en doelstellingenovereenkomsten,
Afdeling II,Aanpassingsstelsel en samenwerkingsprotocol,
Afdeling III,Evaluatie van maatregelen inzake sturing van scholen,
HOOFDSTUK III,Participatie,
Afdeling I,Participatieraad,
Afdeling II,Afgevaardigden van leerlingen,
Afdeling III,Ouderverenigingen,
TITEL VI,Beheer van het onderwijssysteem,
HOOFDSTUK I,Sturing van het onderwijssysteem,
Afdeling I,Sturingscommissie,
Afdeling II,De cel voor coördinatiebemiddeling,
HOOFDSTUK II,Commissie voor referentiesystemen en programma's van de gemeenschappelijke kern en programmacommissies,
Afdeling I,Commissie voor referentiesystemen en programma's van de gemeenschappelijke kern,
Afdeling II,Programmacommissies,
HOOFDSTUK III,Externe evaluaties die niet met een getuigschrift worden bekrachtigd,
Afdeling I,Definities en doelstellingen,
Afdeling II,Organisatie,
Afdeling III,Verwerking van resultaten,
Afdeling IV,Maatregelen ter bescherming van de geheimhouding van de inhoud van externe evaluaties die niet worden bekrachtigd met een getuigschrift,
HOOFDSTUK IV,Evaluatiecommissie,
HOOFDSTUK V,Onderhandelingen tussen de Regering en de inrichtende machten,
HOOFDSTUK VI,Representatieve organisaties van ouders en ouderverenigingen,
TITEL VII,Rechten en plichten van leerlingen en hun ouders,
HOOFDSTUK I,Leerplicht,
Afdeling I,Algemene bepalingen,
Afdeling II,Regelmatig schoolbezoek,
Afdeling III,Huisonderwijs,
Afdeling IV,Schoolherinschakeling,
HOOFDSTUK II,Kosteloosheid,
HOOFDSTUK III,Vrije keuze,
HOOFDSTUK IV,Neutraliteit,
Afdeling I,Gemeenschappelijke bepalingen,
Afdeling II,De neutraliteit van het onderwijs georganiseerd door de Franse Gemeenschap,
Afdeling III,Neutraliteit van het gesubsidieerd officieel onderwijs,
HOOFDSTUK V,"Lessen godsdienst of niet-confessionele zedenleer, keuze tussen deze lessen en de tweede periode filosofie en burgerschap",
HOOFDSTUK VI,Opvoeding tot filosofie en burgerzin,
HOOFDSTUK VII,Inschrijvingsrecht,
Afdeling I,Algemene bepalingen,
Afdeling II,Specifieke bepalingen voor de inschrijving in het eerste leerjaar van het gewoon secundair onderwijs,
Onderafdeling I,Definities en algemene bepalingen,
Onderafdeling II,De Commissie voor inschrijvingsbeheer,
Onderafdeling III,Plaatselijke instanties voor inschrijvingen,
Onderafdeling IV,Volledige en onvolledige secundaire scholen,
Onderafdeling V,Vereisten voor de inschrijvingsperiode en het enig inschrijvingsformulier,
Onderafdeling VI,Inschrijvingsperiode,
Onderafdeling VII,Over de samengestelde index,
Onderafdeling VIII,Over de toewijzing van plaatsen door de directeur van de secundaire school,
Onderafdeling IX,Over de toewijzing van plaatsen door de CoGI en het samenstellen van wachtlijsten,
Onderafdeling X,Leerlingen met voorrang,
Onderafdeling XI,Uitzonderlijke gevallen of overmacht,
HOOFDSTUK VIII,Leerlingen met specifieke behoeften,
Afdeling I,Redelijke aanpassingen in het gewoon onderwijs,
Afdeling II,Integratie in het gewoon onderwijs,
HOOFDSTUK IX,Preventie van geweld op school en tucht,
HOOFDSTUK X,"Welzijn van leerlingen, verbetering van het schoolklimaat en voorkoming van pesten en cyberpesten",
Afdeling I,Algemene bepalingen,
Afdeling II,Welzijn van de leerlingen en schoolklimaat,
Afdeling III,Het kaderprogramma ter verbetering van het schoolklimaat door het voorkomen en bestrijden van pesten en cyberpesten,
Onderafdeling I,Toepassingsgebied,
Onderafdeling II,Inhoud van het kaderprogramma,
Onderafdeling III,Selectie van deelnemende scholen,
Onderafdeling IV,Erkende operatoren,
Onderafdeling V,Matching tussen geselecteerde scholen en erkende operatoren,
Onderafdeling VI,Subsidiëring van erkende operatoren die belast zijn met de ondersteuning van scholen,
Onderafdeling VII,"Specifiek opleidingsprogramma inzake schoolklimaat, voorkoming en bestrijding van pesten en cyberpesten",
Onderafdeling VIII,Steun aan deelnemende scholen,
Onderafdeling IX,De erkennings- en selectiecommissie,
Afdeling IV,Zonale platforms,
Afdeling V,Over het Waarnemingscentrum voor het schoolklimaat,
TITEL VIII,Onderwijstaal,
HOOFDSTUK I,Algemene bepalingen,
HOOFDSTUK II,Onderwijs van andere moderne talen dan het Frans,
HOOFDSTUK III,Taalbadonderwijs,
TITEL IX,Het schoolritme en het aantal schooldagen,
HOOFDSTUK I,Gemeenschappelijke bepalingen,
HOOFDSTUK II,Specifieke bepalingen voor het gewoon basisonderwijs,
HOOFDSTUK III,Specifieke bepalingen voor het gewoon secundair onderwijs,
HOOFDSTUK IV,Specifieke bepalingen voor het gespecialiseerd onderwijs,
TITEL X,Het begeleidingsdossier van de leerling (DAccE),
HOOFDSTUK I,Algemene bepalingen,
HOOFDSTUK II,Het doel en de structuur van het DAccE,
HOOFDSTUK III,Toegang tot het DAccE en gebruikersprofielen,
HOOFDSTUK IV,Het gebruik van het begeleidingsdossier van de leerling (DAccE),
Afdeling I,Voeding van het begeleidingsdossier van de leerling (DAccE),
Onderafdeling I,"Voeding voor de luiken ""administratief"" en ""schooltraject"" van het begeleidingsdossier van de leerling (DAccE)",
Onderafdeling II,"Over de voeding van het luik ""leerlingvolgsysteem"" van het begeleidingsdossier van de leerling (DAccE)",
Onderafdeling III,"Voeding van de afdeling ""procedures"" van het begeleidingsdossier van de leerling (DAccE)",
Afdeling II,Raadpleging van het begeleidingsdossier van de leerling (DAccE),
Afdeling III,Bewaring van gegevens in het begeleidingsdossier van de leerling (DAccE),
Afdeling IV,Regels voor het gebruik van het begeleidingsdossier van de leerling (DAccE),
Afdeling V,Bemiddelings- en beroepsprocedure inzake het gebruik van het begeleidingsdossier van de leerling (DAccE),
HOOFDSTUK V,Verantwoordelijkheid voor de verwerking van gegevens in het begeleidingsdossier van de leerling (DAccE),
HOOFDSTUK VI,Evaluatie van de uitvoering van het DAccE),
BOEK II,Gemeenschappelijke kern,
TITEL I,Definities,
TITEL II,Lesrooster voor leerlingen,
HOOFDSTUK I,Lesrooster voor leerlingen in het basisonderwijs,
HOOFDSTUK II,Lesrooster voor leerlingen in de lagere Raad van het secundair onderwijs,
HOOFDSTUK III,Leerdifferentiatie,
HOOFDSTUK IV,Lesrooster voor de leerlingen in het taalbadonderwijs,
TITEL III,Leerlingentraject,
HOOFDSTUK I,Het ritme van de leerling,
HOOFDSTUK II,Getuigschrift van basisonderwijs,
HOOFDSTUK III,Getuigschrift van de gemeenschappelijke kern,
TITEL IV,Schoolverandering,
TITEL V,Huiswerk,
TITEL IV,Evaluatie van de gemeenschappelijke kern,
BOEK 6,Transversale mechanismen,
TITEL I,Voortgezette beroepsopleiding van de leden van het onderwijsteam in de scholen en van de leden van het multidisciplinaire team in de PMS-centra,
HOOFDSTUK I,Toepassingsgebied en definities,
HOOFDSTUK II,Doelstellingen van de voortgezette beroepsopleiding,
HOOFDSTUK III,Algemene organisatie van de voortgezette beroepsopleiding,
Afdeling I,Algemene bepalingen,
Afdeling II,De voortgezette beroepsopleiding die beantwoordt aan collectieve behoeften,
Afdeling III,De voortgezette beroepsopleiding die beantwoordt aan geïndividualiseerde diensten,
HOOFDSTUK IV,Het opleidingsplan van de scholen en de PMS-centra,
HOOFDSTUK V,Sturing van de voortgezette beroepsopleiding,
Afdeling I,Opdrachten van de sturingscommissie in het kader van de voortgezette beroepsopleiding,
Afdeling II,De Raad voor de voortgezette beroepsopleiding,
Afdeling III,Vaststelling van prioritaire oriëntaties en thema's,
Afdeling IV,Vaststelling van algemene programma's en jaarlijkse programma's,
Afdeling V,Evaluatie van de voortgezette beroepsopleiding,
HOOFDSTUK VI,Regels betreffende de begunstigden van voortgezette beroepsopleiding,
HOOFDSTUK VII,Opleiders en operatoren van de voortgezette beroepsopleiding,
HOOFDSTUK VIII,De begroting voor voortgezette beroepsopleiding,
TITEL II,Territoriale polen belast met de ondersteuning aan scholen voor gewoon onderwijs in de uitvoering van redelijke aanpassingen en volledige permanente integratie,
HOOFDSTUK I,Definities,
HOOFDSTUK II,Structuur van de territoriale polen,
Afdeling 1,Algemene bepalingen,
Afdeling 2,Partnerschap tussen de territoriale pool en de partnerscholen,
Afdeling 3,De samenwerking tussen de territoriale pool en de samenwerkende scholen,
HOOFDSTUK III,Opdrachten van de territoriale polen,
HOOFDSTUK IV,Sturing van territoriale polen,
HOOFDSTUK V,Financiering van de territoriale polen,
Afdeling 1,Voorwaarden voor de toelating tot financiering,
Afdeling 2,Basisfinanciering,
Afdeling 3,Aanvullende financiering,
Afdeling 4,De envelop van punten van de territoriale pool,
Afdeling 5,Verlengingsvoorwaarden,
HOOFDSTUK VI,Het personeel van de territoriale polen,
Afdeling 1,Personeelsformatie,
Afdeling 2,De coördinator,
Afdeling 3,Het multidisciplinaire team,
HOOFDSTUK VII,De digitale toepassing 'e-polen',
