title,name,section
Boek 1,Algemene bepalingen Enige titel - Algemene bepalingen,
HOOFDSTUK I,Doelstellingen en middelen,
HOOFDSTUK II,Delegaties vanwege de Regering,
HOOFDSTUK III,Commissies,
Afdeling 1,Beleidsgroep Ruimtelijke Ordening,
Onderafdeling 1,Oprichting en opdrachten,
Onderafdeling 2,Samenstelling en werking,
Afdeling 2,Adviescommissie over de beroepen,
Afdeling 3,Gemeentelijke adviescommissie voor ruimtelijke ordening en mobiliteit,
Onderafdeling 1,Oprichting en opdrachten,
Onderafdeling 2,Samenstelling en werking,
HOOFDSTUK IV,Erkenningen,
HOOFDSTUK V,Subsidies,
Afdeling 1,Subsidies voor de opmaak van het basisdossier voor de herziening van het gewestplan,
Afdeling 2,"Subsidies voor de opmaak of de herziening van een (meer-)gemeentelijk ontwikkelingsplan, een plaatselijk beleidsontwikkelingsplan of een gemeentelijke handleiding voor stedenbouw",
Afdeling 3,"Subsidies voor de opmaak van een milieueffectenrapport in verband met een ontwerp van herziening van het gewestplan, een (meer-) gemeentelijk ontwikkelingsplan of een lokaal beleidsontwikkelingsplan",
Afdeling 4,""" Maisons de l'urbanisme "", "" Maison régionale de l'architecture et de l'urbanisme "" en "" Maison des plus beaux villages de Wallonie """,
Afdeling 5,Subsidies voor de werking en de vorming van de gemeentelijke commissie en voor de vorming van haar leden en het betrokken gemeentepersoneel,
Afdeling 6,Subsidies voor de indienstneming of het behoud van de indienstneming van één of meerdere adviseurs ruimtelijke ordening en stedenbouw,
Afdeling 7,Subsidie met betrekking tot de Permanente Conferentie van de ruimtelijke ontwikkeling,
HOOFDSTUK VI,Nadere regels voor verzendingen en het berekenen van termijnen,
HOOFDSTUK VII,Overgangsrecht,
Afdeling 1,Commissies,
Afdeling 2,Erkenningen,
Afdeling 3,Toelagen,
Boek 2,Planificatie,
Titel 1,Ontwikkelingsplannen,
HOOFDSTUK I,Ruimtelijk ontwikkelingsplan,
Afdeling 1,Begripsomschrijving en inhoud,
Afdeling 2,Procedure,
Afdeling 3,Herziening,
HOOFDSTUK II,Meergemeentelijk ontwikkelingsplan,
Afdeling 1-,Begripsomschrijving en inhoud,
Afdeling 2,Procedure,
Afdeling 3,Herziening,
HOOFDSTUK III,Gemeentelijke ontwikkelingsplannen,
Afdeling 1,Algemeen,
Afdeling 2,Begripsomschrijving en inhoud,
Onderafdeling 1,Gemeentelijk ontwikkelingsplan,
Onderafdeling 2,Lokaal beleidsontwikkelingsplan,
Afdeling 3,Procedure,
Afdeling 4,Herziening,
HOOFDSTUK IV,Opvolging van de milieueffecten,
HOOFDSTUK V,Opheffing,
HOOFDSTUK VI,Juridische gevolgen en hiërarchie,
Afdeling 1,Rechtsgevolgen,
Afdeling 2,Hiërarchie,
Titel 2,Gewestplannen,
HOOFDSTUK I,Algemene bepalingen,
HOOFDSTUK II,Inhoud,
Afdeling 1,Algemeen,
Onderafdeling 1,Verkeersnetten en leidingen voor het vervoer van vloei- en energiestoffen,
Onderafdeling 2,Doelstellingen en effecten van de beschermingsomtrekken,
Onderafdeling 3,Grafische weergave van het gewestplan,
Afdeling 2,Bestemming en algemene voorschriften van de gebieden,
DUITSTALIGE_GEMEENSCHAP,"In de zin van deze afdeling wordt verstaan onder goed, een in rechte en feite homogeen onroerend geheel",
Onderafdeling 1,Gebieden van aanhorigheden van ontginningen,
Onderafdeling 2,Landbouwgebieden,
DUITSTALIGE_GEMEENSCHAP,"Kleine schuilplaatsen voor dieren. Kleine schuilplaatsen voor dieren worden tegen volgende cumulatieve voorwaarden toegelaten : 1° één enkele schuilplaats per goed; 2° de bodemoppervlakte beslaat maximum zestig vierkante meter; 3° de schuiplaats bestaat uit één enkel verdiepingloos eenvoudig bouwvolume met een donker, mat lessenaarsdak of zadeldak waarvan beide hellende delen dezelfde hellingsgraad vertonen of met een groendak met uitsluitend inlandse soorten; 4° de opgaande muren bestaan uit hout die enkel ingestreken mogen worden met een donkerkleurig beschermingsproduct. De oppervlakte bedoeld in lid 1, 2°, kan met vijftien vierkante meter uitgebreid worden met het oog op de opslag van diervoeders",
DUITSTALIGE_GEMEENSCHAP,"Modules voor de productie van elektriciteit en warmte. Een biomethaniseringseenheid per goed wordt toegelaten op voorwaarde dat dit verenigbaar is met de omgeving. Een windturbine per goed wordt toegelaten voor zover de mast hoogstens vierentwintig meter meet. Een module voor de productie van elektriciteit of warmte met de zon als energiebron wordt tegen volgende voorwaarden toegelaten : 1° ofwel, de module wordt rechtstreeks op een bestaand gebouw aangebracht; 2° ofwel, de module wordt rechtstreeks of via een montageconstructie in de bodem verankerd voor zover de module, in verhouding tot de openbare toegangsweg, achter de gebouwen geplaatst wordt",
Onderafdeling 3,Bosgebieden,
Onderafdeling 4,"Lijst van de handelingen en werken die uitgevoerd mogen worden in een parkgebied, zoals bedoeld in artikel D.II.40",
Onderafdeling 5,"Uitvoering van een gebied waarvan de inrichting door de gemeente aan een overlegprocedure onderworpen wordt zoals bedoeld in artikel D.II.42, § 2",
Afdeling 3,Tracé van de hoofdinfrastructuren,
HOOFDSTUK III,Procedure,
Afdeling 1,Inhoud van het basisdossier,
Afdeling 2,Op de herziening toepasselijke principes,
Afdeling 3,Gewone herzieningen,
Onderafdeling 1,Herzieningen op initiatief van de Regering,
Onderafdeling 2,Herzieningen op initiatief van de gemeente,
Onderafdeling 3,Herziening op initiatief van een privé- of publiekrechtelijke natuurlijke of rechtspersoon,
Onderafdeling 4,Gemeenrechtelijke procedure,
Afdeling 4-,Versnelde herzieningen,
Onderafdeling 1,Procedure voor de herziening van een gewestplan met het oog op de opneming van een gebied van gewestelijk belang zonder compensatie,
Onderafdeling 2,Herziening van een gewestplan met het oog op de opneming van een gebied van gemeentelijk belang zonder compensatie of herziening van een gewestplan waarvoor geen compensatie vereist is,
Afdeling 5,Opmakingsprocedure,
HOOFDSTUK IV,Gezamenlijke procedure plan-vergunningen,
HOOFDSTUK V,Juridische gevolgen,
Afdeling 1,Algemeen,
Titel 3,Overgangsrecht,
HOOFDSTUK I,Gewestelijk ruimtelijk ontwikkelingsplan,
HOOFDSTUK III,Gemeentelijke ontwikkelingsplannen,
Afdeling 1,Gemeentelijk structuurplan,
Afdeling 2,Stedenbouwkundig en leefmilieuverslag,
HOOFDSTUK III,Plannen van aanleg,
Afdeling 1,Gewestplan,
Onderafdeling 1,Bestemming en algemene voorschriften van de gebieden,
Onderafdeling 2,Procedure,
Afdeling 2,Gemeentelijk plan van aanleg,
Onderafdeling 1,Juridische draagwijdte,
Onderafdeling 2,Procedure,
HOOFDSTUK IV,Andere plannen en schema's,
Boek 3,Handleidingen voor stedenbouw,
Titel 1,Gewestelijke handleiding voor stedenbouw,
HOOFDSTUK I,Algemeen,
HOOFDSTUK II,Inhoud,
HOOFDSTUK III,Procedure,
Titel 2,de gemeentelijke handleiding voor stedenbouw,
HOOFDSTUK I,Algemeen,
HOOFDSTUK II,Inhoud,
HOOFDSTUK III,Procedure,
Titel 3,Gemeenschappelijke bepalingen,
HOOFDSTUK I,Herziening en opheffing,
HOOFDSTUK II,Juridische gevolgen,
HOOFDSTUK III,Hiërarchie,
Afdeling 1,Het verband tussen de gewestelijke handleiding en de gemeentelijke handleiding,
Afdeling 2,Het verband tussen de ontwikkelingsplannen en de handleidingen,
Titel 4,Overgangsrecht,
HOOFDSTUK I,Gewestelijke stedenbouwkundige verordeningen,
HOOFDSTUK II,Gemeentelijke stedenbouwkundige verordeningen,
Boek 4,Stedenbouwkundige vergunningen en attesten,
Titel 1,Algemeen,
HOOFDSTUK I,Begrippen,
HOOFDSTUK II,Handelingen die onderworpen zijn aan een bebouwingsvergunning,
HOOFDSTUK III,Handelingen en werken onderworpen aan een stedenbouwkundige vergunning,
DUITSTALIGE_GEMEENSCHAP,"Gehele of gedeeltelijke wijziging van de bestemming van een goed De gehele of gedeeltelijke wijziging van de bestemming van een goed in de zin van artikel D.IV.4, eerste lid, 7°, is diegene die in een bestaand bouwwerk of daarbuiten, een nieuwe functie creëert die verschillende is van de hoofdfunctie gevestigd op het goed en die volgens het geval bestaat uit de uitvoering van : 1° nuts- of gemeenschapsvoorzieningen, voor zover de voorziening zich buiten een gebied voor openbare nutsvoorzieningen en gemeenschapsvoorzieningen bevindt bedoeld in artikel D.II.26; 2° een culturele voorziening, voor zover de voorziening zich buiten een gebied voor openbare nutsvoorzieningen en gemeenschapsvoorzieningen bevindt bedoeld in artikel D.II.26; 3° een recreatieve voorziening, voor zover de voorziening zich buiten een recreatiegebied bevindt bedoeld in artikel D.II.27; 4° een ambachtelijke activiteit, van kleine industrie of opslag, voor zover het goed zich bevindt buiten een gemengde bedrijfsruimte bedoeld in artikel D.II.29 of een gebied met een economisch karakter waarvan de inrichting aan gemeentelijk overleg onderworpen is bedoeld in artikel D.II.32 en bestemd om de activiteiten bedoeld in artikel D.II.29 te ontvangen; 5° het verkoops- of ruilaanbod van goederen en erfdienstbaarheden in een ruimte die meer dan driehonderd vierkante meter bedraagt, voor zover het goed zich bevindt buiten een gemengde bedrijfsruimte bedoeld in artikel D.II.29 of een gebied met een economisch karakter waarvan de inrichting aan gemeentelijk overleg onderworpen is bedoeld in artikel D.II.32 en bestemd om de activiteiten bedoeld in artikel D.II.29 te ontvangen. De terbeschikkingstelling ter betaling, zelfs op occasionele basis, van een of meer bestaande kamers als toeristische logiesverstrekkende inrichting is een wijziging van het gebruik van een onroerend goed of een deel ervan. Voor het verstrekken van minder dan zes kamers die als toeristische logiesverstrekkende inrichting in de woning worden gebruikt, is echter geen vergunning vereist. Als de bestemming van een goed in de zin van artikel D.IV.4, eerste lid, 7°, geheel of gedeeltelijk wordt gewijzigd, gaat het om de omschakeling in woongebruik van op de begane grond van de straat gelegen ruimten in een bestaand bouwwerk die worden gebruikt voor de verkoop of ruil van goederen en diensten of voor een drinkgelegenheid, ongeacht de grootte van de ruimten en zelfs indien daarbij geen nieuwe woning wordt gecreëerd. Onverminderd artikel D.IV.4, derde lid, is het gebruik als studentenkamer die als kot wordt bewoond, van één of meerdere bestaande kamers een gehele of gedeeltelijke wijziging van de bestemming van een goed. In het geval dat de handelingen en werken betreffende de wijziging van de bestemming van een goed geheel of gedeeltelijk onder de toepassing van artikel D.IV.4, eerste lid, 1°, vallen, maken de wijziging van de bestemming alsook de handelingen en werken het voorwerp uit van één en dezelfde vergunningsaanvraag. Voor de toepassing van het tweede en derde lid kan de kamer bestaan uit een of meer vertrekken, maar mag deze niet alle basisfuncties van de woning bevatten, zoals genoemd in artikel D.IV.4, tweede lid",
DUITSTALIGE_GEMEENSCHAP,"Kerstbomenteelt De kerstbomenteelt wordt onderworpen aan een stedenbouwkundige vergunning in een gebied voor openbare nutsvoorzieningen en gemeenschapsvoorzieningen, in een recreatiegebied, in de bedrijfsruimtes, in gebied van gewestelijk belang, in een gebied van gemeentelijk belang, in een groengebied, in een natuurgebied, in een parkgebied, in een ontginningsgebied en in een gebied waarvan de inrichting aan een gemeentelijk overleg is onderworpen. De kerstbomenteelt wordt onderworpen aan een vergunning in een woongebied, in een woongebied met landelijk karakter, in een landbouwgebied en in een bosgebied als ze één van de volgende voorwaarden vervult : 1° ofwel gebeurt de exploitatie buiten het kader van een beroepsactiviteit; 2° ofwel impliceert het project een wijziging van het bodemreliëf of een drainage; 3° ofwel heeft het project betrekking op een grond gelegen : a) in een omtrek met waardevolle vergezichten bedoeld in artikel D.II.21, § 2, 1°, b) in een landschappelijk waardevolle omtrek bedoeld in artikel D.II.21, § 2, 3°, c) in een site die in aanmerking komt voor het Natura 2000-net of een Natura 2000-locatie erkend krachtens de wet van 12 juli 1973 op het natuurbehoud, met uitzondering van de uitvoering van een beheersplan van een domaniaal natuurreservaat, een erkend natuurreservaat, of een bosreservaat in de zin van de wet van 12 juli 1973 op het natuurbehoud; d) in een site met een hoge biologische waarde opgenomen op de cartografische portaalsite van de ""SPW"" (Waalse Overheidsdienst); 4° ofwel neemt het project de voorschriften bedoeld in de artikelen D.II.37 en R.II.37-1 in bosgebied niet in acht. Als de aanvraag niet onderworpen is aan een vergunning, verwittigt de producent van kerstbomen het gemeentecollege van het begin van de beplantingswerkzaamheden vijftien dagen vóór hun aanvang",
DUITSTALIGE_GEMEENSCHAP,"Begripsomschrijvingen Voor de toepassing van de artikelen R.IV.4-6, R .IV.4-7 en R.IV.4-8, wordt verstaan onder : 1° haag, verzameling struiken en bomen die op een korte afstand van elkaar geplant zijn om een dichtbegroeide strook van hoofdzakelijk struiken te vormen die zich voordoet onder één van de volgende vormen : a) de gesnoeide haag is de haag die op een bepaalde breedte en hoogte wordt gehouden door regelmatige snoeibeurten; b) de vrij groeiende haag is een haag met een variabele hoogte en breedte waarvan de groei enkel ingeperkt wordt door een occasionele snoeibeurt; c) de windscherm haag is een vrije haag die naast struiken ook bomen telt en door het bestaan van meerdere rangen diep wordt; 2° struik, houtachtige soort waarvan de groei niet hoger is dan zeven meter; 3° pad, een rij van bomen; 4° openbare ruimte, plaatsen die toegankelijk zijn voor het publiek zonder toelating zoals de wegen, de plaatsen, de openbare parken. Voor de toepassing van de artikelen R .IV.4-7 en R.IV.4-8, wordt verstaan onder : 1° groep van bomen, een geheel van bomen waarvan de takken en de twijgen elkaar aanraken en een omvang vormen waarvan de spreiding op de bodem aansluit op een cirkel van maximum vijftien meter omtrek vanaf het centrum van de groep; 2° groep van struiken, een geheel van struiken waarvan de takken en de twijgen elkaar aanraken en een omvang vormen waarvan de spreiding op de bodem aansluit op een cirkel van maximum vier meter omtrek vanaf het centrum van de groep",
DUITSTALIGE_GEMEENSCHAP,"Hagen en alleeën De haag bedoeld in artikel D.IV.4, 11°, b), voldoet cumulatief aan de volgende voorwaarden: 1° ze bestaat voornamelijk uit inheemse soorten; 2° ze heeft een onafgebroken lengte van minstens tien meter; 3° de maximale breedte tussen de buitenste stamvoeten bedraagt tien meter. De allee bedoeld in artikel D.IV.4, 11°, b), voldoet cumulatief aan de volgende voorwaarden: 1° ze telt minstens tien hoogstammige bomen die in ten minste één rij staan; 2° de maximale afstand tussen elke boom is veertig meter",
DUITSTALIGE_GEMEENSCHAP,"Waardevolle hagen Voor de toepassing van artikel D.IV.4, 12°, worden beschouwd als waardevolle hagen : 1° de hagen die geregistreerd zijn voor hun landschappelijke, historische, dendrologische, folkloristische of religieuze waarde, die van bijzonder biologisch belang zijn, een uitzonderlijke lengte hebben of het feit dat ze een geografisch baken vormen, op lijsten opgesteld overeenkomstig artikel R.IV.4-9; 2° de hagen uit voornamelijk inlandse soorten die sedert meer dan dertig jaar op het openbaar domein van de wegen geplant zijn",
HOOFDSTUK IV,Afwijkingen en verschillen,
Afdeling 1,Verschillen,
Afdeling 2,Afwijkingen,
Titel 2,Procedure,
HOOFDSTUK I,Bevoegde overheden,
Afdeling 1,Gemeentecollege,
Onderafdeling 1,Algemeen,
Onderafdeling 2,Vergunning,
Onderafdeling 3,Stedenbouwkundige attesten,
Afdeling 2,Gemachtigde ambtenaar,
Afdeling 2_DUITSTALIGE_GEMEENSCHAP,Regering,
Onderafdeling 1,Vergunning,
Onderafdeling 2,Stedenbouwkundig attest,
Afdeling 3,Regering,
Afdeling 3_DUITSTALIGE_GEMEENSCHAP,Beroepsinstantie,
HOOFDSTUK II,Aanvraagdossiers,
Afdeling 1,Vergunningsaanvraagdossier,
DUITSTALIGE_GEMEENSCHAP,"§ 1. - De aanvraag van een stedenbouwkundige vergunning waarvoor een architect moet worden ingeschakeld, wordt ingediend via het formulier in bijlage 4, waarin de inhoud van dat formulier wordt vastgelegd voor de projecten. De aanvraag van een stedenbouwkundige vergunning waarvoor geen architect hoeft te worden ingeschakeld, wordt ingediend via het formulier in bijlage 5, waarin de inhoud van dat formulier wordt vastgelegd voor de projecten. De aanvraag van een stedenbouwkundige vergunning voor handelingen die volgende doeleinden hebben, wordt ingediend via het formulier in bijlage 6, waarin de inhoud van dat formulier wordt vastgelegd: 1° bebossing, ontbossing, het vellen van hoogstammige alleenstaande bomen, van hagen of van alleeën; 2° kerstbomenteelt, het vellen dat schade toebrengt aan het wortelstelsel; 3° wijziging van het uitzicht van waardevolle bomen, struiken of hagen; 4° het rooien of wijzigen van de vegetatie in een gebied waarvan de bescherming noodzakelijk wordt geacht door de Regering. Als de vergunningsaanvraag betrekking heeft op verschillende objecten die verschillende formulieren vereisen, dan worden deze formulieren bij het dossier gevoegd en vormen ze één enkele vergunningsaanvraag. § 2. De aanvraag tot bebouwingsvergunning of wijziging van de bebouwingsvergunning wordt ingediend door het formulier opgenomen in bijlage 10 te gebruiken die de inhoud ervan vastlegt",
Afdeling 2,Aanvraagdossier voor een stedenbouwkundig attest,
HOOFDSTUK III,Projectvergadering,
HOOFDSTUK IV,Indiening van de aanvraag,
Afdeling 1,Algemeen,
HOOFDSTUK V,Raadplegingen,
HOOFDSTUK VI,Aanvullende formaliteiten,
Afdeling 1,Bijzondere bekendmakingmaatregelen,
Onderafdeling 1,Aanvragen onderworpen aan een openbaar onderzoek,
Onderafdeling 2,Aanvragen onderworpen aan een project aankondiging,
Afdeling 2,Opening en wijziging van gemeentewegen,
Afdeling 3,Wijziging van de vergunningsaanvraag in de loop van de procedure,
Afdeling 4,Voorafgaandelijk verkrijgen van een erfgoedcertificaat,
Afdeling 5,Recreatieve logies,
Onderafdeling 1,Algemeen,
Afdeling 2,Voorwaarden voor de vestiging van een vakantiedorp,
Onderafdeling 3,Vergunningsaanvraagdossier voor een vakantiedorp,
Onderafdeling 4,Inrichtings- en bebouwingsvoorwaarden voor weekendverblijfparken,
Onderafdeling 5,Vergunningsaanvraagdossier voor een weekendverblijfpark,
HOOFDSTUK VII,Beslissingen over aanvragen van vergunningen en stedenbouwkundige attesten,
Afdeling 1,Termijn,
Onderafdeling 1,Beslissing van het gemeentecollege,
Onderafdeling 2,Beslissing van de gemachtigd ambtenaar of van de Regering,
Onderafdeling 2_DUITSTALIGE_GEMEENSCHAP,Beslissing van de Regering,
Onderafdeling 3,Beslissing van het Parlement,
Onderafdeling 4,Aflevering van het stedenbouwkundig attest nr. 1,
Afdeling 2,Inhoud van de beslissing,
Onderafdeling 1,Algemeen,
Onderafdeling 2,Stedenbouwkundige lasten,
Onderafdeling 3,Motieven in verband met het bouwrijp maken van gronden,
Onderafdeling 4,"Motieven in verband met de bescherming van de personen, de goederen of het leefmilieu",
Onderafdeling 5,Motieven in verband met de lopende planologie,
Afdeling 3,Diverse bepalingen,
Onderafdeling 1,Volgorde van de werken,
Onderafdeling 2,Financiële garanties,
Afdeling 4,Beslissingen over aanvragen van stedenbouwkundige attesten nr. 2,
HOOFDSTUK VIII,Toezicht van de gemachtigd ambtenaar op de vergunningen en attesten,
HOOFDSTUK VIII. DUITSTALIGE_GEMEENSCHAP,Toezicht van de Regering op de vergunningen en attesten,
HOOFDSTUK IX,Beroepen,
Afdeling 1,Beroepsgerechtigden,
Afdeling 2,Procedure,
66-1/1,"De hoorzittingen bedoeld in artikel D.IV.66 van het Wetboek van Ruimtelijke Ontwikkeling worden virtueel per video-call gehouden. De auteur van het beroep, met uitzondering van het gemeentecollege wanneer dit de verzoeker is, kan weigeren dat de hoorzitting per video-call plaatsvindt door dit binnen vijf dagen na ontvangst van het ontvangstbewijs per e-mail of telefonisch te melden aan de Directie Juridische Aangelegenheden, Beroepen en Geschillen van de Waalse Overheidsdienst Gebiedsontwikkeling, Woonbeleid, Erfgoed en Energie, die de ontvangstbevestiging heeft verstuurd. Wanneer de hoorzitting via video-call wordt gehouden, kunnen de genodigde personen of instanties, na een uiteenzetting ervan, een motiveringsnota of elk aanvullend stuk dat ze nuttig achten bij het dossier voegen. Het voegen ervan bij het dossier gebeurt elektronisch op het einde van de hoorzitting op het adres van de vaste secretaris",
Afdeling 3,Beslissing,
HOOFDSTUK X,Formaliteiten ter afronding van het beslissingsstadium,
Afdeling 1,Aanplakking van de vergunning,
Afdeling 2,Kennisgeving van de aanvang van de werken,
Afdeling 3,Aanwijzing van de plaats van vestiging van nieuwbouw,
Afdeling 4,Aanmelding van voltooiing van de werken,
Afdeling 5,Vaststelling van de uitvoering van de stedenbouwkundige voorwaarden of lasten en tienjarige verantwoordelijkheid,
Afdeling 6,Bekendmaking,
Titel 3,Effecten van de vergunning,
HOOFDSTUK I,Algemeen,
HOOFDSTUK II,Vergunningen met beperkte duur,
HOOFDSTUK III,Vervallen van vergunningen,
Afdeling 1,Vervallen van de bebouwingsvergunning,
Afdeling 2,Vervallen van de stedenbouwkundige vergunningen,
Afdeling 3,Gemeenschappelijke bepalingen,
HOOFDSTUK G,IV - Opschorting van de vergunning,
HOOFDSTUK V,Intrekking van de vergunning,
HOOFDSTUK VI,Overdracht van de vergunning,
HOOFDSTUK VII,Afzien van de vergunning,
HOOFDSTUK VIII,Wijziging van de bebouwingsvergunning,
Titel 4,Gevolgen van het stedenbouwkundig attest,
Titel 5,Verplichtingen tot informatieverstrekking over het administratieve statuut van de goederen,
HOOFDSTUK I,Vermeldingen in akten van overdracht,
HOOFDSTUK II,Akte voorafgaand aan elke verdeling,
Afdeling 1,Verdeling na toekenning van een vergunning,
Afdeling 2,Niet-vergunningsplichtige verdeling,
HOOFDSTUK III,Akte na de wijziging van de bebouwingsvergunning,
HOOFDSTUK IV,Informatie over de overdracht van de vergunningen,
Titel 6,Te verstrekken inlichtingen,
Titel 7,Vergunningen in verband met andere administratieve diensten,
Titel 8,Overgangsrecht,
HOOFDSTUK I,Procedure,
HOOFDSTUK II,Juridische gevolgen,
Afdeling 1,Bebouwingsvergunningen,
Onderafdeling 1,Rechtsgeldigheid,
Onderafdeling 2,Verval,
Onderafdeling 3,Wijziging,
Afdeling 2,Het vervallen van de stedenbouwkundige vergunningen,
Boek 5,Operationele ruimtelijke ordening en stedenbouw,
Titel 1,Te herontwikkelen bedrijfsruimten,
HOOFDSTUK I,Algemeen,
HOOFDSTUK II,Procedure m.b.t. de aanneming van de omtrek,
HOOFDSTUK III,Onderzoekingen,
HOOFDSTUK IV,Vervreemding,
HOOFDSTUK V,Instandhouding van de schoonheid van de landschappen,
HOOFDSTUK VI,Overgangsrecht,
Titel 2,sites bestemd voor herontwikkeling wat betreft de landschappen en het leefmilieu,
HOOFDSTUK I,Sites bestemd voor herontwikkeling wat betreft de landschappen en het leefmilieu,
HOOFDSTUK II,Overgangsrecht,
Titel 3,Stedelijke verkavelingsomtrekken,
HOOFDSTUK I,Algemeen,
HOOFDSTUK II,Procedure m.b.t. de aanneming van de omtrek,
HOOFDSTUK III,Overgangsrecht,
Titel 4,stadsheropleving,
Titel 5,Stadsvernieuwing,
Titel 6,Bevoorrechte initiatiefgebieden,
Titel 7,Gezamenlijke procedure voor omtrekken en vergunningen,
Titel 8,Fonds voor operationele inrichting en fonds voor de sanering van de te herontwikkelen locaties en locaties met te herontwikkelen landschappen en milieus,
Titel 9,Financiële bepalingen,
HOOFDSTUK I,Beginsel,
Afdeling 1,Subsidies toegekend aan de publiekrechtelijke personen voor de aankoop van goederen opgenomen in een herin te richten locatie en voor de voorafgaande studies of handelingen en werken uitgevoerd in een omtrek met betrekking tot een herin te richten locatie,
Onderafdeling 1,Algemeen,
Onderafdeling 2,Aankopen,
Onderafdeling 3,Studies en handelingen en herontwikkelings- en renovatiewerken,
Afdeling 2,"Subsidies aan de privaatrechtelijke personen voor de voorafgaande studies of handelingen en werken uitgevoerd in een omtrek met betrekking tot een herin te richten locatie of locatie met herstel van landschap en leefmilieu overeenkomstig artikel D.V.19, 2°",
Afdeling 3,"Subsidies aan de privaatrechtelijke natuurlijke of rechtspersonen voor de handelingen en werken uitgevoerd in een omtrek met betrekking tot een herin te richten locatie of locatie met herstel van landschap en leefmilieu overeenkomstig artikel D.V.19, 3°",
Afdeling 4,Subsidies voor de uiterlijke verfraaiing van de woongebouwen,
Afdeling 5,Nadere regels voor de uitbetaling van de subsidies,
HOOFDSTUK II,Overgangsrecht,
Boek 6,Grondbeleid,
Titel 1,Onteigeningen en vergoedingen,
HOOFDSTUK I,Goederen die onteigend zouden kunnen worden,
HOOFDSTUK II,Onteigenende overheden,
HOOFDSTUK III,Administratieve procedure,
HOOFDSTUK IV,Gerechtelijke procedure,
HOOFDSTUK V,Berekening van de vergoedingen,
HOOFDSTUK VI,Onteigening op verzoek van een derde,
HOOFDSTUK VII,Aankoopcomité,
HOOFDSTUK VIII,Verzaak aan de onteigening,
HOOFDSTUK IX,Overgangsrecht,
Titel 2,Voorkooprecht,
HOOFDSTUK I,Toepassingsgebied,
Afdeling 1,De omtrekken van voorkoop,
Afdeling 2,Voorwerp van de voorkoop,
Afdeling 3,Voorkoopgerechtigde overheden,
Afdeling 4,Akten die de voorkoopprocedure doen ontstaan,
Afdeling 5,Duurtijd,
HOOFDSTUK II,Procedure m.b.t. de aanneming van de omtrekken,
HOOFDSTUK III,Voorkoopprocedure,
Afdeling 1,Verklaring van het voornemen tot vervreemding,
Afdeling 2,Overdracht van de verklaring van het voornemen tot vervreemden,
Afdeling 3,Beslissing van de voorkoopgerechtigden,
Afdeling 4,Verzaking aan de uitoefening van het recht van voorkoop,
Afdeling 5,Voorkoop en betaling van de prijs,
HOOFDSTUK IV,Diverse bepalingen,
HOOFDSTUK V,Overgangsrecht,
Titel 3,ruilverkaveling en herverkaveling,
Titel 4,stelsel van de minderwaarden en de winsten,
HOOFDSTUK 1,Vergoeding van de minderwaarden,
Afdeling 1,Beginsel,
Afdeling 2,Onverschuldigde vergoeding,
Afdeling 3,Vermindering of weigering van de vergoeding,
Afdeling 4,Ontstaan van het recht op de vergoeding,
Afdeling 5,Berekening van de vergoeding,
Afdeling 6,Procedure,
Afdeling 7,Uitvoering van de verplichting tot vergoeding,
Afdeling 8,Overgangsrecht,
HOOFDSTUK II,Planwinstenstelsel,
Afdeling 1,Gewestelijke retributie,
Onderafdeling 1,"Grondslag, vrijstellingen en opschortingen",
Onderafdeling 2,De retributieplichtige,
Onderafdeling 3-,Berekening van de retributie,
Onderafdeling 4-,Register van de grondwinsten,
Onderafdeling 5,"Vestiging, inning, vordering, betaaltermijnen en beroepen",
Onderafdeling 6,Evaluatie,
Onderafdeling 7,Overgangsrecht,
Afdeling 2,Gemeentelijke retributies,
Boek 7,overtredingen en straffen,
HOOFDSTUK I,Strafbare handelingen,
HOOFDSTUK II,Overtreders,
HOOFDSTUK III,Vaststelling van de overtredingen,
Afdeling 1,Vaststellende beambten,
Afdeling 2,Voorafgaande waarschuwing en het in overeenstemming brengen,
Afdeling 3,Proces-verbaal,
Afdeling 3,Verzoeken tot opheffen van het bevel,
Afdeling 4,Aanvullende maatregelen,
HOOFDSTUK V,Vervolging voor de correctionele rechtbank,
HOOFDSTUK VI,Vergelijk en teruggavemaatregelen,
Afdeling 1,Afwezigheid van vervolgingen,
Afdeling 2,Overleg,
Afdeling 3,Vergelijk en regularisatie,
Onderafdeling 1,Vergelijk,
DUITSTALIGE_GEMEENSCHAP,"Het bedrag van de transactiesom bedoeld in artikel D.VII.19, wordt berekend als volgt : 1° bouw, heropbouw of uitbreiding van gebouwen bestemd voor bewoning, van gebouwen voor landbouwdoeleinden, van aanhorigheden, van bijgebouwen of alleenstaande gebouwen zoals kelderverdiepingen, garages, veranda's, serres, tuinhuizen, dierenschuilplaatsen : a) 15 euro per m voor de overtredingen gaande van 1 tot 100 m; b) 25 euro per m voor het strafbare volume boven 100 m, buiten gemeten; 2° bouw, heropbouw of uitbreiding van gebouwen voor industriële, handels-, beroeps- of kantoordoeleinden : a) 25 euro per mvoor de overtredingen gaande van 1 tot 100 m; b) 50 euro per m3 voor het strafbare volume boven 100 m, buiten gemeten; bouw, heropbouw of uitbreiding van open bijkomende volumes zoals de stallingen : 10 euro per m 4° vestiging van een gebouw dat niet overeenstemt met de verleende vergunning : 25 euro per m grondinneming; 5° plaatsen van vaste installaties : 100 euro per m grondinneming of 100 euro per strekkende meter, in de hoogte berekend, waarbij het hoogste bedrag wordt toegepast; 6° plaatsen van uithang- en reclameborden : 100 euro per m; 7° sloop : 25 euro per m grondinneming; 8° verbouwen van een opgetrokken of op te trekken gebouw, waarbij de draagstructuren ervan wijzigingen ondergaan : 250 euro; 9° verbouwen van een opgetrokken of op te trekken gebouw, waarbij er een wijziging in diens volumetrie optreedt : 15 euro per m3, buiten gemeten; 10° wijziging van het aanzicht van de dakmaterialen of bekleding van de opgaande muren : 25 euro per m; 11° opening, wijziging of sluiting van vensteropeningen in het dak of in de opgaande muren : 100 euro per vensteropening; 12° vervanging van deuren of ramen : 250 euro per deur of raam; 13° een nieuwe woning inrichten in een bestaand bouwwerk : 1.000 1000 euro per woning; 14° gehele of gedeeltelijke wijziging van de bestemming van een goed : 25 euro per m00b3 van het gebouw buiten gemeten wanneer de wijziging van bestemming wordt uitgevoerd in een bestaand woning of 100 euro per m grond wanneer de wijziging van bestemming wordt uitgevoerd buiten een bestaand bouwwerk; 15° wijziging in een gebouw waarvan de bij stedenbouwkundige vergunning toegelaten bestemming commercieel is, wijziging van de verdeling van de verkoopoppervlakten en van de toegelaten handelsactiviteiten : 25 euro per m; 16° de merkelijke wijziging van het reliëf van de bodem, met inbegrip van het aanleggen van dammen of het uitgraven van holtes : 10 euro per m00b3; 17° bebossing, ontbossing, met inbegrip van de bosbouw en de kerstbomenteelt : 5 euro per m beboste of ontboste oppervlakte of die het voorwerp uitmaakt van een kerstbomenteelt; 18° vellen van alleenstaande hoogstammige bomen in groengebieden of in de omtrek van een plaatselijk beleidsontwikkelingsplan : 100 euro per gevelde boom; 19° vellen van hagen of paden : 15 euro per strekkende meter van gevelde haag, 250 euro per gevelde boom in het pad; 20° vellen van waardevolle bomen, struiken of hagen : 1.000 euro per boom, 500 euro per struik, 25 euro per strekkende meter van gevelde haag; 21° wijziging van het silhouet van waardevolle bomen, struiken of hagen : 500 euro per boom, 250 euro per struik, 10 euro per strekkende meter van haag; 22° werken die het stelsel van wortels van waardevolle bomen, struiken of hagen beschadigen : 350 euro per boom, 175 euro per struik, 7 euro per strekkende meter van haag; 23° rooien van de beplanting bedoeld in artikel D.IV.4, eerste lid, 13° : 25 euro per m van gerooide oppervlakte; 24° wijziging van de beplanting bedoeld in artikel D.IV.4, eerste lid, 13° : 15 euro per m van gewijzigde oppervlakte; 25° opslag van afgedankte wagens : 100 euro per voertuig; 26° opslag van oud ijzer, materialen, afvalstoffen : 25 euro per mü; 27° plaatsen van mobiele installaties zoals woonwagens, caravans en tenten : 100 euro per installatie; 28° optrekken van muren : 25 euro per strekkende meter; 29° plaatsen van omheiningen : 15 euro per strekkende meter; 30° plaatsen van portieken of hekjes : 100 euro per portiek of hekje; 31° uitvoeren van kunstwerken zoals bruggen, tunnels, wegen, leidingen : 10% van de geraamde kostprijs van de werken; 32° de uitvoering van handelingen of werken die niet in de punten 1° tot 31° bedoeld worden : van minimum 250 euro tot maximum 2.500 euro",
Onderafdeling 2,Regularisatievergunning ten gevolge van een proces-verbaal tot vaststelling,
Afdeling 4,Teruggavemaatregelen,
HOOFDSTUK VII,Vervolging voor de correctionele rechtbank,
HOOFDSTUK VIII,Recht van derden en diverse bepalingen,
HOOFDSTUK IX,Overgangsrecht,
Boek 8,Inspraak en evaluatie van de gevolgen van de plannen en programma's,
Titel 1,Inspraak van het publiek,
HOOFDSTUK I,Algemene bepalingen,
Afdeling 1,"Indeling van de plannen, omtrekken, ontwikkelingsplannen, leidraden, vergunningen en stedenbouwkundige attesten nr. 2",
Afdeling 2,Algemene principes van de inspraak,
HOOFDSTUK II,Voorafgaandelijke informatievergadering,
HOOFDSTUK III,Project aankondiging,
HOOFDSTUK IV,Openbaar onderzoek,
Afdeling 1,Maatregelen inzake de algemene aankondiging van het openbaar onderzoek,
Afdeling 2,Informatievergadering over het ruimtelijk ontwikkelingsplan,
Afdeling 3,Maatregelen inzake de individuele aankondiging van het openbaar onderzoek,
Afdeling 4,Bijkomende bekendmaking,
Afdeling 5,Duur van het openbaar onderzoek,
Afdeling 6,Modaliteiten van de toegang tot de informatie in het kader van het openbaar onderzoek,
Afdeling 7,Vervangingsbevoegdheid,
HOOFDSTUK V,Bekendmaking betreffende de beslissing,
Titel 2,beoordeling van de effecten van de plannen en ontwikkelingsplannen,
HOOFDSTUK I,Doelstellingen,
HOOFDSTUK II,Systeem voor de beoordeling van de milieueffecten van de plannen en ontwikkelingsplannen,
