title,name,section
DEEL 1,ORGANIEKE BEPALINGEN,
Boek I,"Het ""Agence wallonne de la santé, de la protection sociale, du handicap et des familles"" (Waals agentschap voor gezondheid, sociale bescherming, handicap en gezinnen)",
TITEL I,Algemene bepalingen,
Titel II,Structuur en bestuur,
HOOFDSTUK I,Koepelorganen,
Afdeling 1,Organen van het Agentschap,
Afdeling 2,Algemene raad,
Afdeling 3,Raad inzake strategie en prospectief onderzoek,
Afdeling 4,Raad inzake financiële en budgettaire monitoring,
Afdeling 5,"Bepalingen gemeen aan de Algemene raad, de Raad inzake strategie en prospectief onderzoek en de Raad inzake financiële en budgettaire monitoring",
Afdeling 6,Interne auditstelsel,
HOOFDSTUK II,Afdelingen,
Afdeling 1,Drie afdelingen van het Agentschap,
Afdeling 2,Welzijn en Gezondheid,
Onderafdeling 1,Commissies binnen de afdeling,
Onderafdeling 2,Welzijn en Gezondheid,
Onderafdeling 3,Commissies,
Afdeling 3,"Afdeling ""Handicap""",
Onderafdeling 1,"Organisatie van de afdeling ""Handicap""",
Onderafdeling 2,"Comité ""Handicap""",
Onderafdeling 3,Subregionale commissies,
Afdeling 4,"Afdeling ""Gezinnen""",
Afdeling 5,"Gemeenschappelijke bepalingen voor de Afdelingen ""Welzijn en Gezondheid"", ""Handicap"" en ""Gezinnen""",
TITEL II,Dagelijks beheer,
Titel III,Personeel,
TITEL IV,"Bestaansmiddelen, begroting, boekhouding en rekeningen",
TITEL V,Beheerscontract,
TITEL V,Controle,
Boek II,Beroepen en Adviescommissie voor de beroepen,
TITEL I,Algemene bepalingen,
Titel II,Samenstelling,
Titel III,Beroepsprocedure,
TITEL IV,Secretariaat,
Boek III,Klachten,
Boek IIIbis,Bepalingen betreffende de adviesverlenende functie in het kader van het beleid van de sociale actie en gezondheid,
Boek IIIter,Opdrachten van de Waalse verzekeringsinstellingen,
Boek IIIquater,Tegemoetkoming voor hup aan bejaarden,
TITEL I,Begripsomschrijvingen,
TITEL II,Regeling m.b.t. de tegemoetkoming voor hulp aan bejaarden,
TITEL III,Bedrag van de tegemoetkoming,
TITEL IV,Procedure,
TITEL V,Beroepsmiddelen,
TITEL VI,Financiering van de Waalse verzekeringsinstellingen,
TITEL VII,Raad voor het beheer van de hulp aan bejaarden en verzakingscomité,
TITEL VIII,Uitwisseling van informatie,
TITEL IX,Bescherming van de persoonlijke levenssfeer,
TITEL X,Controle,
TITEL XI,Overgangsbepaling,
Boek IV,Bepalingen gemeen aan de operatoren van het beleid van Sociale actie en Gezondheid bedoeld in deel II van het Wetboek,
TITEL I,Inzameling van gegevens,
TITEL 2,Communicatie met een elektronisch middel,
TITEL 3,Activiteitenverslag,
TITEL 4,Toelagen,
TITEL 5,Collectieve huisvesting van personen in langdurige moeilijkheden,
DEEL 2,SECTORALE BEPALINGEN Inleidend boek. - Bevordering van de gezondheid met inbegrip van preventie,
TITEL I,Begripsomschrijvingen,
TITEL II,"Plan voor de bevordering van gezondheid, met inbegrip van preventie",
HOOFDSTUK I,Uitwerking en inhoud van het plan,
HOOFDSTUK II,Evaluatie,
HOOFDSTUK III,sturingscomité,
TITEL III,Besmettelijke ziektes,
TITEL IV,Programma's voor preventieve geneeskunde,
TITEL V,"audiovisuele gezondheidsbevorderingscampagnes, met inbegrip van preventie",
Boek I,Sociale actie,
TITEL I,"Diensten voor sociale insluiting, voedselhulp en sociale contactpunten",
HOOFDSTUK I,Algemene bepalingen,
HOOFDSTUK II,Diensten voor sociale insluiting,
Afdeling 1,Erkenning,
Onderafdeling 1,Voorwaarden,
Onderafdeling 2,Procedure,
Afdeling 2,Subsidiëring,
HOOFDSTUK II/1,Sociale kruideniers en sociale restaurants,
Afdeling 1,Erkenning,
Onderafdeling 1,Voorwaarden,
Onderafdeling 2,Procedure,
Afdeling 2,Subsidiëring,
HOOFDSTUK II/2,Organisme wallon de concertation de l'aide alimentaire (Waalse Overleginstelling voor de Voedselhulp),
Afdeling 1,Erkenning,
Onderafdeling 1,Voorwaarden,
Onderafdeling 2,Procedure,
Afdeling 2,Subsidiëring,
HOOFDSTUK III,Sociale contactpunten,
Afdeling 1,Oprichting en erkenning,
Afdeling 2,Subsidiëring,
HOOFDSTUK IV,Gemeenschappelijke bepalingen,
Afdeling 1,Vrijwilligerswerk,
Afdeling 2,Toezicht en straffen,
TITEL 1/1,Zorg- en hulpverleningsdiensten voor geprostitueerde persone,
HOOFDSTUK 1,Algemene bepalingen,
HOOFDSTUK 2,Zorg- en hulpverleningsdiensten voor geprostitueerde personen,
Afdeling 1,Erkenning,
Onderafdeling 1,Voorwaarden,
Onderafdeling 2,Procedure,
Afdeling 2,Subsidiëring,
Afdeling 3,Vrijwillerswerk,
Afdeling 4,Sancties,
TITEL II,"Opvang, huisvesting en begeleiding van in sociale moeilijkheden verkerende personen",
HOOFDSTUK I,Definities en opdrachten,
Afdeling 1,Definities,
Afdeling 2,Opdrachten,
HOOFDSTUK II,Werkingsvergunningen,
Afdeling 1,Algemeen beginsel,
Afdeling 2,Erkenning,
Onderafdeling 1,Voorwaarden,
Onderafdeling 2,Procedure,
Onderafdeling 3,"Opschorting, beperking of intrekking",
Afdeling 3,Voorlopige werkingsvergunningen en beginselakkoorden,
Onderafdeling 1,Algemene bepaling,
Onderafdeling 2,Autorisations provisoires,
Onderafdeling 3,Beginselakkoord,
Onderafdeling 4,"Opschorting, beperking, intrekking",
HOOFDSTUK III,Werking,
Afdeling 1,Gemeenschappelijke bepaling,
Afdeling 2,"Bepalingen eigen aan de opvangtehuizen, de gemeenschapshuizen en de opvangtehuizen van het gezinstype",
Afdeling 3,Bepalingen eigen aan de opvangtehuizen en de gemeenschapshuizen,
Afdeling 4,Bepalingen eigen aan de opvangtehuizen,
Afdeling 5,Bepalingen eigen aan de gemeenschapshuizen,
Afdeling 6,Bepalingen eigen aan de opvangtehuizen van het gezinstype,
Afdeling 7,Bepalingen eigen aan de nachtasielen,
HOOFDSTUK IV,Controle en straffen,
Afdeling 1,Gemeenschappelijke bepalingen,
Onderafdeling 1,Controle,
Onderafdeling 2,Straffen A. Straffen,
Afdeling 2,Specifieke strafbepalingen,
Onderafdeling 1,"Opvangtehuizen, gemeenschapshuizen en opvangtehuizen van het gezinstype",
Onderafdeling 2,Nachtasielen,
HOOFDSTUK V,"Subsidiëring en programmering van de opvangtehuizen, gemeenschapshuizen en nachtasielen",
Afdeling 1,Programmering,
Afdeling 2,Subsidiëring,
TITEL III,Schuldbemiddeling,
HOOFDSTUK I,Instellingen voor schuldbemiddeling,
Afdeling 1,Algemene bepaling,
Afdeling 2,Erkenning,
Afdeling 3,Programmering en subsidiëring,
HOOFDSTUK II,Waarnemingscentrum voor krediet en schuldenlast,
TITEL IV,Centra voor maatschappelijk werk,
HOOFDSTUK I,Erkenning,
HOOFDSTUK II,Subsidiëring,
HOOFDSTUK III,Controle en straffen,
TITEL V,Hulpverlening aan rechtsonderhorigen,
HOOFDSTUK I,Definities,
HOOFDSTUK II,Diensten voor forensisch welzijnswerk,
Afdeling 1,Opdrachten,
Afdeling 2,Erkenning,
Afdeling 3,Subsidiëring,
Afdeling 4,Vrijwilligerswerk,
TITEL VI,Hulpverlening bij inschakeling in het arbeidscircuit,
HOOFDSTUK I,Definities,
HOOFDSTUK II,Subsidiëring,
TITEL VII,Hulp aan de woonwagenbewoner,
HOOFDSTUK I,Begripsomschrijvingen,
HOOFDSTUK II,Organisme gespecialiseerd voor bemiddeling met woonwagenbewoners,
Afdeling 1,Erkenning,
Afdeling 2,Opdrachten,
Afdeling 3,Erkenningsprocedure,
Afdeling 4,Subsidiëring,
HOOFDSTUK III,Opvang en subsidiëring van de gemeenten,
TITEL VIII,Diensten en voorzieningen voor de begeleiding van partnergeweld en gendergerelateerd geweld,
HOOFDSTUK 1,Definities,
HOOFDSTUK 2,Opdrachten,
HOOFDSTUK 3,Erkenning,
Afdeling 1,Voorwaarden,
Afdeling 2,Toekenning van erkenning,
HOOFDSTUK 4,Subsidiëring,
HOOFDSTUK 5,Controle en sancties,
Boek II,Integratie van vreemdelingen,
TITEL 1,Begripsomschrijvingen,
TITEL II,Gewestelijke actie,
TITEL III,Integratietraject,
HOOFDSTUK 1,Organisatie,
HOOFDSTUK 2,Verplichtingen,
HOOFDSTUK 3,Sancties,
HOOFDSTUK 5,Subsidiëring,
TITEL IV,Gewestelijke centra voor de integratie van vreemdelingen,
HOOFDSTUK 1,Opdrachten,
HOOFDSTUK 2,Erkenning,
HOOFDSTUK 3,Subsidiëring,
TITEL V,Plaatselijke initiatieven voor de integratie van vreemdelingen,
HOOFDSTUK 1,Opdrachten,
HOOFDSTUK 2,Erkenning,
HOOFDSTUK 3,Subsidiëring,
TITEL VI,Tolken in een sociale context,
HOOFDSTUK 1,Opdrachten,
HOOFDSTUK 2,Erkenning,
HOOFDSTUK 3,Subsidiëring,
TITEL VI/1,Niet-begeleide minderjarige vreemdelingen,
TITEL VII,Controle,
TITEL VIII,Overgangsbepalingen,
Boek III,Hulpverlening aan de gezinnen,
TITEL 1,Diensten 'Espaces-Rencontres' (Ontmoetingsruimten),
HOOFDSTUK I,Definities en Opdrachten,
Afdeling 1,Definities,
Afdeling 2,Opdrachten,
HOOFDSTUK II,Erkenning,
Afdeling 1,Erkenningsvoorwaarden,
Afdeling 2,Toekenningsprocedure,
HOOFDSTUK III,Werking,
HOOFDSTUK IV,Subsidiëring,
HOOFDSTUK V,Controle en straffen,
Afdeling 2,Straffen,
Onderafdeling 1,"Opschorting, intrekking",
Onderafdeling 2,Straffen,
HOOFDSTUK I,Algemene beginselen,
HOOFDSTUK II,Centra voor gezinsplanning,
Afdeling 1,Definities,
Afdeling 2,Activiteiten van de centra voor gezinsplanning,
Onderafdeling 1,Algemeenheden,
Onderafdeling 2,Pool opvang en beheer van de aanvragen,
Onderafdeling 3,Pool pluridisciplinaire begeleiding,
Onderafdeling 4,"Pool informatieverstrekking, bewustmaking en vorming",
Onderafdeling 5,Pool communicatie,
Onderafdeling 6,Verplichtingen van de centra voor gezinsplanning,
Onderafdeling 6.1,Dagelijks beheer,
Onderafdeling 6.2,De gebruiker,
Onderafdeling 6.3,Werk in netverband,
Onderafdeling 6.4,Kosten van de dienstverstrekkingen,
Onderafdeling 6.5,Toegankelijkheid en infrastructuur,
Onderafdeling 6.6,Aanbodkadaster,
Onderafdeling 6.7,Verzameling van sociaal-epidemiologische gegevens,
Afdeling 3,Organisatie van het dienstenaanbod,
Afdeling 4,Programmering en erkenning,
Onderafdeling 1,Programmering,
Onderafdeling 2,Erkenning,
Afdeling 5,Subsidiëring,
Afdeling 6,Beoordeling - controle - sancties,
HOOFDSTUK III,Federaties van centra voor gezinsplanning,
HOOFDSTUK IV,Overgangsbepalingen,
TITEL III,Hulpdiensten voor gezinnen en bejaarde personen,
HOOFDSTUK I,Definities,
HOOFDSTUK II,Activiteiten van de diensten,
HOOFDSTUK III,Erkenning,
Afdeling 1,Erkenningsvoorwaarden,
Afdeling 2,Toekenningsprocedure,
HOOFDSTUK IV,Subsidiëring,
Afdeling 1,Subsidiëringsvoorwaarden,
Afdeling 2,Subsidies,
HOOFDSTUK V,Controle en straffen,
Afdeling 1,Controle,
Afdeling 2,Straffen,
Onderafdeling 1,"Intrekking, opschorting",
Onderafdeling 2,Straffen,
Boek IV,Integratie van gehandicapte personen,
TITEL 1,Algemeen stelsel,
HOOFDSTUK I,Leidende beginselen,
Afdeling 1,Algemene beginselen,
Afdeling 2,Voorzorgsmaatregelen,
Afdeling 3,Aanpassingsmaatregelen,
Afdeling 4,Integratiemaatregelen,
HOOFDSTUK II,"Begunstigen, erkenningen en toelagen in het kader van het beleid tot integratie van de gehandicapte personen",
Afdeling 1,Begunstigden,
Afdeling 2,"Erkenning, subsidiëring en overeenkomsten",
HOOFDSTUK III,Toezicht,
HOOFDSTUK IV,Verenigingen van gehandicapte personen,
TITEL II,Specifieke bepalingen,
HOOFDSTUK I,Sociale wetgevingen,
HOOFDSTUK II,Geschillen,
HOOFDSTUK III,Toegankelijkheid van publieke plaatsen voor personen met een assistentiehond,
Afdeling 1,Definities,
Afdeling 2,Toegangsvoorwaarden,
Afdeling 3,Controle en toezicht,
Boek V,Hulpverlening aan bejaarde personen,
TITEL 1,Stelsel voor de opvang en de huisvesting van bejaarde personen,
HOOFDSTUK I,Definities,
HOOFDSTUK II,Informatie over de inrichting,
HOOFDSTUK III,Welzijn van de bewoners,
HOOFDSTUK IV,Relaties met de bewoners,
HOOFDSTUK V,Prijsverplichtingen,
HOOFDSTUK VI,Programmering en beginselakkoorden,
Afdeling 1,Programmering,
Afdeling 2,Beginselakkoord,
HOOFDSTUK VII,Werkingsvergunning,
Afdeling 1,Toekenningsprocedure,
Afdeling 2,Werkingsnormen,
Onderafdeling 1,Werkingsnormen eigen aan rustoorden,
Onderafdeling 2,Werkingsnormen eigen aan serviceflats,
Onderafdeling 3,"Werkingsnormen eigen aan centra voor dag-, avond- en/of nachtopvang",
Onderafdeling 4,Werkingsnormen eigen aan gezinsopvang,
HOOFDSTUK VIII,Controle en straffen,
Afdeling 1,Controle,
Afdeling 2,Straffen,
Onderafdeling 1,"Opschorting, intrekking, sluiting",
Onderafdeling 2,Administratieve straffen,
Onderafdeling 3,Rechterlijke straffen,
TITEL II,bestrijding van de mishandeling van bejaarde personen,
HOOFDSTUK I,Algemene bepalingen,
HOOFDSTUK II,Instelling belast met de bestrijding van de mishandeling van bejaarde personen,
Afdeling 1,Erkenning,
Afdeling 2,Opdrachten en verslag van het agentschap,
Afdeling 3,Subsidies verleend aan het agentschap,
Afdeling 4,Controle en sancties,
Onderafdeling 1,Controle,
Onderafdeling 2,"Sancties : schorsing, intrekking",
Afdeling 5,Overheveling van personeel,
TITEL III,Regeling voor telehulp,
TITEL IV,Centra voor gemeenschappelijke diensten,
HOOFDSTUK I,Begripsomschrijving,
HOOFDSTUK II,Subsidiëring,
Afdeling 1,Algemene bepalingen,
Afdeling 2,Toekenningsvoorwaarden,
Afdeling 3,Procedure,
TITEL V,Financiering van de inrichtingen voor de huisvesting en de opvang van bejaarde personen,
HOOFDSTUK I,Algemene bepalingen,
HOOFDSTUK II,Regels voor de toekenning van subsidies,
HOOFDSTUK III,Waarborg,
TITEL VI,Huurprijs van de kamer van toepassing bij de opvang- en huisvestingsinrichtingen voor bejaarde personen,
Boek VI,Gezondheid,
TITEL I,Algemene regelingen voor bijstand inzake gezondheid,
Inleidend HOOFDSTUK,"regelingen voor gezondheidsbevordering, met inbegrip van preventie",
Afdeling 1,Lokale centra voor gezondheidsbevordering,
Onderafdeling 1,Erkenning,
Onderafdeling 2,Subsidiëring,
Onderafdeling 3,"Controle, evaluatie, bestraffing",
Afdeling 2,Kenniscentra voor gezondheidsbevordering,
Onderafdeling 1,Erkenning,
Onderafdeling 2,Subsidiëring,
Onderafdeling 3,"Controle, evaluatie, bestraffing",
Afdeling 3,Operationaliseringscentra voor preventieve geneeskunde,
Onderafdeling 1,Erkenning,
Onderafdeling 2,Subsidiëring,
Onderafdeling 3,"Controle, evaluatie, bestraffing",
Onderafdeling 4,Erkenningen van de inrichtingen of de publiek- of privaatrechtelijke personen voor de uitvoeren van de handelingen voor preventieve geneeskunde,
Afdeling 4,Operatoren inzake gezondheidsbevordering,
Onderafdeling 1,Erkenning,
Onderafdeling 2,Subsidiëring,
Onderafdeling 3,"Controle, evaluatie en bestraffing",
Afdeling 5,"Federaties voor bevordering van gezondheid, met inbegrip van preventie",
Afdeling 6,Departement of afdeling medisch toezicht op het werk,
Onderafdeling 1,Erkenning,
Onderafdeling 2,"Controle, evaluatie en bestraffing",
HOOFDSTUK I,Verzorgingsinstellingen,
Afdeling 1,Algemene bepalingen,
Afdeling 2,"Bijzondere erkenning coor de inrichtingen en diensten bedoeld bij artikel 170, § 1, van de wet op de ziekenhuizen en andere verzorgingsinstellingen, gecoördineerd op 10 juli 2008",
Onderafdeling 1,Procedure,
Onderafdeling 2,Controle en sancties,
Afdeling 3,Waarborg,
Afdeling 4,Overlegplatforms inzake Geestelijke gezondheid,
Afdeling 5,Platforms voor palliatieve zorg,
Afdeling 6,Erkenning van een elektronisch uitwisselingsplatform van de gezondheidsgegevens met het oog op de toekenning van een subsidie,
HOOFDSTUK II,Geïntegreerde gezondheidsverenigingen,
Afdeling 1,Begripsomschrijvingen,
Afdeling 2,Geïntegreerde gezondheidsverenigingen,
Onderafdeling 1,Programmering en erkenning,
Onderafdeling 2,Bijdrage,
Afdeling 3,Federaties van geïntegreerde gezondheidsverenigingen,
Onderafdeling 1,Erkenning,
Onderafdeling 2,Subsidiëring,
Afdeling 4,Evaluatie en sancties,
Onderafdeling 1,Evaluatie A. Geïntegreerde gezondheidsverenigingen,
Onderafdeling 2,Sancties A. Geïntegreerde gezondheidsverenigingen,
HOOFDSTUK III,Coördinatie van thuiszorg en thuishulp,
Afdeling 1,Begripsomschrijvingen en algemene bepalingen,
Afdeling 2,Coördinatiecentra voor thuiszorg en -hulp,
Onderafdeling 1,Verplichtingen A. Opdrachten,
Onderafdeling 2,"Programmering, erkenning, subsidiëring A. Programmering",
Afdeling 3,Federaties van coördinatiecentra en thuishulp,
Onderafdeling 1,Erkenning,
Onderafdeling 2,Subsidiëring,
Afdeling 4,"Evaluatie, controle en sanctie",
Onderafdeling 1,Evaluatie en controle A. Coördinatiecentra voor zorgen en thuishulp,
Onderafdeling 2,"Sancties A. Intrekking, opschorting Coördinatiecentra",
Afdeling 5,Kadaster van het aanbod,
HOOFDSTUK IV,Huisartsenkringen,
HOOFDSTUK V,"Palliatieve zorg, multidisciplinaire begeleidingsequipes, overlegplatforms inzake palliatieve verzorging en hun federatie(s)",
Afdeling 1,Algemene bepalingen,
Afdeling 2,Overlegplatformen inzake palliatieve verzorging,
Onderafdeling 1,Opdrachten,
Onderafdeling 2,Werking,
Onderafdeling 3,Erkenning,
Onderafdeling 4,Toelage,
Onderafdeling 5,Controle,
Onderafdeling 6,Intrekking van de erkenning,
Afdeling 3,Federatie,
Onderafdeling 1,Opdrachten,
Onderafdeling 2,Erkenning,
Onderafdeling 3,Toelage,
Onderafdeling 4,Bijkomende toelage,
Afdeling 4,multidisciplinaire begeleidingsequipes,
Afdeling 5,Overgangsbepaling,
TITEL II,Bijzondere regelingen voor bijstand inzake gezondheid,
HOOFDSTUK I,Psychiatrische ziekenhuizen,
Afdeling 1,Begripsomschrijvingen en algemene bepalingen,
Afdeling 2,"Regionaal centrum voor psychiatrische verzorging "" Les Marronniers """,
Onderafdeling 1,Opdrachten,
Onderafdeling 2,Organisatie A. Raad van bestuur,
Onderafdeling 3,Financiële lasten,
Onderafdeling 4,"Begroting, rekeningen en controle",
Onderafdeling 5,Personeel,
Afdeling 3,"Het psychiatrisch verzorgingscentrum "" Le Chêne aux Haies """,
Onderafdeling 1,Organisatie A. De Regering,
Onderafdeling 2,"Budget, rekeningen en controle",
Onderafdeling 3,Personeel,
HOOFDSTUK II,Geestelijke gezondheidszorg en referentiecentra inzake geestelijke gezondheidszorg,
Afdeling 1,Algemene beginselen,
Afdeling 2,Diensten voor geestelijke gezondheidszorg,
Onderafdeling 1,Verplichtingen A. Opdracht en project,
Onderafdeling 2,Verplichtingen eigen aan de specifieke initiatieven en aan de therapeutische clubs A. Specifieke initiatieven,
Onderafdeling 3,Programmering en erkenning A. Programmering,
Onderafdeling 4,Subsidiëring,
Onderafdeling 5,"Evaluatie, controle en sanctie A. Evaluatie en controle",
Afdeling 3,Referentiecentra voor geestelijke gezondheid,
Onderafdeling 1,Erkenning A. Algemene bepalingen,
Onderafdeling 2,Subsidiëring,
Onderafdeling 3,"Evaluatie, controle en sancties",
Afdeling 4,Kadaster van het aanbod en informatieverstrekking aan het publiek,
HOOFDSTUK II/1,Tele-onthaalcentra,
Afdeling 1,Algemene bepalingen,
Afdeling 2,Tele-onthaalcentra,
Onderafdeling 1,Opdrachten,
Onderafdeling 2,Erkenning,
Onderafdeling 3,Werking,
Onderafdeling 4,Subsidiëring,
Onderafdeling 5,"Evaluatie, controle en sancties",
Afdeling 3,Coördinatiecel,
HOOFDSTUK III,Verslavingen,
Afdeling 1,Algemene bepalingen,
Afdeling 2,Zorg- en hulpverleningsnetwerken gespecialiseerd in verslavingen,
Onderafdeling 1,Zorgzones,
Onderafdeling 2,Opdrachten en werking A. Opdrachten,
Onderafdeling 3,Erkenning,
Onderafdeling 4,Subsidiëring,
Afdeling 3,Hulp- en verzorgingsdiensten gespecialiseerd in verslavingen,
Onderafdeling 1,Opdrachten en werking A. Opdrachten,
Onderafdeling 2,Erkenning,
Onderafdeling 3,Subsidiëring,
Onderafdeling 4,Begunstigden,
Afdeling 4,Bepalingen gemeen aan de hulp- en zorgnetwerken diensten voor gespecialiseerd in verslavingen,
Onderafdeling 1,"Vereffening van de subsidies, controle en boekhouding",
Onderafdeling 2,"Evaluatie, controle en sancties",
Onderafdeling 3,Inzameling van sociaal-epidemiologische gegevens,
Afdeling 5,Federaties,
Onderafdeling 1,Erkenning,
Onderafdeling 2,Subsidiëring,
Onderafdeling 3,Evaluatie,
Afdeling 6,Kadaster van het aanbod inzake verslavingen en informatieverstrekking aan het publiek,
HOOFDSTUK IV,Medisch-sanitair vervoer,
Afdeling 1,Begripsomschrijvingen en algemene bepaling,
Afdeling 2,Erkenning,
Afdeling 3,Werkingsnormen,
Onderafdeling 1,Algemene bepalingen,
Onderafdeling 2,Werkingsnormen van de diensten voor medisch-sanitair vervoer per ambulance,
Onderafdeling 3,Werkingsnormen van de diensten voor medisch-sanitair vervoer per lichte ziekenwagen,
Afdeling 4,Controles en sancties,
Onderafdeling 1,Controles,
Onderafdeling 2,Sancties en boetes,
Afdeling 5,Activiteitenverslag,
Boek VII,"Steun aan lesbische, gay, bisexuele, transgender, queer, intersekse en asexuele personen",
TITEL I,Erkenning van regenbooghuizen,
HOOFDSTUK I,Definities,
HOOFDSTUK 2,Opdrachten,
HOOFDSTUK 3,Erkenning,
Afdeling 1,Voorwaarden,
Afdeling 2,Toekenning van erkenning,
HOOFDSTUK 4,Subsidiëring,
HOOFDSTUK 5,Controle en sancties,
TITEL II,Erkenning van de federatie van de regenbooghuizen,
HOOFDSTUK 1,Opdrachten,
HOOFDSTUK 2,Erkenning1,
Afdeling 1,Voorwaarden,
Afdeling 2,Toekenning van de erkenning,
HOOFDSTUK 3,Subsidiëring,
HOOFDSTUK 4,Evaluatie,
HOOFDSTUK 5,Controle en sancties-,
Boek VIII,Huizen voor collectieve huisvesting van personen in langdurige moeilijkheden,
HOOFDSTUK 1,Begripsomschrijvingen,
HOOFDSTUK 2,Erkenning,
Afdeling 1,"Toekenning, schorsing, beperking en intrekking",
Afdeling 2,Inrichtende mach,
Afdeling 3,Infrastructuur,
Afdeling 4,Verplichte documenten,
Afdeling 5,Personeel,
Afdeling 6,Opdrachten,
Afdeling 7,Opvang van de bewoners,
Afdeling 8,Registers,
Afdeling 9,Individueel dossier,
Afdeling 10,Individuele huisvestingsovereenkomst,
Afdeling 11,Financiële bijdrage,
Afdeling 12,Rechten van de bewoner,
Afdeling 13,Huishoudelijk reglement,
HOOFDSTUK 3,Controle en sancties,
Afdeling 1,Controle,
Afdeling 2,Bemiddeling,
Afdeling 3,Sancties,
HOOFDSTUK 4,Overgangs- en slotbepalingen,
Afdeling 1,Overgangsbepalingen,
Afdeling 2,Slotbepalingen,
DEEL 3,OVERGANGSBEPALINGEN,
