title,name,section
HOOFDSTUK I,Algemene bepalingen,
HOOFDSTUK II,Begripsomschrijving,
HOOFDSTUK III,Het houden van dieren,
Afdeling 1,Algemeenheden,
Onderafdeling 1,Algemene beginselen,
Onderafdeling 2,Voorwaarden inzake onderdak en houden,
Onderafdeling 3,"Achtergelaten, verloren en zwervende dieren",
Onderafdeling 4,Identificatie van de gezelschapsdieren,
Onderafdeling 5,Controle op de voortplanting van dieren,
Onderafdeling 6,Dieren die gehouden mogen worden,
Onderafdeling 7,"De ""Commission wallonne des parcs zoologiques"" (Waalse Dierentuinencommissie)",
Afdeling 2,Gebruik van dieren voor ontspanningsdoeleinden,
Afdeling 3,Het houden door vaklieden,
Onderafdeling 1,Dieren gehouden voor productiedoeleinden in de landbouw,
Onderafdeling 2,Dieren gehouden voor andere doeleinden dan de landbouwproductie,
Onderafdeling 3,Erkenning van de dierenmarkten,
HOOFDSTUK IV,Verboden praktijken en toegelaten ingrepen op de dieren,
HOOFDSTUK V,Handel in dieren,
Afdeling 1,Algemene beginselen,
Afdeling 2,Publiciteit met het oog op de verhandeling en de schenking van dieren,
HOOFDSTUK VI,Vervoer en introductie van dieren op het Waalse grondgebied,
HOOFDSTUK VII,Het doden van dieren,
HOOFDSTUK VIII,Dierproeven,
Afdeling 1,Doel en toepassingsgebied,
Afdeling 2,Algemene beginselen inzake dierproeven en alternatieve methodes,
Afdeling 3,Instanties die inzake dierproeven bevoegd zijn,
Onderafdeling 1,"""Comité wallon pour la protection des animaux d'expérience"" (Waals comité voor de bescherming van de proefdieren)",
Onderafdeling 2,Ethische Commissies,
Onderafdeling 3,Waalse vertegenwoordiging in andere instanties die inzake dierproeven bevoegd zijn,
Afdeling 4,"Erkenning van de kwekers, de leveranciers en de gebruikers van proefdieren",
Afdeling 5,Herkomst en verzorging van de dieren die voor wetenschappelijke doeleinden worden gebruikt,
Afdeling 6,Vergunning en verloop van de dierproeven,
Afdeling 7,"Transparantie, communicatie en vertrouwelijkheid",
HOOFDSTUK IX,"""Conseil wallon du bien-être des animaux"" (Waalse Raad voor dierenwelzijn)",
HOOFDSTUK X,Begrotingsfonds voor dierenwelzijn,
HOOFDSTUK XI,"Controle, opsporing, vaststelling, vervolging, beteugeling en maatregelen voor herstel van de overtredingen inzake dierenwelzijn",
HOOFDSTUK XII,Slotbepalingen,
