title,name,section
EERSTE DEEL,Waalse Raad van Sociale Actie en Gezondheid,
Boek I,Begripsomschrijvingen,
Boek II,Samenstelling van de vaste commissies,
TITEL I,"""Commission wallonne de la Santé"" (Waalse Gezondheidscommissie )",
TITEL II,""" Commission wallonne de la Famille "" (Waalse Gezinscommissie )",
TITEL V,"""Commission wallonne des personnes handicapées"" (Waalse Commissie voor Gehandicapte Personen)",
TITEL VI,"""Commission wallonne des aînés"" (Waalse Commissie voor ouderen)",
Boek III,Overkoepelende bepalingen,
TITEL I,Aanwezigheidsgeld,
TITEL II,Secretariaat,
TITEL III,Opvolging van de klachten,
EERSTE DEEL/1,Opdrachten van de Waalse verzekeringsinstellingen,
TITEL I,Waalse verzekeringsinstellingen,
TITEL II,Prestaties en tussenkomsten,
TITEL III,Tegemoetkoming voor hulp aan bejaarden,
HOOFDSTUK I,Algemene bepalingen,
Afdeling 1,Begripsomschrijving,
Afdeling 2,De regeling van de tegemoetkoming voor hulp aan bejaarden,
Afdeling 3,Procedure,
HOOFDSTUK II,Instrument voor de beoordeling van de autonomie,
HOOFDSTUK III,Modaliteiten m.b.t. de berekening van de inkomsten,
Afdeling 1,Definitie van inkomsten,
Afdeling 2,Berekeningsmodaliteiten,
HOOFDSTUK IV,Procedure,
Afdeling 1,Indiening van de aanvraag,
Afdeling 2,Behandeling van de aanvraag,
Afdeling 3,Besluitvorming,
Afdeling 4,Nieuwe aanvraag,
Afdeling 5,Ambtshalve herziening,
Afdeling 6,Betalingsmodaliteiten,
HOOFDSTUK V,Modaliteiten voor de uitvoering van de verzaking,
HOOFDSTUK VI,Verzakingscomité,
HOOFDSTUK VII,Raad voor het beheer van de tegemoetkoming voor hulp aan bejaarden,
HOOFDSTUK VIII,Begrotingsbepalingen en financiële controle,
HOOFDSTUK IX,Kwaliteitscontrole,
HOOFDSTUK X,College van de beoordelende artsen,
TWEEDE DEEL,Sectorale bepalingen,
Boek I,Inleidende bepalingen,
TITEL I,Algemene begripsomschrijvingen,
TITEL II,Uitvoering,
Boek I/1,Transversale bepalingen,
TITEL I,Uitbetaling van de subsidies,
TITEL II,Bewijsdossier,
TITEL III,Activiteitenverslag,
Boek I/II,Bevordering van de gezondheid met inbegrip van preventie,
TITEL I,Behandeling van de sociaal-sanitaire gegevens,
TITEL II,Begripsomschrijvingen,
TITEL III,"Beleid inzake bevordering van de gezondheid, met inbegrip van preventie",
HOOFDSTUK 1,"Plan ter bevordering van de gezondheid, met inbegrip van preventie",
HOOFDSTUK 2,Stuurcomité,
HOOFDSTUK 3,Besmettelijke ziektes,
HOOFDSTUK 4,Programma's voor preventieve geneeskunde,
TITEL IV,Instellingen voor gezondheidsbevordering en preventie,
HOOFDSTUK 1,Lokale centra voor gezondheidsbevordering,
Afdeling 1,Organisatie,
Afdeling 2,Overlegcomité van de lokale centra voor gezondheidsbevordering,
Afdeling 3,Erkenning,
Afdeling 4,Subsidiëring,
Afdeling 5,Evaluatie,
Afdeling 6,Controle en sancties,
Onderafdeling 1,Controle,
Onderafdeling 2,Intrekking van de erkenning,
HOOFDSTUK 2,Kenniscentra voor gezondheidsbevordering,
Afdeling 1,Organisatie,
Afdeling 2,Overlegcomité van de kenniscentra voor gezondheidsbevordering,
Afdeling 3,Erkenning,
Afdeling 4,Subsidiëring,
Afdeling 5,Evaluatie,
Afdeling 6,Controle en sancties,
Onderafdeling 1,Controle,
Onderafdeling 2,Intrekking van de erkenning,
HOOFDSTUK 3,Operationaliseringscentra voor preventieve geneeskunde,
Afdeling 1,Organisatie,
Afdeling 2,Erkenning,
Afdeling 3,Subsidiëring,
Afdeling 4,Evaluatie,
Afdeling 5,Controle en sancties,
Onderafdeling 1,Controle,
Onderafdeling 2,Intrekking van de erkenning,
HOOFDSTUK 4,Operatoren inzake gezondheidsbevordering,
Afdeling 1,Organisatie,
Afdeling 2,Erkenning,
Afdeling 3,Subsidiëring,
Afdeling 4,Evaluatie,
Afdeling 5,Controle en sancties,
Onderafdeling 1,Controle,
Onderafdeling 2,Intrekking van de erkenning,
HOOFDSTUK 5,Federaties voor gezondheidsbevordering en preventie,
HOOFDSTUK 6,Departement of afdeling medisch toezicht op het werk,
Afdeling 1,Erkenning,
Afdeling 2,Evaluatie,
Afdeling 3,Controle en sancties,
Onderafdeling 1,Controle,
Onderafdeling 2,Intrekking van de erkenning,
Boek II,Sociale actie,
TITEL I,Sociale inschakelingsdiensten,
HOOFDSTUK I,Algemene bepalingen,
HOOFDSTUK II,Erkenning,
Afdeling 1,Toekenningsvoorwaarden,
Onderafdeling 1,Voorwaarden met betrekking tot het publiek,
Onderafdeling 2,Voorwaarden met betrekking tot de maatschappelijk werker,
Onderafdeling 3,Voorwaarden met betrekking tot het vrijwilligerswerk,
Afdeling 2,Toekenningsprocedure,
Afdeling 3,"Opschorting, intrekking",
HOOFDSTUK III,Subsidiëring,
Afdeling 1,Soorten subsidies,
Onderafdeling 1,Subsidies voor personeelskosten,
Onderafdeling 2,Subsidies voor werkingskosten,
Afdeling 2,Orde van voorrang voor de toekenning van de subsidies,
Afdeling 3,Toekenningsvoorwaarden en -modaliteiten,
HOOFDSTUK IV,Activiteitenverslag,
TITEL I/1,Sociale kruideniers en sociale restaurants,
HOOFDSTUK I,Algemene bepalingen,
HOOFDSTUK II,Erkenning,
Afdeling 1,Toekenningsvoorwaarden,
Afdeling 2,Erkennings- en intrekkingsprocedure,
Afdeling 3,Programmering,
Afdeling 4,Indeling,
HOOFDSTUK III,Subsidiëring,
TITEL I/2,"""Organisme wallon de concertation de l'aide alimentaire (Waalse Overleginstelling voor de Voedselhulp)""",
HOOFDSTUK I,Erkenning,
Afdeling 1,Toekenningsvoorwaarden,
Afdeling 2,Toekenningsprocedure,
Afdeling 3,Intrekking,
HOOFDSTUK III,Subsidiëring,
TITEL II,Sociale contactpunten,
HOOFDSTUK I,Algemene bepalingen,
HOOFDSTUK II,Erkenning,
Afdeling 1,Algemene voorwaarden voor de erkenning,
Onderafdeling 1,Voorwaarden met betrekking tot de coördinator,
Onderafdeling 2,Voorwaarden met betrekking tot het evaluatieproces,
Onderafdeling 3,Voorwaarden met betrekking tot het vrijwilligerswerk,
Afdeling 2,Intrekking van erkenning,
HOOFDSTUK III,Subsidiëring,
Afdeling 1,Soorten subsidies,
Onderafdeling 1,Subsidies voor personeelskosten,
Onderafdeling 2,Subsidies voor werkingskosten,
Onderafdeling 3,Subsidies voor de ontwikkeling van projecten,
Afdeling 2,Toekenningsvoorwaarden en -modaliteiten,
Afdeling 3,Activiteitenverslag,
TITEL II/1,Zorg- en hulpverleningsdiensten voor geprostitueerde personen,
HOOFDSTUK I,Begripsomschrijving,
HOOFDSTUK II,Erkenning,
Afdeling 1,Toekenningsvoorwaarden,
Afdeling 2,Toekenningsprocedure,
Afdeling 3,Intrekking,
HOOFDSTUK III,Subsidiëring,
TITEL III,"Opvang van, verschaffen van een onderkomen aan en begeleiding van in sociale moeilijkheden verkerende personen",
HOOFDSTUK I,Begripsomschrijvingen,
HOOFDSTUK II,"Erkenning, beginselakkoord en voorlopige vergunning",
Afdeling 1,Toekennings- en wijzigingsprocedures,
Onderafdeling 1,Erkenning,
Onderafdeling 2,Voorlopige vergunning en beginselakkoord,
Afdeling 2,"Procedures voor de schorsing, de beperking en de intrekking",
Afdeling 3,Voorwaarden,
Onderafdeling 1,Algemene voorwaarden,
Onderafdeling 2,Voorwaarden met betrekking tot het collectieve begeleidingsproject en collectieve huisvestingsproject,
Onderafdeling 3,Voorwaarden met betrekking tot het huishoudelijk reglement,
Onderafdeling 4,Voorwaarden met betrekking tot het brandattest,
Onderafdeling 5,Voorwaarden met betrekking tot het geïndividualiseerd begeleidingsproject en het aanwezigheidsboek,
Onderafdeling 6,Voorwaarden met betrekking tot het personeel en de begeleidingsnormen,
Afdeling 4,Programmering en territoriale programmering,
Afdeling 5,Subsidiëring,
Onderafdeling 1,Soorten subsidies A. Subsidies voor personeelskosten,
Onderafdeling 2,Toekenningsmodaliteiten,
Onderafdeling 3,Beperking en schrapping,
Onderafdeling 4,Afwijkingen,
Afdeling 6,Financiële bijdrage van de rechthebbenden,
Afdeling 7,Sluiting,
Afdeling 8,Overgangsbepalingen,
TITEL IV,Schuldbemiddeling,
HOOFDSTUK I,Instellingen voor schuldbemiddeling,
Afdeling 1,Programmering,
Afdeling 2,Erkenning,
Onderafdeling 1,Erkenningsprocedure A. Algemene beginselen,
Afdeling 3,Subsidiëring,
Onderafdeling 1,Algemene beginselen,
Onderafdeling 2,Forfaitair deel van de subsidiëring,
Onderafdeling 3,Wisselend deel van de subsidiëring,
Onderafdeling 4,Toekenningsmodaliteiten en -procedure,
HOOFDSTUK II,Referentiecentra,
Afdeling 1,Erkenning,
Onderafdeling 1,Toekenningsprocedure en -voorwaarden,
Onderafdeling 2,Procedure en voorwaarden voor de weigering of de intrekking,
Afdeling 2,Subsidiëring,
Onderafdeling 1,Soorten subsidies A. Subsidies voor personeelskosten,
Onderafdeling 2,Toekenningsmodaliteiten,
HOOFDSTUK III,"""Observatoire du crédit et de l'endettement "" (Waarnemingscentrum Krediet en Schuldenlast)",
Afdeling 1,Erkenning,
Afdeling 2,Subsidiëring,
Onderafdeling 1,Soorten subsidies A. Subsidies voor personeelskosten,
Onderafdeling 2,Toekenningsmodaliteiten,
HOOFDSTUK IV,Controle en bekendmaking,
HOOFDSTUK V,Coördinatiecomité voor acties ter voorkoming en bestrijding van overmatige schuldenlast,
HOOFDSTUK VI,Overgangsmaatregel,
TITEL V,Centra voor maatschappelijk werk,
HOOFDSTUK I,Begripsomschrijvingen en opdrachten,
HOOFDSTUK II,Erkenning,
Afdeling 1,Toekenningsvoorwaarden,
Afdeling 2,Procedure,
Afdeling 3,"Opschorting, intrekking",
HOOFDSTUK III,Subsidiëring,
HOOFDSTUK IV,Controle,
HOOFDSTUK V,Overgangsbepaling,
TITEL VI,Diensten voor hulpverlening aan rechtsonderhorigen,
HOOFDSTUK I,Algemene bepaling,
HOOFDSTUK II,Erkenning,
Afdeling 1,Toekenningsvoorwaarden,
Onderafdeling 1,Voorwaarden betreffende het personeel,
Onderafdeling 2,Voorwaarden met betrekking tot de inrichting van de lokalen,
Onderafdeling 3,Voorwaarden met betrekking tot de inrichting van permanente dienstverlening,
Afdeling 2,Toekenningsprocedure,
Afdeling 3,Intrekkingsprocedure,
HOOFDSTUK III,Subsidiëring,
Afdeling I,Categorieën diensten,
Afdeling 2,Soorten subsidies,
Onderafdeling 1,Subsidies voor personeelskosten,
Onderafdeling 2,Subsidies voor werkingskosten,
Afdeling 3,Toekenningsvoorwaarden en -modaliteiten,
TITEL VII,Socioprofessionele inschakeling,
HOOFDSTUK I,Algemene bepalingen,
HOOFDSTUK II,Subsidiëring,
Afdeling I,Voorwaarden,
Afdeling II,Toekenningsprocedure,
Afdeling 3,Evaluatie,
Afdeling 4,Administratieve vereenvoudiging,
TITEL VIII,Diensten en voorzieningen voor de begeleiding van partnergeweld en gendergerelateerd geweld,
HOOFDSTUK I,Algemene bepalingen,
HOOFDSTUK II,Erkenning,
Afdeling 1,Toekenningsvoorwaarden,
Afdeling 2,Toekenningsprocedure,
Afdeling 3,Intrekking,
HOOFDSTUK III,Subsidiëring,
TITEL IX,Hulp aan de woonwagenbewoners,
HOOFDSTUK 1,Organisme gespecialiseerd voor bemiddeling met woonwagenbewoners,
Afdeling 1,Erkenning,
Onderafdeling 1,Toekenningsvoorwaarden,
Onderafdeling 2,Erkenningsprocedure,
Onderafdeling 3,Intrekking,
Afdeling 2,Subsidiëring,
HOOFDSTUK II,Onthaal van de woonwagenbewoners,
HOOFDSTUK III,Subsidiëring van de gemeenten,
Boek III,Integratie van vreemdelingen,
Titel I,Algemene bepalingen,
Titel I/1,Gewestelijke actie,
Titel II,Integratietraject,
HOOFDSTUK I,Organisatie,
HOOFDSTUK II,Verplichtingen,
HOOFDSTUK IV,Sancties,
Titel III,Gewestelijke centra voor de integratie van vreemdelingen,
HOOFDSTUK I,Territoriale ambtsgebieden,
HOOFDSTUK II,Erkenning,
Afdeling 1,Voorwaarden,
Afdeling 2,Erkennings- en intrekkingsprocedure,
HOOFDSTUK III,Subsidiëring,
Titel IV,Plaatselijke initiatieven voor de integratie van vreemdelingen,
HOOFDSTUK I,Erkenning,
Afdeling 1,Voorwaarden,
Afdeling 2,Procedure,
HOOFDSTUK I/1,Oproep tot het indienen van plaatselijke initiatieven voor de integratie van vreemdelingen,
HOOFDSTUK II,Subsidiëring,
Titel V,Tolken in sociaal milieu,
HOOFDSTUK I,Erkenning,
Afdeling 1,Voorwaarden,
Afdeling 2,Procedure,
HOOFDSTUK II,Subsidiëring,
Titel VI,Niet-begeleide minderjarige vreemdelingen,
Boek IV,Hulpverlening aan gezinnen,
TITEL I,Begripsomschrijvingen,
TITEL II,""" Espaces-Rencontres "" (Ontmoetingsruimten)",
HOOFDSTUK I,Algemene bepalingen,
HOOFDSTUK II,Erkenning van de diensten,
Afdeling 1,Voorwaarden,
Afdeling 2,Toekenningsprocedure,
Afdeling 3,"Opschorting, intrekking",
HOOFDSTUK III,Subsidiëring van de Diensten,
Afdeling 1,Algemene bepalingen,
Afdeling 2,Soorten subsidies,
Onderafdeling 1,Subsidies voor personeelskosten,
Onderafdeling 2,Subsidies voor werkingskosten,
Onderafdeling 3,Subsidietoeslagen,
Onderafdeling 4,"Beperking, schorsing",
HOOFDSTUK IV,Activiteitenverslag,
HOOFDSTUK V,Overgangsbepalingen,
TITEL III,Centrum voor en federatie van centra voor levens- en gezinsvragen,
HOOFDSTUK I,Informatie en gegevens van epidemiologische aard,
HOOFDSTUK II,Centra voor levens- en gezinsvragen,
Afdeling 1,Begripsomschrijving,
Afdeling 2,Project van centrum voor gezinsplanning,
Afdeling 3,Activiteiten van de centra voor gezinsplanning,
Onderafdeling 1,Pool inontvangstneming en behandeling van de aanvragen,
Onderafdeling 2,Pool multidisciplinaire begeleiding,
Onderafdeling 3,Pool informatie en opvoeding,
Onderafdeling 4,Pool communicatie,
Onderafdeling 5,Verplichtingen van de centra voor gezinsplanning,
Afdeling 4,Organisatie van het dienstenaanbod,
Afdeling 5,Programmering en erkenning,
Onderafdeling 1,Programmering,
Onderafdeling 2,Erkenning,
Afdeling 6,Subsidiëring,
Afdeling 7,"Evaluatie, controle en sancties",
HOOFDSTUK III,Federaties van centra voor gezinsplanning,
HOOFDSTUK IV,Overgangsbepalingen,
TITEL IV,Hulpdienst voor gezinnen en bejaarde personen,
HOOFDSTUK I,Algemene bepalingen,
HOOFDSTUK II,Comité voor de begeleiding van de opleidingen,
HOOFDSTUK III,Erkenning,
Afdeling 1,Algemeen beginsel,
Afdeling 2,Voorwaarden,
HOOFDSTUK IV,Subsidiëring,
Afdeling 1,Dienstcontingent,
Afdeling 2,Soorten specifieke subsidies en toekenningsvoorwaarden,
Onderafdeling 1,"Subsidies voor cursussen, vergaderingen en verdeling van maaltijden",
Onderafdeling 2,Subsidie voor hulpverlening in het kader van dagelijkse handelingen,
Onderafdeling 3,Bijkomende subsidie voor dunbevolkte gemeenten,
Onderafdeling 4,Forfaitaire subsidie voor administratief personeel,
Onderafdeling 5,Forfaitaire subsidie voor verantwoordelijke van de begeleiding,
Onderafdeling 6,Forfaitaire subsidie voor thuisoppassers,
Onderafdeling 7,Forfaitaire subsidie voor thuisoppassers en gezinshelpsters in dewerkgelegenheidsbevordering,
Onderafdeling 8,Forfaitaire subsidies voor verplaatsingskosten,
Onderafdeling 9,Tegemoetkoming voor bijkomende verlofdagen,
Onderafdeling 10,Koopkrachtondersteunende maatregelen voor de begunstigden,
Afdeling 3,Algemene voorwaarden,
Afdeling 4,Procedure,
Afdeling 5,Contrôle,
Afdeling 6,Bijdrage van de begunstigde van de verleende hulp,
Boek V,Integratie van Gehandicapte personen,
TITEL I,Algemene bepalingen,
HOOFDSTUK I,Begripsomschrijvingen,
HOOFDSTUK II,Uitvoering,
TITEL II,"Beheer en werking van "" AWIPH """,
HOOFDSTUK I,Bestuursorganen,
Afdeling 1,Gewestelijke bureaus,
HOOFDSTUK II,Beheers- en adviesorgaan,
Afdeling 1,Beheerscomité,
Onderafdeling 1,Presentiegeld en vergoedingen,
Onderafdeling 2,Huishoudelijk reglement,
Afdeling 2,Adviesraden,
Onderafdeling 1,Opdrachten,
Onderafdeling 2,Werking,
Onderafdeling 3,Presentiegeld en vergoedingen,
Onderafdeling 4,Huishoudelijk reglement,
Afdeling 3,Controleorganen,
Onderafdeling 1,Financieel comité,
Onderafdeling 2,Modaliteiten inzake de controle van de Regeringscommissaris en afgevaardigde van de Minister van Begroting,
HOOFDSTUK III,Boekhoudkundige en budgettaire bepalingen,
Afdeling 1,Algemene beginselen,
Afdeling 2,Boekhoudplan,
Afdeling 3,Uitvoering,
Afdeling 4,Regels voor de evaluatie en de bestemming van het boekhoudkundig resultaat,
HOOFDSTUK IV,Bepalingen inzake personeel,
Afdeling 1,Personeelsformatie,
Afdeling 2,Basisoverlegcomité,
Onderafdeling 1,Oprichting,
Onderafdeling 2,Samenstelling van de afvaardiging van de overheid,
Onderafdeling 3,Uitvoering,
Afdeling 3,Pensioenstelsel,
HOOFDSTUK V,Toezichthoudende taken,
TITEL III,"Overkoepelende dienstverleningen van "" AWIPH """,
HOOFDSTUK I,Erkenning van de handicap,
HOOFDSTUK II,"Uitbreiding van de dienstverleningen van "" AWIPH"" naar bepaalde categorieën vreemdelingen",
TITEL IV,Basisdossier,
HOOFDSTUK I,Algemene beginselen,
HOOFDSTUK II,Samenstelling van het dossier,
HOOFDSTUK III,"Erkende centra die informatie aan "" AWIPH "" kunnen meedelen",
Afdeling 1,Algemene beginselen,
Afdeling 2,Erkenningsvoorwaarden,
HOOFDSTUK IV,Vergoedingsvoorwaarden voor onderzoeken,
TITEL V,Beslissing tot tegemoetkoming,
HOOFDSTUK I,Algemeen beginsel,
HOOFDSTUK II,Voolopige beslissing,
HOOFDSTUK III,Herziening,
HOOFDSTUK IV,Teruginning,
HOOFDSTUK V,Beroepen,
Afdeling 1,Algemeen beginsel,
Afdeling 2,Commissie van beroep,
Onderafdeling 1,Samenstelling en werking,
Onderafdeling 2,Presentiegeld en vergoedingen,
Onderafdeling 3,Huishoudelijk reglement,
Afdeling 3,Beroepsprocedure,
TITEL VI,Algemene voorwaarden voor de erkenning van de diensten,
HOOFDSTUK I,Algemene beginselen,
HOOFDSTUK I/1,Specifieke bepalingen,
Afdeling 1,Inleidende bepaling,
Onderafdeling 1,Dienstproject en doelstellingencontract,
HOOFDSTUK II,Toekenningsprocedure,
HOOFDSTUK III,,
Afdeling 1,Algemene beginselen,
Afdeling 2,Specifieke regels voor de controle op en de aanwending van de subsidies van het Agentschap,
HOOFDSTUK IV,Sancties,
TITEL VII,Thuiszorgvoorzieningen,
HOOFDSTUK I,Voor gehandicapte personen bestemde begeleidingdiensten bij opvang in een gezin,
Afdeling 1,Algemene bepalingen,
Afdeling 2,Opdrachten,
Onderafdeling 1,Opdrachten van de diensten,
Onderafdeling 2,Opdrachten van de onthaalpersonen,
Afdeling 3,Programmering,
Afdeling 4,Erkenning,
Onderafdeling 1,Procedure,
Onderafdeling 2,Theoretisch aantal begeleidingsuren en aantal individuele dossiers,
Onderafdeling 3,Voorwaarden A. Algemene bepalingen,
Afdeling 5,Subsidiëring,
Onderafdeling 1,Algemene bepalingen,
Onderafdeling 2,Jaarlijkse toelage,
Onderafdeling 3,Toeslag wegens geldelijke anciënniteit,
Onderafdeling 4,Bijzondere toelage om de bepalingen van het drieledige raamakkoord voor de Waalse privé non-profit sector te vereffenen,
Onderafdeling 5,Bijzondere toelage om de vakbondspremies te financieren,
Onderafdeling 6,Bijzondere toelage om de bepalingen van het drieledige raamakkoord voor de Waalse privé non-profit sector te vereffenen,
Onderafdeling 7,Controle op de toelagen,
Afdeling 6,Dagelijkse forfaitaire vergoeding,
Afdeling 7,Opvangbeleid,
Afdeling 8,Controle,
HOOFDSTUK II,Begeleidingsdiensten,
Afdeling 1,Begripsomschrijvingen,
Afdeling 2,Algemene beginselen en opdrachten van de begeleidingsdiensten,
Afdeling 3,Types begeleidingen,
Onderafdeling 1,Begeleiding van jonge kinderen,
Onderafdeling 2,Begeleiding van schoolgaande jongeren,
Onderafdeling 3,Begeleiding van volwassenen,
Onderafdeling 4,Begeleiding voor gespecialiseerde taken,
Afdeling 4,Ondersteuning van het schoolbezoek,
Afdeling 5,Erkenning,
Onderafdeling 1,Erkenningsvoorwaarden,
Onderafdeling 2,Type erkenning,
Onderafdeling 3,Procedure,
Onderafdeling 4,Beslissing tot erkenning,
Onderafdeling 5,Controle,
Afdeling 6,Klachten,
Afdeling 7,Opvangbeleid,
Onderafdeling 1,Algemene toelatingsvoorwaarden,
Onderafdeling 2,Documenten voor de tijdelijke begeleiding van jonge kinderen,
Onderafdeling 3,Documenten voor de tijdelijke begeleiding van schoolgaande jongeren of volwassenen,
Onderafdeling 4,Documenten voor de tijdelijke begeleiding voor burgeractiviteiten,
Onderafdeling 5,Documenten voor de tijdelijke begeleiding in begeleid wonen,
Onderafdeling 6,Documenten voor de tijdelijke begeleiding voor overgang van het schoolleven naar het actieve leven,
Afdeling 8,Subsidiëring,
Onderafdeling 1,Algemene bepalingen,
Onderafdeling 2,Jaarlijkse subsidie,
Onderafdeling 3,Toeslag wegens geldelijke anciënniteit van het personeel,
Onderafdeling 4,"Specifieke subsidie om te voldoen aan de bepalingen van de raamovereenkomsten 2010-2011 en 2018-2020 met betrekking tot de privé non-profitsector en de raamovereenkomst 2018-2020 betreffende de openbare non-profitsector, inzake de verhoging van de eindejaarspremie",
Onderafdeling 5,"Specifieke subsidie om te voldoen aan de bepalingen van de kaderovereenkomst 2010-2011 met betrekking tot de private non-profitsector, voor wat betreft de bijkomende subsidie gereserveerd voor de financiering van opleidingen",
Onderafdeling 6,Specifieke subsidie om de betaling van de vakbondpremies te kunnen verzekeren,
Onderafdeling 7,Controle op de subsidies,
Afdeling 9,Financiële bijdrage van de gebruikers,
Afdeling 10,Programmering,
HOOFDSTUK IV,Hulpdiensten betreffende de activiteiten van het dagelijks leven,
Afdeling 1,Algemene bepalingen,
Afdeling 2,Opdrachten,
Afdeling 3,Programmering,
Afdeling 4,Principeakkoord,
Afdeling 5,Erkenning,
Onderafdeling 1,Algemene beginselen,
Onderafdeling 2,Toekenningsprocedure,
Onderafdeling 3,Voorwaarden A. Algemeen beginsel,
Afdeling 6,Controle en sancties,
Onderafdeling 1,Evaluatie van de diensten,
Onderafdeling 2,Controle,
Afdeling 7,Subsidiëring,
Onderafdeling 1,Algemene bepalingen,
Onderafdeling 2,Jaarlijkse toelagen,
Onderafdeling 3,Toeslag wegens geldelijke anciënniteit,
Onderafdeling 4,Bedrag van de jaarlijkse subsidie,
Onderafdeling 5,Bijzondere toelage om de bepalingen van het drieledige raamakkoord voor de Waalse privé non-profit sector te vereffenen,
Onderafdeling 6,Controle van de toelagen,
Afdeling 8,Financiële bijdrage van de rechthebbenden,
Afdeling 9,Opvangbeleid,
HOOFDSTUK V,Individuele integratiehulp,
Afdeling 1,Algemene bepalingen,
Afdeling 2,Voorwaarden betreffende de tenlasteneming,
Onderafdeling 1,Algemene bepalingen,
Onderafdeling 2,Herstelling en hernieuwing van de hulpmiddelen,
Onderafdeling 3,Uitsluitingen,
Onderafdeling 4,Bedrag van de financiële tegemoetkoming,
Onderafdeling 5,Voorwaarden voor de uitbetaling van de financiële tegemoetkoming,
Afdeling 3,Procedure voor het beheerscomité,
Afdeling 4,Budget inzake persoonlijke bijstandsverlening,
Onderafdeling 1,Algemene bepalingen,
Onderafdeling 2,Toekenningsvoorwaarden,
Onderafdeling 3,Prioriteiten,
Onderafdeling 4,Procedure A. Aanvraag,
HOOFDSTUK VI,Toegankelijkheid van de voor het publiek bestemde inrichtingen en installaties voor personen met een assistentiehond,
Afdeling 1,Bewegwijzering,
Afdeling 2,Erkenning van verenigingen of africhters voor de africhting van assistentiehonden,
Onderafdeling 1,Voorwaarden,
Onderafdeling 2,Toekenningsprocedure,
Onderafdeling 3,Verlengingsprocedure,
Onderafdeling 4,Beslissing,
Afdeling 3,Hoedanigheid van assistentie- en begeleidingshond,
Afdeling 4,Evaluatie,
HOOFDSTUK VII,Diensten die respijtzorg organiseren ten gunste van de mantelzorgers en de gehandicapte personen,
Afdeling 1,Inleidende bepalingen,
Afdeling 2,Algemene beginselen en opdrachten van de diensten,
Onderafdeling 1,Algemene beginselen,
Onderafdeling 2,Opdrachten van de diensten,
Afdeling 3,Erkenning van de diensten,
Onderafdeling 1,Selectieprocedure,
Onderafdeling 2,Types erkenning,
Onderafdeling 3,Erkenningsprocedures,
Onderafdeling 4,Erkenningsvoorwaarden,
Onderafdeling 5,Controle,
Afdeling 4,Toegangsvoorwaarden,
Afdeling 5,Punten per dienstverstrekking,
Onderafdeling 1,Inleidende bepalingen,
Onderafdeling 2,Bepaling en wijziging van het aantal toegekende punten,
Onderafdeling 3,Gebruik van de punten,
Afdeling 6,Subsidiëring,
Onderafdeling 1,Inleidende bepalingen,
Onderafdeling 2,Berekening van de basistoelagen,
Onderafdeling 3,Toeslag wegens geldelijke anciënniteit,
Onderafdeling 4,Toelage ter financiering van de loonsverhogingen die voortvloeien uit de opwaardering van de lastige uren van het personeel dat respijtzorg verstrekt,
Afdeling 7,Financiële bijdrage van de gebruikers,
Afdeling 8,Programmering,
HOOFDSTUK VIII,Diensten inzake tolken gebarentaal,
Afdeling 1,Algemene bepalingen,
Afdeling 2,Algemene beginselen en opdrachten van de diensten,
Onderafdeling 1,Algemene beginselen,
Onderafdeling 2,Opdrachten van de diensten,
Afdeling 3,Erkenning van de diensten,
Onderafdeling 1,Selectieprocedure,
Onderafdeling 2,Erkenningsprocedures,
Onderafdeling 3,Voorwaarden tot erkenning van de diensten,
Afdeling 4,Subsidiëring van de diensten,
Onderafdeling 1,Algemene bepalingen,
Onderafdeling 2,Jaarlijkse vaste personeelssubsidie,
Onderafdeling 3,Jaarlijkse vaste subsidies voor werkings- en opleidingskosten,
Onderafdeling 4,Berekening van de toeslag wegens geldelijke anciënniteit,
Onderafdeling 5,Uitrustings- en onderhoudssubsidie voor het tolksysteem op afstand,
Onderafdeling 6,Uitbetaling van de subsidies,
Onderafdeling 7,Controle op de subsidie,
Afdeling 7,"Evaluatie, controle en klachten",
Onderafdeling 1,Evaluatie,
Onderafdeling 2,Controle,
Onderafdeling 3,Klachten,
Hoofdstuk IX,Erkenning en subsidiëring van mobiele steunregelingen voor de inclusie van gehandicapte personen,
Afdeling 1,Algemene bepalingen,
Afdeling 2,"Opdrachten, activiteiten en erkenning van de ondersteunende diensten",
Onderafdeling 1,Opdrachten en activiteiten,
Onderafdeling 2,Erkenning,
Afdeling 3,"Opdrachten, activiteiten en erkenning van de mobiele interventiecellen",
Onderafdeling 1,Opdrachten en activiteiten,
Onderafdeling 2,Erkenning,
Afdeling 4,"Opdrachten, activiteiten en erkenning van de referentiecellen",
Onderafdeling 1,Opdrachten en activiteiten,
Onderafdeling 2,Erkenning,
Afdeling 5,Innoverende praktijken,
Afdeling 6,Subsidiëring,
Onderafdeling 1,Inleidende bepalingen,
Onderafdeling 2,Basisbedrag,
Onderafdeling 3,Toeslag wegens geldelijke anciënniteit,
Onderafdeling 4,Mobiliteitskosten van het personeel,
Onderafdeling 5,Bepalingen inzake de activiteitsdoelstellingen,
Afdeling 6,Controle op het gebruik van de subsidies,
Afdeling 7,Financiële bijdrage van de gebruikers,
Afdeling 8,Evaluatie van de regeling,
TITEL VIII,Voorzieningen voor de functionele revalidatie van gehandicapte personen,
HOOFDSTUK I,Soorten centra voor functionele revalidatie en erkenningsvoorwaarden,
Afdeling 1,Algemene centra voor functionele revalidatie,
Afdeling 2,"Centra voor functionele revalidatie voor kinderen en adolescenten die lijden aan een motorisch cerebrale gebrekkigheid en, in bijkomende orde, aan neurologische aandoeningen van lange duur of aan myopathie",
Afdeling 3,Centra voor functionele revalidatie voor gehandicapte personen met gehoor- en spraakstoornissen,
Afdeling 4,Centra voor functionele heraanpassing voor gehandicapte personen met een psychische stoornis,
Onderafdeling 1,Algemene bepalingen,
Onderafdeling 2,Algemene toekenningsvoorwaarden,
Onderafdeling 3,Specifieke toekenningsvoorwaarden,
Afdeling 5,Centra voor functionele heraanpassing voor gehandicapte personen met een gezichtsstoornis,
Onderafdeling 1,Algemene bepalingen,
Onderafdeling 2,Algemene toekenningsvoorwaarden,
Onderafdeling 3,Specifieke toekenningsvoorwaarden A. In functie van de bevolking van het centrum,
Afdeling 6,Centra voor functionele revalidatie van hartlijders,
Onderafdeling 1,Algemene bepalingen,
Onderafdeling 2,Algemene erkenningsvoorwaarden,
Onderafdeling 3,Specifieke toekenningsvoorwaarden,
HOOFDSTUK II,Erkenningsprocedure,
HOOFDSTUK III,Subsidiëring,
Afdeling 1,"Subsidies voor de oprichting, de uitbreiding of de inrichting van centra of diensten voor functionele revalidatie",
Onderafdeling 1,Algemene bepalingen,
Onderafdeling 2,Voorwaarden,
Onderafdeling 3,Procedure,
Onderafdeling 4,Vereffening,
Onderafdeling 5,Terugbetaling,
Afdeling 2,Subsidies voor het onderhoud van extramurale centra of diensten voor functionele revalidatie,
Onderafdeling 1,Algemene bepalingen,
Onderafdeling 2,Voorwaarden,
TITEL IX,Voorzieningen voor integratie in het arbeidsproces,
HOOFDSTUK I,Centra en diensten voor gespecialiseerde voorlichting bij beroepskeuze,
Afdeling 1,Erkenningsvoorwaarden,
Afdeling 2,Erkenningsprocedure,
HOOFDSTUK II,Tegemoetkoming in de kosten van de onderzoekingen inzake voorlichting bij studie- of beroepskeuze,
Afdeling 1,Tarieven,
Afdeling 2,Procedure,
HOOFDSTUK III,Aangepaste centra voor opleiding en socioprofessionele inschakeling,
Afdeling 1,Definities,
Afdeling 2,Opdrachten,
Afdeling 3,Erkenning,
Onderafdeling 1,Voorwaarden,
Onderafdeling 2,Erkenningsprocedure,
Afdeling 4,Toelating van de begunstigden tot het socioprofessioneel inschakelingsproces,
Onderafdeling 1,Voorwaarden,
Onderafdeling 2,Fase tot bepaling van het socioprofessioneel inschakelingsproject,
Onderafdeling 3,Fase waarin het socioprofessioneel inschakelingsproject bekrachtigd wordt,
Onderafdeling 4,Kwalificerende opleidingsfase,
Onderafdeling 5,Fase inzake opvolging na de opleiding,
Onderafdeling 6,Gemeenschappelijke bepalingen,
Onderafdeling 7,Overeenkomst,
Afdeling 5,Subsidiëring,
Onderafdeling 1,Voorwaarden,
Onderafdeling 2,Subsidies,
Afdeling 6,Controle en evaluatie,
HOOFDSTUK IV,Bedrijven voor aangepast werk,
Afdeling 1,Begripsomschrijvingen,
Afdeling 2,Toelaatbaarheids- en erkenningsvoorwaarden,
Onderafdeling 1,Voorafgaande en bijkomende toelatingsvoorwaarden,
Onderafdeling 2,Erkenningsvoorwaarden,
Afdeling 3,Subsidiëring,
Onderafdeling 1,Algemene verleningsvoorwaarden,
Onderafdeling 2,Puntendoelstelling,
Onderafdeling 3,De beroepsbekwaamheid van de productiewer,
Onderafdeling 4,Subsidiecategorieën,
Afdeling 4,Opvang- en vormingsafdelingen,
Onderafdeling 1,Algemene bepalingen,
Onderafdeling 2,Voorwaarden en werking,
Onderafdeling 3,Subsidiëring,
Afdeling 6,Indienstneming door externe bedrijven,
Afdeling 7,Fonds voor bestaanszekerheid betreffende bedrijven voor aangepast werk,
HOOFDSTUK V,Gelijkheid van kansen voor gehandicapte personen op de arbeidsmarkt,
Afdeling 1,Algemene bepalingen,
Afdeling 2,Ontdekkingsstage,
Afdeling 3,Beroepsaanpassingscontract,
Afdeling 4,Peterschap,
Afdeling 5,Inschakelingspremie,
Afdeling 6,Compensatiepremie,
Afdeling 7,Premie aan zelfstandige werknemers,
Afdeling 8,Aanpassing van een arbeidspost,
Onderafdeling 1,Loontrekkende werknemer,
Onderafdeling 2,Zelfstandige werknemer,
Onderafdeling 3,Gemeenschappelijke bepalingen,
Afdeling 9,Verplaatsingskosten,
TITEL X,Stelsels betreffende een tegemoetkoming in verschillende kosten die door gehandicapte personen individueel worden gemaakt,
HOOFDSTUK I,Verplaatsings en verblijfkosten,
Afdeling 1,"Kosten gemaakt buiten de schoolopleiding, beroepsopleiding, -omscholing en -herscholing en het uitoefenen van een beroepsbezigheid",
Onderafdeling 1,Algemene beginselen,
Onderafdeling 2,Verplaatsings- en verblijfskosten,
Afdeling 2,Kosten gemaakt in het kader van de beroepsomscholing en -herscholing en van de schoolopleiding,
Onderafdeling 1,Kosten gemaakt in het kader van de beroepsomscholing en -herscholing A. Algemene beginselen,
Onderafdeling 2,Kosten gemaakt in het kader van de schoolopleiding A. Algemene beginselen,
HOOFDSTUK II,"Kosten voor beroepsopleiding, omscholing of herscholing",
Afdeling 1,"Toekenningscriteria in het kader van de opleiding, de beroepsomscholing of -herscholing",
Afdeling 2,Toekenningscriteria in het kader van de schoolopleiding,
Afdeling 3,"Huisvestings-, onderhouds-, behandelings- en opleidingskosten gemaakt in het buitenland",
TITEL XI,Residentiële diensten en dagonthaaldiensten Ondertitel 1. Residentiële diensten voor volwassenen,
HOOFDSTUK I,Algemene bepalingen,
HOOFDSTUK II,Programmering,
HOOFDSTUK III,Omvorming van de diensten,
HOOFDSTUK IV,Erkenning,
Afdeling 1,Procedure,
Afdeling 2,Erkenningsvoorwaarden,
Onderafdeling 1,Algemene beginselen,
Onderafdeling 2,Algemene voorwaarden betreffende de opvang van gebruikers,
Onderafdeling 3,. - Voorwaarden betreffende het Handvest,
Onderafdeling 4,Voorwaarden betreffende het dienstproject,
Onderafdeling 5,Voorwaarden betreffende het activiteitenverslag,
Onderafdeling 6,Voorwaarden betreffende de opvangovereenkomst,
Onderafdeling 7,Voorwaarden met betrekking tot de dossiers van de gebruikers,
Onderafdeling 8,Voorwaarden betreffende de individuele projecten,
Onderafdeling 9,Voorwaarden met betrekking tot de interne communicatiemiddelen,
Onderafdeling 10,Algemene voorwaarden betreffende de opvang van een nieuwe gebruiker,
Onderafdeling 11,Voorwaarden betreffende de activiteiten,
Onderafdeling 12,Voorwaarden betreffende de maaltijden,
Onderafdeling 13,Voorwaarden betreffende de raad van gebruikers,
Onderafdeling 14,Voorwaarden betreffende de kwaliteit van de prestaties geboden aan de gebruikers,
Onderafdeling 15,Voorwaarden met betrekking tot de behandeling van de bezwaren,
Onderafdeling 16,Voorwaarden betreffende het personeel,
Onderafdeling 17,Voorwaarden betreffende het administratief en boekhoudkundig beheer,
HOOFDSTUK V,Subsidiëring,
Afdeling 1,Algemene bepalingen,
Afdeling 2,Jaarlijkse toelage,
Afdeling 3,Jaarlijkse toelage voor geneesheer,
Afdeling 4,Jaarlijkse toelage,
Afdeling 5,Specifieke subsidie met het oog op de versterking van de begeleiding,
Afdeling 6,Bijzondere toelage om de vakbondpremies te financieren,
Afdeling 7,Specifieke subsidies met het oog op de vereffening van de bepalingen van het drieledige raamakkoord voor de Waalse privé non-profit sector,
Afdeling 8,Specifieke subsidie als compensatie voor de maatregelen inzake de loonschaalverhoging van de hoofdopvoeders en opvoeders groepsleiders,
Afdeling 9,Specifieke subsidie met het oog op de vereffening van de bepalingen van de kaderovereenkomst 2011 - 2012 betreffende de openbare non-profit sector,
HOOFDSTUK VI,Terugbetaling van verscheidene onkosten,
HOOFDSTUK VII,Bijdragen van de gehandicapte personen,
HOOFDSTUK VIII,Opvangbeleid,
HOOFDSTUK IX,Opvangbeleid,
HOOFDSTUK X,Beheer van de goederen en van het vermogen van de gehandicapte persoon,
HOOFDSTUK XI,Controle,
HOOFDSTUK XII,Originele collectieve of individuele projecten,
HOOFDSTUK I,Algemene bepalingen,
HOOFDSTUK III,Erkenning,
Afdeling 1,Procedure,
Afdeling 2,Beslissing tot erkenning,
Afdeling 3,Wijziging van erkenning,
Afdeling 4,Erkenningsvoorwaarden,
Onderafdeling 1,Algemene beginselen,
Onderafdeling 2,Algemene voorwaarden betreffende de opvang van gebruikers,
Onderafdeling 3,. - Voorwaarden betreffende het Handvest,
Onderafdeling 4,Voorwaarden betreffende het dienstproject,
Onderafdeling 5,Voorwaarden betreffende het activiteitenverslag,
Onderafdeling 6,Voorwaarden betreffende de opvangovereenkomst,
Onderafdeling 7,Voorwaarden met betrekking tot de dossiers van de gebruikers,
Onderafdeling 8,Voorwaarden betreffende de individuele projecten,
Onderafdeling 9,Voorwaarden met betrekking tot de interne communicatiemiddelen,
Onderafdeling 10,Algemene voorwaarden betreffende de opvang van een nieuwe gebruiker,
Onderafdeling 11,Voorwaarden betreffende de activiteiten,
Onderafdeling 12,Voorwaarden betreffende de raad van gebruikers,
Onderafdeling 13,Voorwaarden betreffende de kwaliteit van de prestaties geboden aan de gebruikers,
Onderafdeling 14,Voorwaarden met betrekking tot de behandeling van de bezwaren,
Onderafdeling 15,Voorwaarden in verband met telebewakingssystemen,
Onderafdeling 16,Voorwaarden betreffende het personeel,
Onderafdeling 17,Voorwaarden betreffende het administratief en boekhoudkundig beheer,
Onderafdeling 18,Voorwaarden betreffende de gebouwen,
Onderafdeling 19,Verplichtingen betreffende de opname van gehandicapte personen van buitenlandse herkomst,
Afdeling 5,Controle,
HOOFDSTUK IV,Klachten,
HOOFDSTUK V,Opnamebeleid,
HOOFDSTUK VI,Prioritaire gehandicapte personen in noodsituatie,
HOOFDSTUK VII,Gewone punten,
Afdeling 1,Algemene bepalingen,
Afdeling 2,Bepaling en wijziging van de puntendoelstelling,
Onderafdeling 1,Bepaling van de puntendoelstelling,
Onderafdeling 2,Waarneming van het aantal behaalde punten,
Onderafdeling 3,Herverdeling van de niet gebruikte punten,
Afdeling 3,Verrekening van de punten,
HOOFDSTUK VIII,Nominatieve punten,
Afdeling 1,Bepaling van de nominatieve punten,
Afdeling 2,Waarneming van het aantal behaalde nominatieve punten,
Afdeling 3,Boekhouding van de nominatieve punten,
HOOFDSTUK IX,Subsidiëring,
Afdeling 1,Algemene bepalingen,
Afdeling 2,Basissubsidie,
Afdeling 3,Toeslag wegens geldelijke anciënniteit,
Afdeling 4,Nominatieve subsidie,
Afdeling 5,Non-profit toeslagen,
Afdeling 6,"Toeslag "" mobiliteit """,
Afdeling 7,Vakbondspremies,
Afdeling 8,Overeenkomst tot bevordering van de tewerkstelling,
Afdeling 9,Sancties,
Afdeling 10,Controle op het gebruik van de subsidies,
HOOFDSTUK X,Financiële bijdrage van de gebruikers,
HOOFDSTUK XI,Programmering,
HOOFDSTUK XI/1,Omvorming,
HOOFDSTUK XII,Adequatie van het stelsel,
HOOFDSTUK I,Algemene bepalingen,
HOOFDSTUK II,Algemene beginselen en opdrachten van de diensten,
HOOFDSTUK III,Erkenning,
Afdeling 1,Procedure,
Afdeling 2,Beslissing tot erkenning,
Afdeling 3,Wijziging van erkenning,
Afdeling 4,Erkenningsvoorwaarden,
Onderafdeling 1,Algemene beginselen,
Onderafdeling 2,Algemene voorwaarden betreffende de opvang van gebruikers,
Onderafdeling 3,Voorwaarden betreffende het Handvest,
Onderafdeling 4,Voorwaarden betreffende het dienstproject,
Onderafdeling 5,Voorwaarden betreffende het activiteitenverslag,
Onderafdeling 6,Voorwaarden betreffende de opvangovereenkomst,
Onderafdeling 7,Voorwaarden met betrekking tot de dossiers van de gebruikers,
Onderafdeling 8,Voorwaarden betreffende de individuele projecten,
Onderafdeling 9,Voorwaarden met betrekking tot de interne communicatiemiddelen,
Onderafdeling 10,Algemene voorwaarden betreffende de opvang van een nieuwe gebruiker,
Onderafdeling 11,Voorwaarden betreffende de activiteiten,
Onderafdeling 12,Voorwaarden betreffende de maaltijden,
Onderafdeling 13,Voorwaarden betreffende de raad van gebruikers,
Onderafdeling 14,Voorwaarden betreffende de kwaliteit van de prestaties geboden aan de gebruikers,
Onderafdeling 15,Voorwaarden met betrekking tot de behandeling van de bezwaren,
Onderafdeling 16,Voorwaarden betreffende het personeel,
Onderafdeling 17,Voorwaarden betreffende het administratief en boekhoudkundig beheer,
Onderafdeling 18,Voorwaarden betreffende de gebouwen,
Afdeling 5,Controle,
HOOFDSTUK IV,Klachten,
HOOFDSTUK V,Opnamebeleid,
HOOFDSTUK VI,Prioritaire gehandicapte personen in noodsituatie,
HOOFDSTUK VII,Punten,
Afdeling 1,Algemene bepalingen,
Afdeling 2,Bepaling en wijziging van de puntendoelstelling,
Onderafdeling 1,Bepaling van de puntendoelstelling,
Onderafdeling 2,Waarneming van het aantal behaalde punten,
Onderafdeling 3,Herverdeling van de niet gebruikte punten,
Afdeling 3,Verrekening van de punten,
HOOFDSTUK VIII,Subsidiëring,
Afdeling 1,Algemene bepalingen,
Afdeling 2,Basissubsidie,
Afdeling 3,Toeslag wegens geldelijke anciënniteit,
Afdeling 4,Bijzondere toelage,
Afdeling 5,Non-profit toeslagen,
Afdeling 6,Vakbondspremies,
Afdeling 7,Overeenkomst tot bevordering van de tewerkstelling,
Afdeling 8,Sancties,
Afdeling 9,Controle op het gebruik van de subsidies,
HOOFDSTUK IX,Financiële bijdrage van de gebruikers,
HOOFDSTUK X,Programmering,
HOOFDSTUK XI,Omvorming,
HOOFDSTUK XII,Adequatie van het stelsel,
TITEL XII,Diensten die activiteiten voor gehandicapte personen organiseren,
HOOFDSTUK I,Algemene bepalingen,
HOOFDSTUK II,Erkenning,
Afdeling 1,Erkenningsaanvraag,
Afdeling II,Beslissingen,
Afdeling 3,Voorwaarden,
Onderafdeling 1,Algemeen beginsel,
Onderafdeling 2,Voorwaarden betreffende de rechtspersoonlijkheid van de dienst,
Onderafdeling 3,Voorwaarden betreffende het begeleidingspersoneel,
Onderafdeling 4,Voorwaarden betreffende het beheer van het personeel,
Onderafdeling 5,Voorwaarden betreffende de opvang van personen,
Onderafdeling 6,Voorwaarden betreffende de lokalen en de installaties,
Onderafdeling 7,Voorwaarden inzake sectorale programmering,
HOOFDSTUK III,Subsidiëring,
Afdeling 1,Algemeen beginsel,
Afdeling 2,Berekening van de jaarlijkse subsidies,
Afdeling 3,Toekenningsprocedure,
HOOFDSTUK IV,Controle en sancties,
HOOFDSTUK V,Verzorging van prioritaire gehandicapte personen,
Titel XII/1,(vroegere Hoofdstuk V.) Machtiging tot verzorging van gehandicapte personen,
Afdeling 1,Algemene bepalingen,
Afdeling 2,Voorwaarden voor de toekenning en het behoud van de erkenning,
Onderafdeling 1,Voorwaarden voor de leiding van de dienst en de directeur,
Onderafdeling 2,Voorwaarden betreffende het personeel,
Onderafdeling 3,Voorwaarden betreffende de hygiëne en de Gezondheid,
Afdeling 3,Vergunningsprocedure,
Afdeling 4,Beslissing over de vergunning,
Afdeling 5,Controle en sancties,
Afdeling 6,Klachten,
Afdeling 7,Opname van prioritaire gehandicapte personen,
TITEL XII/2,"Diensten voor personen met een handicap, waarvan de financiering en de beslissing tot opname verzekerd worden door een buitenlandse openbare overheid",
HOOFDSTUK I,Algemene bepalingen,
HOOFDSTUK II,Algemene beginselen en opdrachten van de diensten,
HOOFDSTUK III,Erkenning van de diensten,
Afdeling 1,Principeakkoord,
Afdeling 2,Erkenningsaanvraag,
Afdeling 3,Beslissing tot erkenning,
Afdeling 4,Wijziging van erkenning,
HOOFDSTUK IV,Erkenningsvoorwaarden,
Afdeling 1,Voorwaarden betreffende de methodologische instrumenten bestemd om de kwaliteit van de verzorging van de gebruikers te bevorderen,
Onderafdeling 1,Algemene voorwaarden betreffende de opvang van gebruikers,
Onderafdeling 2,Voorwaarden betreffende het Handvest,
Onderafdeling 3,Voorwaarden betreffende het dienstproject,
Onderafdeling 4,Voorwaarden betreffende het activiteitenverslag,
Onderafdeling 5,Voorwaarden betreffende de opvangovereenkomst,
Onderafdeling 6,Voorwaarden met betrekking tot de dossiers van de gebruikers,
Onderafdeling 7,Voorwaarden betreffende de individuele projecten,
Onderafdeling 8,Voorwaarden met betrekking tot de communicatieschriften,
Onderafdeling 9,Algemene voorwaarden betreffende de opvang van een nieuwe gebruiker,
Onderafdeling 10,Voorwaarden betreffende de activiteiten,
Onderafdeling 11,Voorwaarden betreffende de maaltijden,
Onderafdeling 12,Voorwaarden betreffende de raad van gebruikers,
Onderafdeling 13,Voorwaarden betreffende de kwaliteit van de prestaties geboden aan de gebruikers,
Onderafdeling 14,Voorwaarden met betrekking tot de behandeling van de bezwaren,
Afdeling 2,Voorwaarden betreffende het personeel,
Onderafdeling 1,Algemene voorwaarden,
Onderafdeling 2,Voorwaarden van de Directie,
Onderafdeling 3,Voorwaarden van het begeleidingspersoneel,
Onderafdeling 4,Voorwaarden van het niet educatief personeel,
Onderafdeling 5,Voorwaarden voor de opleiding van het personeel,
Afdeling 3,Voorwaarden betreffende het beheer,
Onderafdeling 4,"Voorwaarden betreffende de infrastructuur, de veiligheid en de hygiëne",
HOOFDSTUK V,Tenlasteneming en financiering door het Agentschap,
HOOFDSTUK VI,Controle,
HOOFDSTUK VII,Behandeling van de klachten door het Agentschap,
HOOFDSTUK VIII,"Slot-, overgangs- en opheffingsbepalingen",
TITEL XIII,Experimentele en vernieuwende stelsels,
TITEL XIII/1,Subsidiëring van de opvang- en huisvestingsinfrastructuren voor de gehandicapte personen,
TITEL XIV,Overgangs- en slotbepalingen,
Boek VI,Hulp aan bejaarde personen,
TITEL I,Inrichtingen voor bejaarde personen,
HOOFDSTUK I,Normen waaraan de inrichtingen voor bejaarde personen moeten voldoen,
Afdeling 1,Huisvesting en opvang van bejaarde personen van minder dan 70 jaar,
Afdeling 2,Verplichte normen,
Onderafdeling 1,Normen betreffende brandbeveiliging en paniek,
Onderafdeling 1/1,Normen betreffende de prijzen,
Onderafdeling 2,Andere verplichte normen,
Afdeling 3,Facultatieve normen - Handvest betreffende kwaliteit van de inrichtingen,
HOOFDSTUK II,Programmering,
HOOFDSTUK III,Principeakkoorden,
HOOFDSTUK IV,Werkingstitels,
Afdeling 1,Algemene beginselen,
Afdeling 2,"Bepalingen eigen aan de rusthuizen, rust- en verzorgingstehuizen voor een kortstondig verblijf",
Afdeling 3,Bepalingen eigen aan de serviceflats,
Afdeling 4,Bijzondere bepalingen voor de dagopvangcentra en/of centra voor dagverzorging en/of centra voor avond- en/of nachtopvang,
Afdeling 5,Bepalingen eigen aan de gezinsopvang,
Afdeling 6,Bepalingen met betrekking tot speciale goedkeuring,
HOOFDSTUK V,"Kwaliteit, controle en sancties",
Afdeling 0,Kwaliteit,
Afdeling 1,Controle,
Afdeling 2,"Schorsing, intrekking of weigering van de werkingsvergunning",
HOOFDSTUK VI,Sluitingen,
Afdeling 1,Bepalingen eigen aan de dringende sluitingen,
Afdeling 2,Bepalingen eigen aan inrichtingen die zonder werkingstitel functioneren,
HOOFDSTUK VII,Administratieve geldboetes,
HOOFDSTUK VIII,Commissaris,
HOOFDSTUK IX,Overgangsbepaling,
TITEL II,Subsidiëring,
HOOFDSTUK I,Investeringssubsidies,
Afdeling 1,Algemene bepalingen,
Afdeling 2,Maximumkosten die voor de toekenning van de subsidies in aanmerking genomen moeten worden,
Afdeling 3,Modaliteiten voor de betaling van de subsidies,
Afdeling 4,Algemene toekenningsprocedure van de subsidies,
Onderafdeling 1,Het voorontwerp,
Onderafdeling 2,Het project,
Onderafdeling 3,Gunning en uitvoering van de opdracht,
Onderafdeling 4,"Bijzondere toekenningsprocedures van de subsidies in geval van een aankoop bedoeld in artikel 404, 14°, van het tweede deel van het decreetgevend deel van het Wetboek",
Onderafdeling 6,Bijzondere toekenningsprocedure van de subsidies aan de sociale serviceflats,
Onderafdeling 5,"Bijzondere toekenningsprocedures van de subsidies in geval van een aankoop bedoeld in artikel 404, 15°, van het tweede deel van het decreetgevend deel van het Wetboek",
HOOFDSTUK II,Werkingssubsidies eigen aan de dagopvangcentra en/of de centra voor avond- en/of nachtopvang en van de begeleidingsdiensten voor gezinsopvang,
TITEL II/1,Financiering van infrastructuurvoorzieningen,
HOOFDSTUK I,Algemene bepalingen,
HOOFDSTUK II,Billijke bouwprijs,
HOOFDSTUK III,Berekening van het aantal maximaal toelaatbare vierkante meter,
HOOFDSTUK IV,Berekening van de huurprijzen,
HOOFDSTUK V,Factureringscapaciteit en vereffening,
HOOFDSTUK VI,Procedure voor de vaststelling van de bouwplannen,
HOOFDSTUK VII,Factureringsmachtiging,
HOOFDSTUK VIII,Verplichtingen van opvang- en huisvestingsinrichtingen voor senioren,
HOOFDSTUK IX,Slotbepalingen,
TITEL III,Waarborg,
HOOFDSTUK I,Algemene bepaling,
HOOFDSTUK II,Toekenningsvoorwaarden en -modaliteiten,
HOOFDSTUK III,Controle en sanctie,
TITEL IV,""" Agence wallonne de lutte contre la maltraitance des aînés "" (Waals Agentschap belast met de bestrijding van de mishandeling van bejaarde personen)",
HOOFDSTUK I,Algemene bepalingen,
HOOFDSTUK. II,Erkenning,
HOOFDSTUK III,Subsidiëring,
Afdeling 1,Toekenningsvoorwaarden en -modaliteiten,
Afdeling 2,Beperking of schorsing,
Afdeling 3,Diverse bepalingen,
Boek VII,Gezondheid,
TITEL I,Algemene stelsels inzake Gezondheid,
HOOFDSTUK I,Begripsomschrijvingen,
HOOFDSTUK I/1,Erkenningsprocedure van de locoregionale klinische ziekenhuisnetwerken,
Afdeling 1,Definities,
Afdeling 2,Erkenning van de locoregionale klinische ziekenhuisnetwerken,
Afdeling 3,Intrekking of schorsing van de erkenning,
HOOFDSTUK II,Geïntegreerde gezondheidsverenigingen,
Afdeling 1,Opdrachten en verplichtingen,
Afdeling 1/1,Programmering,
Afdeling 2,Erkenning,
Afdeling 3,"Evaluatie, controle en sanctie",
Onderafdeling 1,Evaluatie,
Onderafdeling 2,Controle,
Onderafdeling 3,Sanctie,
HOOFDSTUK III,Federaies van geïntegreerde gezondheidsverenigingen,
Afdeling 1,Subsidiëring,
Afdeling 2,Evaluatie,
HOOFDSTUK IV,Centra voor de coördinatie van thuiszorg en thuisdienstverlening,
Afdeling 1,Erkenning,
Onderafdeling 1,Voorwaarden,
Onderafdeling 2,Toekenningsprocedure,
Onderafdeling 3,Controle en sancties A. Controle,
Afdeling 2,Subsidiëring,
Afdeling 3,Kadaster van het aanbod,
HOOFDSTUK V,Federaties van coördinatiecentra,
HOOFDSTUK VI,Verzorgingsinstellingen - Erkenning van een elektronisch uitwisselingsplatform van de gezondheidsgegevens met het oog op de toekenning van een toelage,
HOOFDSTUK VII,"Palliatieve zorg, multidisciplinaire begeleidingsequipes, overlegplatforms voor palliatieve zorg en hun federaties",
Afdeling 1,Definities,
Afdeling 2,Uitvoering van de opdrachten van de platforms,
Afdeling 3,Verplichtingen van de platforms,
Afdeling 4,Modaliteiten m.b.t. de erkenning van de platforms,
Afdeling 5,Actieplan,
Afdeling 6,Controle van de erkenning van de platforms,
Afdeling 7,Subsidiëring van de platforms,
Afdeling 8,Federatie,
Afdeling 9,Multidisciplinaire begeleidingsequipes,
TITEL II,Overgangsbepalingen,
TITEL III,Bijzondere stelsels inzake Gezondheid,
HOOFDSTUK I,Psychiatrische ziekenhuizen,
Afdeling 1,Begripsomschrijvingen,
Afdeling 2,"Budgettair, boekhoudkundig, financiel en vermogensbeheer",
Onderafdeling 1,"Begroting, ontvangsten en uitgaven",
Onderafdeling 2,Interne bewegingen,
Onderafdeling 3,Vorm van de begroting en haar bijlagen,
Onderafdeling 4,Controle van de vastleggingen,
Onderafdeling 5,Boekhouding,
Onderafdeling 6,Aflegging van de rekeningen,
Onderafdeling 7,Controle van de rekeningen,
Onderafdeling 8,Definitieve regeling van de begroting,
Onderafdeling 9,Bedrijfsrevisoren,
Afdeling 3,Vergoedingen en presentiegeld,
Onderafdeling 1,""" Les Marronniers """,
Onderafdeling 2,""" Le Chêne aux Haies """,
Afdeling 4,Basisoverlegcomité,
Afdeling 5,Personeelsformatie van de Psychiatrische ziekenhuizen van het Waalse Gewest,
Onderafdeling 1,""" Les Marronniers """,
Onderafdeling 2,""" Le Chêne aux Haies """,
Afdeling 6,Statuut van de personeelsleden van de Psychiatrische ziekenhuizen van het Waalse Gewest,
Onderafdeling 1,Gemeenschappelijke bepalingen,
Onderafdeling 2,"Bepalingen betreffende het personeel dat niet ingedeeld is bij het verpleegkundig personeel, het paramedisch personeel en het personeel onderworpen aan de specifieke normen voor psychiatrische ziekenhuizen. A. Toepassingsgebied",
Onderafdeling 3,"Bepalingen betreffende het personeel dat niet ingedeeld is bij het verpleegkundig personeel, het paramedisch personeel en het personeel onderworpen aan de specifieke normen voor psychiatrische ziekenhuizen A. Toepassingsgebied en begripsomschrijvingen",
Onderafdeling 4,Uitvoering,
HOOFDSTUK II,Geestelijke gezondheid,
Afdeling 1,Algemene bepalingen,
Afdeling 2,Geestelijke gezondheidsdiensten,
Onderafdeling 1,Erkenning A. Erkenningsvoorwaarden A.1 Dienstproject,
Onderafdeling 2,Subsidiëring A. Personeelskosten,
Afdeling 3,Referentiecentra inzake geestelijke gezondheidszorg,
Onderafdeling 1,Uitvoeringsmodaliteiten van de opdrachten,
Onderafdeling 2,Erkenning,
Onderafdeling 3,Sturingscomité,
Onderafdeling 4,Kadaster van het aanbod,
Afdeling 4,Tele-onthaalcentra,
Onderafdeling 1,Tele-onthaalcentra,
Onderafdeling 2,Coördinatiecel,
HOOFDSTUK III,Verslavingen,
Afdeling 1,Algemene bepalingen,
Afdeling 2,Zorg- en hulpverleningsnetwerken gespecialiseerd in verslavingen,
Onderafdeling 1,Organisatie in zorgzones,
Onderafdeling 2,Opdrachten en werking,
Onderafdeling 3,Erkenning A. Toekenningsvoorwaarden en -modaliteiten,
Afdeling 3,Zorg- en hulpverleningsdiensten gespecialiseerd in verslavingen,
Onderafdeling 1,Opdrachten en werking,
Onderafdeling 2,Erkenning A. Toekenningsvoorwaarden en -modaliteiten,
Afdeling 4,"Bepalingen gemeen aan de netwerken, de zorg- en hulpverleningsdiensten gespecialiseerd in verslavingen en de federaties",
Onderafdeling 1,"Betaling van de subsidies, controle ervan en boekhouding",
Onderafdeling 2,Evaluatie en controle,
Onderafdeling 3,Inzameling van sociaal-epistemologische gegevens,
Onderafdeling 4,Begunstigden,
Onderafdeling 5,Kadaster van het aanbod inzake hulp bij verslavingen en informatieverstrekking aan het publiek,
HOOFDSTUK IV,Bijzondere erkenning van psychiatrische verzorgingstehuizen en van geïntegreerde diensten voor thuiszorg,
Afdeling 1,Algemene bepalingen,
Afdeling 2,Werkingsvergunning,
Onderafdeling 1,Toekenningsprocedure en - voorwaarden betreffende de voorlopige bijzondere erkenning,
Onderafdeling 2,Toekenningsprocedure en -voorwaarden betreffende de voorlopige bijzondere erkenning,
Afdeling 3,Afstand van de werkingsvergunning,
Afdeling 4,Sancties,
Onderafdeling 1,Schorsing en intrekking,
Onderafdeling 2,Sluiting,
Afdeling 5,Bekendmaking,
Boek VIII,"Steun aan lesbiennes, homoseksuelen, biseksuelen en transseksuelen",
Titel I,Erkenning van de regenbooghuizen,
HOOFDSTUK I,Erkenningsprocedure,
Afdeling I,Erkenningsaanvraag,
Afdeling II,Beslissing tot erkenning,
HOOFDSTUK II,Subsidiëring,
Afdeling I,Subsidieaanvraag,
Afdeling II,Beslissing tot subsidiëring,
HOOFDSTUK III,Controle en sancties,
Titel II,Erkenning van de federatie van de regenbooghuizen,
HOOFDSTUK I,Erkenningsprocedure,
Afdeling I,Erkenningsaanvraag,
Afdeling II,Beslissing tot erkenning,
HOOFDSTUK II,Subsidiëring,
Afdeling I,Subsidieaanvraag,
Afdeling II,Beslissing tot subsidiëring,
HOOFDSTUK III,Evaluatie,
HOOFDSTUK IV,Controle en sancties,
Boek IX,Tehuizen voor de collectieve huisvesting van personen in langdurige moeilijkheden,
TITEL I,Erkenning,
HOOFDSTUK 1,Erkenning,
Afdeling 1,Erkenningsvoorwaarden,
Onderafdeling 1,Algemene voorwaarden en toekenningsprocedure,
Onderafdeling 2,Voorwaarden inzake personeel,
Onderafdeling 3,Voorwaarden inzake levensproject en functionering,
Onderafdeling 4,Voorwaarden inzake register van onbeantwoorde aanvragen,
Onderafdeling 5,Voorwaarden inzake overeenkomst voor individuele huisvesting,
Onderafdeling 6,Voorwaarden met betrekking tot het huishoudelijk reglement,
Afdeling 3,"Beperking, opschorting, intrekking",
Afdeling 4,Sluiting,
HOOFDSTUK II,"Bemiddeling, controle en klachten",
HOOFDSTUK III,Evaluaties,
HOOFDSTUK IV,Aanpassing aan de normen,
HOOFDSTUK V,Beroep,
