title,name,section
Boek 2,Waterwetboek,
Boek II,Water,
DEEL EEN,ALGEMEEN,
TITEL I,Beginselen,
TITEL II,Begripsomschrijvingen,
TITEL III,Adviesverlenende instanties,
HOOFDSTUK II,Comité voor watercontrole,
TITEL IV,Terugvordering van de kosten van de dienstverlening verbonden aan het watergebruik,
DEEL II,GEINTEGREERD BEHEER VAN DE NATUURLIJKE WATERCYCLUS,
TITEL 1,"Districten, stroomgebieden en onderstroomgebieden",
TITEL Ibis,Oppervlaktewaterlichamen,
TITEL II,Beschrijvende toestand van het stroomgebied,
TITEL III,Milieudoelstellingen,
HOOFDSTUK I,Bescherming van het grondwater tegen verontreiniging en achteruitgang van de toestand,
HOOFDSTUK II,Kwantitatieve toestand van grondwater,
TITEL IV,Coördinatieactie,
HOOFDSTUK I,Maatregelenprogramma en beheersplan,
HOOFDSTUK II,Riviercontracten,
Afdeling 1,Begripsomschrijvingen,
Afdeling 2,Organisatie van het riviercontract,
Afdeling 3,Geografisch toepassingsgebied,
Afdeling 4,Opdrachten van de riviercontracten,
Afdeling 5,Initialisering van het riviercontract,
Afdeling 6,Coördinator van het riviercontract,
Afdeling 7,Protocolakkoord,
Afdeling 8,Beoordeling van de actie van de riviercontracten en verlenging van het protocolakkoord,
Afdeling 9,Financiering van de riviercontracten en voorwaarden voor de toekenning van de subsidies,
TITEL V,Waterlopen,
TITEL VI,Wateringen,
TITEL VII,Waterbescherming,
HOOFDSTUK I,Begripsomschrijvingen,
HOOFDSTUK II,Bescherming van het oppervlaktewater,
Afdeling I,Kwaliteitsdoelstellingen en beschermingszones,
Onderafdeling I,Vaststelling van de normen en van de grenzen in verband met de kwaliteitsklasse om de ecologische toestand van natuurlijke oppervlaktewaterlichamen en het ecologisch potentieel van sterk veranderd en kunstmatige oppervlaktewaterlichamen te evalueren,
Onderafdeling 1bis,Bepaling van de milieukwaliteitsnormen voor de prioritaire stoffen en voor sommige andere verontreinigende stoffen in het oppervlaktewater,
Onderafdeling II,"Vaststelling van de algemene normen die de kwaliteitsdoelstellingen van zoet oppervlaktewater dat voor drinkwaterproductie bestemd is, omschrijven",
Onderafdeling III,(Onderafdeling 3 - Beheer van de zwemwaterkwaliteit),
Onderafdeling IV,Vaststelling van de algemene immissienormen van viswater,
Onderafdeling V,Aanwijzing van beschermingszones van oppervlaktewater,
Afdeling II,Bescherming van het oppervlaktewater tegen de verontreiniging veroorzaakt door bepaalde gevaarlijke stoffen,
Onderafdeling I,Toepassingsgebied en begripsomschrijving,
Onderafdeling II,Bepaling van de relevante gevaarlijke stoffen in het Waalse Gewest en de desbetreffende kwaliteitsdoelstellingen,
Afdeling III,Gecombineerde aanpak,
Afdeling IV,Bescherming van de oppervlaktewateren tegen schade door de toegang van vee tot waterlopen,
HOOFDSTUK III,Bescherming van grondwater en van water gebruikt voor het winnen van tot drinkwater verwerkbaar water,
Afdeling I,Begripsomschrijvingen,
Afdeling 2,"Oppervlaktewaterwinningen van tot drinkwater verwerkbaar water en waterwinnings-, voorkomings- en toezichtsgebieden",
Onderafdeling 1,Oppervlaktewaterwinningen van tot drinkwater verwerkbaar water en waterwinningsgebieden,
Onderafdeling 2,Voorkomingsgebied en toezichtsgebied,
Afdeling 3,"Grondwaterwinningen, waterwinnings-, voorkomings- en toezichtsgebieden",
Afdeling 4,Waterwinningen die zich buiten het grondgebied van het Waalse Gewest bevinden,
Afdeling 5,Procedure voor de afbakening van voorkomings- en toezichtsgebieden,
Onderafdeling 1,Voorlopige voorkomingsgebieden,
Onderafdeling 2,Voorkomingsgebied en toezichtsgebied,
Afdeling 6,Beschermingsmaatregelen,
Onderafdeling 1,Algemene bepalingen,
Onderafdeling 2,Beschermingsmaatregelen voor de winningen van tot drinkwater verwerkbaar oppervlaktewater,
Onderafdeling 3,Beschermingsmaatregelen voor ondergrondse waterwinningen,
Onderafdeling 4,Maatregelen voor bepaalde steengroeven,
Afdeling 7,Oud Afdeling 4 - Maatregelen voor het voorkomen of het beperken van de inbreng van verontreinigende stoffen in het grondwater,
Afdeling 5,Erkenning van de boorders,
Onderafdeling 1,Algemeen,
Onderafdeling 2,Erkenningsvoorwaarden,
Onderafdeling 3,Erkenningsprocedure,
Onderafdeling 4,"Wijziging, opschorting en intrekking van de erkenning",
Onderafdeling 5,Beroep,
Onderafdeling 6,Modaliteiten betreffende de zending en de berekening van de termijnen,
Onderafdeling 7,Duur van de erkenning,
Onderafdeling 8,Controle,
Onderafdeling 9,Verlenging,
HOOFDSTUK IV,Duurzaam beheer van stikstof in de landbouw,
Afdeling 1,Definities en doelstellingen,
Afdeling 2,Actieprogramma,
Afdeling 3,"Opslag en hantering van meststoffen, dierlijke mest, plantaardig materiaal en afvloeisel",
Afdeling 4,"Voorwaarden en periodes van spreiding van meststoffen, maximale hoeveelheid stikstof die verspreid mag worden en bewerking van weiland",
Afdeling 5,Grondgebondenheidscijfer en spreidingscontracten,
Afdeling 6,Kwetsbare gebieden en bijkomende voorwaarden die toepasselijk zijn op het beheer van stikstof in de landbouw in kwetsbare gebieden,
Onderafdeling 1,Kwetsbare gebieden,
Onderafdeling 2,Grondgebondenheidscijfer in kwetsbare gebieden,
Onderafdeling 3,Opvolging van de bedrijven door metingen van potentieel uitspoelbare stikstof,
Onderafdeling 4,Andere bijkomende voorwaarden die toepasselijk zijn in kwetsbare gebieden,
Afdeling 7,Afwijkingen,
Afdeling 8,"Evaluatie van de per dier voortgebrachte stikstofhoeveelheden, van het stikstofgehalte van de dierlijke mest en andere meststoffen",
Afdeling 9,Informatieverstrekking,
Afdeling 10,Begeleiding en coördinatie,
Afdeling 11,Evaluatie en monitoring,
TITEL VIII,Financiering van het beheer van de natuurlijke cyclus,
DEEL III,BEHEER VAN DE ANTHROPISCHE WATERCYCLUS,
TITEL I,Fasen van de anthropische watercyclus,
HOOFDSTUK I,Begripsomschrijvingen,
HOOFDSTUK II,Opdrachten en organisatie van het Waalse Fonds van voorschotten voor het herstel van schade veroorzaakt door de grondwaterwinning en pomping,
Afdeling I,Opdrachten van het Fonds,
Afdeling II,Procedure,
Afdeling 3,Rol en opdrachten van sommige personeelsleden en bijdragepercentage in het voorschottenfonds,
HOOFDSTUK III,Parameterwaarden geldend voor het voor menselijke consumptie bestemd water,
Afdeling I,Voorwerp,
Afdeling II,Parameterwaarden,
Afdeling III,Controleprogramma,
Afdeling IV,Afwijkingen van sommige parametrische waarden,
HOOFDSTUK IV,Procedure die gevolgd dient te worden bij het voorvallen van gebeurtenissen die schade kunnen toebrengen aan het voor menselijke consumptie bestemde water,
HOOFDSTUK IVbis,Voorwaarden voor de openbare waterdistributie in het Waalse Gewest,
Afdeling 1,Toepassingsgebied,
Afdeling 2,Voorwaarden voor de aanleg van de aansluiting en vervalsing van de zegels,
Afdeling 3,Verandering van abonnee,
Afdeling 4,Openbare distributie,
Afdeling 5,Betalingsmodaliteiten en invordering van de facturen,
Afdeling 6,Bescherming van de installaties,
Afdeling 7,Indexering,
Afdeling 8,"Bedrag en modaliteiten van berekening en betaling van de in artikel D.195, § 2, bedoelde premie",
HOOFDSTUK V,Prioritaire afwatering en financieringsmodaliteiten ervan,
HOOFDSTUK VI,Algemeen reglement voor de sanering van stedelijk afvalwater,
Afdeling I,Voorwerp en beginselen,
Afdeling II,Saneringsregelingen,
Onderafdeling I,Gemeenschappelijke saneringsregeling,
Onderafdeling II,Autonome saneringsregeling,
Onderafdeling III,Voorlopige saneringsregeling,
Afdeling III,Saneringsplannen per hydrografisch onderbekken,
Afdeling IV,Maatregelen voor de vastlegging van het afwateringskadaster,
HOOFDSTUK VIII,Behandeling van het stedelijk afvalwater,
HOOFDSTUK IX,Installatie en controle van de individuele zuiveringssystemen,
Afdeling 1,Installatie en controle van de individuele zuiveringssystemen,
Afdeling 1 bis,Certificering van de installateurs van individuele zuiveringsystemen,
Onderafdeling 1,Begripsomschrijvingen en algemeenheden,
Onderafdeling 2,Certificeringsvoorwaarden,
Onderafdeling 3,Handvest van de installatie van individuele zuiveringssystemen,
Onderafdeling 4,Toekenningsprocedure van de certificering,
Onderafdeling 5,Beroep,
Onderafdeling 6,"Wijziging, opschorting of intrekking van de certificering",
Onderafdeling 7,Dossierkosten,
Onderafdeling 8,Bekendmaking van de gecertificeerde installateurs,
Afdeling 2,Controles,
Onderafdeling 1,Type van controles,
Onderafdeling 2,Organisatie van de controle,
Onderafdeling 3,Controlekosten,
HOOFDSTUK IX/1,Onderhoud van de individuele zuiveringssystemen,
Afdeling 1,Periodieke onderhoud,
Afdeling 2,Lediging van het overtollige slib,
HOOFDSTUK X,Erfdienstbaarheden van openbaar nut,
Afdeling 1,Definities,
Afdeling 2,Verklaring van openbaar nut,
Afdeling 3,Modaliteiten voor de berekening en de indexering van de vergoedingen verschuldigd aan de eigenaar van het door de erfdienstbaarheid van openbaar nut bezwaarde fonds of aan de houders van zakelijke rechten gebonden aan dat fonds,
Afdeling 4,Verbodmaatregelen en voorschriften opgelegd in de buurt van de installaties,
Afdeling 5,Aanvraag tot aankoop van het door de eigenaar bezette terrein,
Afdeling 6,Slotbepalingen,
HOOFDSTUK XI,"Certificering ""Water"" voor bebouwde onroerende goederen",
Afdeling 1,Definities,
Afdeling 2,Inhoud van het CertIBEau,
Afdeling 3,Procedure voor de aflevering van het CertIBEau,
Afdeling 4,Specifieke bepalingen voor lokalen en inrichtingen waar het publiek van water wordt voorzien,
Afdeling 5,Specifieke bepalingen in geval van ingrijpende wijziging,
Afdeling 6,Databank en computerplatform,
Afdeling 7,Erkenning van de CertIBEau-certificeerders,
Onderafdeling 1,Erkenningsvoorwaarden,
Onderafdeling 2,Erkenningsprocedure,
Onderafdeling 3,Opleiding door erkende centra,
Onderafdeling 4,Erkenning van opleidingscentra,
Onderafdeling 5,Controle van de certificeerders en van de opleidingscentra,
Onderafdeling 6,Schorsing of intrekking van de erkenning van erkende certificeerders,
Onderafdeling 7,Intrekking van de erkenning van erkende opleidingscentra,
Onderafdeling 8,Beroepsmogelijkheden,
Afdeling 8,Tarief van het CertIBEau,
TITEL II,Financiering van het beheer van de anthropische watercyclus,
HOOFDSTUK I,Begripsomschrijvingen,
HOOFDSTUK Ibis,Gestandardiseerd boekhoudplan van de watersector in het Waalse gewest,
Afdeling I,Begripsomschrijvingen,
Afdeling 2,Algemene beginselen,
Afdeling 3,"Boekhoudplan van de Watersector "" Producent """,
Onderafdeling 1,Algemene beginselen,
Onderafdeling 2,Evaluatieregels,
Onderafdeling 3,Analytische exploitatierekening van een productie-eenheid en van een transportleiding,
Onderafdeling 4,"Samenvattende exploitatierekening "" Productie """,
Afdeling 4,"Boekhoudplan van de Watersector "" Verdeler """,
Onderafdeling 1,Algemene beginselen,
Onderafdeling 2,Evaluatieregels,
Onderafdeling 3,Analytische exploitatierekening van een distributienet,
Onderafdeling 4,"Samenvattende exploitatierekening "" Distributie """,
Afdeling 5,"Boekhoudplan van de Watersector "" Gemeentedienst """,
Onderafdeling 1,Algemene beginselen,
Onderafdeling 2,Evaluatieregels,
Onderafdeling 3,"Exploitatierekeningen "" Producent - gemeentedienst """,
Onderafdeling 4,"Exploitatierekeningen "" Verdeler - gemeentedienst """,
Afdeling 6,"Uitvoering, bekendmaking en voorlichting",
HOOFDSTUK II,Sociaal Waterfonds,
Afdeling I,Voorwerp en beheersmodaliteiten,
Afdeling II,Modaliteiten inzake tegemoetkoming van het Fonds,
HOOFDSTUK IIbis,Internationaal solidariteitsfonds voor Water,
Afdeling 1,Financieel mechanisme,
Afdeling 2,Projectenoproep en -financiering,
Afdeling 3,Selectie van de projecten,
HOOFDSTUK III,Berekening en inning van de heffing en van de belasting op de winplaatsen van tot drinkwater verwerkbaar water en niet tot drinkwater verwerkbaar water,
HOOFDSTUK IV,Berekening van de heffing betreffende de lozing van industrieel afvalwater en van de heffing betreffende de lozing van huishoudelijk afvalwater,
Afdeling 1,Begripsomschrijving,
Afdeling 2,Berekening van de heffing betreffende de lozing van huishoudelijk afvalwater,
Afdeling 3,Berekening van de heffing betreffende de lozing van industrieel afvalwater,
Onderafdeling 1,Aangifteformulier voor de heffing op de lozing van industrieel afvalwater,
Onderafdeling 2,Technische modaliteiten voor de bepaling van de reële gemiddelde waarden van de parameters die tussenkomen in de berekening van de heffing op de lozing van industrieel en toezicht afvalwater,
Onderafdeling 3,Algemene bepalingen,
HOOFDSTUK IVbis,Vaststelling van de kosten van de industriële sanering betreffende de lozing van industrieel afvalwater,
Afdeling 1,Algemeen,
Afdeling 2,"Monsternemingen, metingen en aangifte",
Afdeling 3,Vaststelling van de reële kostprijs bij gebrek aan informatie verstrekt door de onderneming,
HOOFDSTUK V,Milieulast veroorzaakt door de landbouwbedrijven,
Afdeling 1,Vaststelling van de belasting op de milieulasten veroorzaakt door de landbouwbedrijven,
HOOFDSTUK VI,Voorwaarden voor de vrijstelling of de terugbetaling van de belasting op het lozen van huishoudelijk afvalwater en van de reële kostprijs sanering et modaliteiten van de aanvraag,
HOOFDSTUK VIbis,"Modaliteiten tot vrijstelling van de reële saneringsprijs overeenkomstig artikel D.229, 2° en 3°",
HOOFDSTUK VIII,Ruiming van septische putten of van gelijksoortige zuiveringssystemen,
Afdeling 1,Beginsel van de erkenning en algemeenheden,
Afdeling 2,Erkenningsvoorwaarden,
Afdeling 3,Procedure tot indiening en behandeling van de aanvraag en beroepsprocedure,
Afdeling 4,"Wijziging van de erkenningsvoorwaarden, opschorting en intrekking van de erkenning",
Afdeling 5,Plichten van de erkende ruimers,
HOOFDSTUK IX,Installatie- of herstelpremie voor een individueel zuiveringssysteem,
Afdeling I,Algemene bepalingen,
Afdeling 1/1,Bedrag en aanvraag van de premies,
Afdeling II,Erkenning van de individuele zuiveringsystemen,
HOOFDSTUK X,Financiering van het beheer en de bescherming van tot drinkwater verwerkbaar water,
Afdeling I,Drinkbaar water,
Afdeling II,Grondwater,
DEEL IV,VASTSTELLING VAN DE OVERTREDINGEN EN STRAFFEN,
TITEL I,Vaststelling van de overtredingen en straffen ter zake van oppervlaktewater,
TITEL II,Vaststelling van de overtredingen en straffen ter zake van grondwater,
TITEL III,Vaststelling van de overtredingen en straffen ter zake van tot drinkwater verwerkbaar water,
TITEL IV,Vaststelling van de overtredingen en straffen ter zake van schade aan aansluitpunten voor en pompingen van grondwater,
TITEL V,Vaststelling van de overtredingen en straffen ter zake van tarifering,
TITEL VI,Vaststelling van de overtredingen en straffen ter zake van inning en betaling van belastingen,
TITEL VII,Vaststelling van de overtredingen en straffen ter zake van het Sociale Waterfonds,
TITEL VIII,Vaststelling van de overtredingen en straffen ter zake van onbevaarbare waterlopen,
TITEL IX,Vaststelling van de overtredingen en straffen ter zake van bevaarbare waterlopen,
DEEL V,WIJZIGINGSBEPALINGEN,
DEEL VI,OVERGANGSBEPALINGEN,
