title,name,section
TITEL I,Algemene bepalingen,
HOOFDSTUK I,Begripsomschrijvingen,
HOOFDSTUK II,Doelstellingen,
TITEL II,Middelen van het gewestelijk woningenbeleid,
TITEL II. DUITSTALIGE_GEMEENSCHAP,Middelen voor het huisvestingsbeleid van de Duitstalige Gemeenschap,
HOOFDSTUK I,Criteria toepasselijk op de woning,
Afdeling 1,Gezondheids- en overbevolkingsnormen voor woningen,
Afdeling 1bis,Veiligheid tegen brandrisico's in woningen en tegen vergiftiging door koolstofmonoxide,
Afdeling 2,Inachtneming van de normen,
Afdeling 3,"Bijzondere voorschriften voor gemeenschappelijke woningen , kleine eengezinswoningen en microwoningen die (...) worden verhuurd of te huur aangeboden",
Afdeling 4,Gewestelijk herhuisvestingsfonds,
Afdeling 4. DUITSTALIGE_GEMEENSCHAP,Administratieve sancties,
HOOFDSTUK Ibis,Normen inzake duurzaam wonen,
HOOFDSTUK II,Tegemoetkomingen aan natuurlijke personen,
HOOFDSTUK III,Tegemoetkomingen aan andere rechtspersonen dan de openbare huisvestingsmaatschappijen,
HOOFDSTUK IV,Tegemoetkomingen aan openbare huisvestingsmaatschappijen,
Afdeling 1,Tegemoetkomingen voor woningen,
Onderafdeling 1,Categorieën van tegemoetkomingen,
Onderafdeling 2,Voorwaarden voor de toekenning van tegemoetkomingen en berekeningswijze,
Onderafdeling 3,Procedure,
Afdeling 2,Tegemoetkomingen voor uitrustingen,
Onderafdeling 1,Tegemoetkomingen voor uitrustingen,
Onderafdeling 2,Voorwaarden voor de toekenning van tegemoetkomingen en berekeningswijze,
Onderafdeling 3,Procedure,
HOOFDSTUK IVbis,Tegemoetkomingen voor samenwerkingsverbanden,
HOOFDSTUK V,Specifieke bepalingen betreffende woonkernen en sommige specifieke gebieden,
HOOFDSTUK VI,Leegstandbestrijding,
Afdeling 1,Vaststelling van leegstand,
Afdeling 1/1,Het vrijwillig in beheer nemen,
Afdeling 2,Het unilaterale en gerechtelijke in beheer nemen,
Onderafdeling 1,Procedure betreffende het unilaterale in beheer nemen,
Onderafdeling 2,De procedure m.b.t. het gerechtelijke in beheer nemen,
Afdeling 2/1,Informatie van de gemeenten,
Afdeling 3,Voorwaarden voor de toekenning van de tegemoetkomingen en voor het in beheer geven,
Afdeling 4,Administratieve overtreding voor het leegstaan van een goed,
Afdeling 5,Verslag van de gemeentelijke overheden aan de Regering,
Afdeling 6,Beëindiging,
HOOFDSTUK VII,Solidair wonen,
TITEL III,Actoren van het gewestelijke huisvestingsbeleid,
TITEL III. DUITSTALIGE_GEMEENSCHAP,Actoren van het huisvestingsbeleid van de Duitstalige Gemeenschap,
HOOFDSTUK I,"De ""Societé wallonne du logement""",
Afdeling 1,Algemeen,
Afdeling 2,Opdrachten,
Afdeling 3,Actiemiddelen,
Afdeling 4,Toelatingsvoorwaarden,
Afdeling 5,Financiële middelen,
Afdeling 6,Structuur en werking,
Onderafdeling 1,Algemene vergadering,
Onderafdeling 2,Raad van bestuur,
Onderafdeling 3,Directie,
Onderafdeling 4,"Oriëntatiecomité van de "" Société """,
Afdeling 7,Beheersovereenkomst,
Afdeling 8,Financieel beheerscomité en controles,
Onderafdeling 1,Intern auditcomité,
Onderafdeling 2,(Onderafdeling 2. - Regeringscommissarissen.),
Onderafdeling 3,Revisorale controle,
Afdeling 9,"Begroting, boekhouding, investeringsprogramma's. <Opgeheven door DWG 2003-05-15/82, art. 88, 009 ; Inwerkingtreding : 01-07-2003>",
Onderafdeling 1,"Begroting. (Opgeheven door DWG 2003-05-15/82, art. 88, 009 ; Inwerkingtreding : 01-07-2003>",
Onderafdeling 2,"Boekhouding. (Opgeheven door DWG 2003-05-15/82, art. 88, 009 ; Inwerkingtreding : 01-07-2003>",
Afdeling 10,Personeel,
HOOFDSTUK II,Openbare huisvestingsmaatschappijen,
Afdeling 1,Opdrachten en actiemiddelen,
Afdeling 2,Structuur van de openbare huisvestingsmaatschappijen,
Onderafdeling 1,Kapitaal,
Onderafdeling 2,"Activiteitengebied, fusies en herstructureringen",
Onderafdeling 2. DUITSTALIGE_GEMEENSCHAP,Activiteitengebied,
Onderafdeling 3,Algemene vergadering,
Onderafdeling 4,(Raad van bestuur en andere beheersorganen.),
Onderafdeling 5,Adviescomités van huurders en eigenaars,
Onderafdeling 6,Directeur-zaakvoerder,
Onderafdeling 7,Personeel,
Onderafdeling 8,Controle op de ontvangsten en uitgaven,
Afdeling 2bis,Doelstellingencontracten,
Afdeling 2bis -DUITSTALIGE_GEMEENSCHAP,Beheerscontracten,
Afdeling 3,Administratief toezicht,
Onderafdeling 1,Toezicht,
Onderafdeling 1bis,Uitvoering van audits,
Onderafdeling 2,Commissaris,
Onderafdeling 3,Beheersplan,
Afdeling 3bis,Kamer van beroep,
Afdeling 4,Gewestelijk solidariteitsfonds,
Afdeling 4. DUITSTALIGE_GEMEENSCHAP,Toegang tot de woning,
Afdeling 5,Straffen,
Afdeling 6,Comité voor de begeleiding en de opvolging van de bijzondere commissarissen,
HOOFDSTUK III,"(""Société wallonne du Crédit social"" (Waalse sociale kredietmaatschappij) en "" Guichets du Crédit social "" (Sociale kredietloketten).)",
HOOFDSTUK III. DUITSTALIGE_GEMEENSCHAP,De toekenning van sociale kredieten of leningen voor energiebesparingen,
Afdeling 1,""" Société wallonne du Crédit social """,
Afdeling 1. DUITSTALIGE_GEMEENSCHAP,Gebruikmaking van diensten,
Onderafdeling 1,Algemeen,
Onderafdeling 2,"Opdrachten van openbare dienst, taken van openbare dienst en actiemiddelen van de "" Société "" Inwerkingtreding : 01-07-2003>",
Onderafdeling 2. DUITSTALIGE_GEMEENSCHAP,Taken,
Onderafdeling 3,Inkomsten,
Onderafdeling 4,"Organen van de "" Société "". A. Algemene vergadering",
Onderafdeling 5,"Personeel van de "" Société """,
Onderafdeling 6,"Toezicht op de "" Société "". A. Revisorale controle",
Onderafdeling 7,Beheerscontract. A. Begripsomschrijving en inhoud,
Afdeling 2,""" Guichets du Crédit social """,
Onderafdeling 1,Algemeen,
Onderafdeling 2,"Controle op de "" Guichets """,
Onderafdeling 3,Sancties,
Onderafdeling 4,Verlies van de erkenning,
HOOFDSTUK IV,"""Fonds du logement des familles nombreuses de Wallonie"" (Woningsfonds van de Grote Gezinnen van Wallonië)",
Afdeling 1,Algemeen,
Afdeling 2,Beheersovereenkomst,
Afdeling 3,Financiering,
Afdeling 4,Bestuur en controle,
Afdeling 4bis,Financieel beheerscomité,
Afdeling 5,Oriëntatiecomité van het Fonds,
HOOFDSTUK V,Gemeenten,
HOOFDSTUK VI,Instellingen met een maatschappelijk doel,
Afdeling 1,Gemeenschappelijke bepalingen,
Afdeling 2,Bepalingen eigen aan de agentschappen voor sociale huisvesting,
Afdeling 3,(Bepalingen die specifiek gelden voor de buurtregieën,
Afdeling 4,Bepalingen eigen aan de verenigingen voor de bevordering van de huisvesting,
HOOFDSTUK VII,"Beleidsgroep ""Huisvesting""",
HOOFDSTUK VII. DUITSTALIGE_GEMEENSCHAP,Adviesraad voor Huisvesting en Energie,
TITEL IIIbis,Audit van de verschillende actoren van het huisvestingsbeleid,
TITEL IV,(Administratieve en strafbepalingen),
TITEL V,Slotbepalingen,
TITEL VI,Interpretatieve bepaling,
TITEL VII,Uitvoering van de bepalingen van Richtlijn 2006/123/EG van het Europees Parlement en van de Raad van 12 december 2006 betreffende de diensten op de interne markt,
