title,name,section
Boek 2,Waterwetboek,
DEEL I,Algemeen,
TITEL I,Beginselen,
TITEL II,Begripsomschrijvingen,
TITEL III,Adviesinstanties,
HOOFDSTUK II,Comité voor watercontrole,
TITEL IV,Kostenterugwinning voor waterdiensten,
TITEL V,Uitvoering van de Europese verplichtingen,
DEEL II,Geïntegreerd beheer van de natuurlijke watercyclus,
TITEL I,"Districten, stroomgebieden en deelstroomgebieden",
HOOFDSTUK I,Samenstelling van de Waalse stroomgebieden en deelstroomgebieden,
HOOFDSTUK II,Samenstelling van de internationale stroomgebiedsdistricten,
HOOFDSTUK III,Bevoegde overheid,
HOOFDSTUK IV,Internationale coördinatie,
TITEL II,Beschrijvende toestand van het stroomgebied,
HOOFDSTUK I,"Kenmerken van het Waalse stroomgebied, beschrijving van de gevolgen van de menselijke activiteit op het milieu en economische analyse van het waterverbruik",
HOOFDSTUK II,Programma voor de monitoring en noodmaatregelen,
TITEL III,Leefmilieudoelstellingen,
TITEL IV,Coördinatieactie,
HOOFDSTUK I,Maatregelenprogramma,
HOOFDSTUK II,Beheersplan,
Afdeling 1,Principes,
Afdeling 2,Opstellingsprocedure,
HOOFDSTUK III,Riviercontract,
TITEL V,Waterlopen,
HOOFDSTUK I,Algemeen,
Afdeling 1,Begripsomschrijving,
Afdeling 2,Doelstellingen,
Afdeling 3,Coördinatie-actie,
Afdeling 4,Het vrij rondzwemmen van de vissen,
HOOFDSTUK II,Onbevaarbare waterlopen,
Afdeling 1,Bepaling van de onbevaarbare waterlopen,
Afdeling 1/1,Atlas van de onbevaarbare waterlopen,
Afdeling 2,Onderhoudswerken en kleine herstellingen,
Afdeling 3,Werken onderworpen aan de domaniale vergunning van de beheerder,
Afdeling 4,Algemene bepalingen,
HOOFDSTUK IV,Ongeklasserde waterlopen,
HOOFDSTUK V,Bepalingen over beoordeling en beheer van overstromingsrisico's,
Afdeling 1,Doel,
Afdeling 2,Kaarten van de gebieden waar gevaar voor overstroming bestaat en kaarten van het risico voor schade te wijten aan de overstromingen,
Afdeling 3,Overstromingsrisicobeheersplan,
Afdeling 4,"Gecentraliseerde dienst voor de aankondiging, opvolging en verwachtingen inzake hoogwater en overstromingen",
HOOFDSTUK VI,Subsidies,
TITEL VI,Wateringen,
HOOFDSTUK I,Inrichting van de wateringen,
HOOFDSTUK II,Het beheer van de wateringen,
Afdeling 1,De algemene vergadering,
Afdeling 2,Het bestuur,
Afdeling 3,De ontvanger-griffier,
Afdeling 4,De wachters en de sluiswachters of sluismeesters,
HOOFDSTUK III,De belastingen ten behoeve van de wateringen,
Afdeling 1,Het vestigen der belastingen,
Afdeling 2,Wijze van invordering der belastingen,
Afdeling 3,Waarborgen voor de invordering der belasting,
Afdeling 4,De verjaringen,
HOOFDSTUK IV,De werken door de wateringen uit te voeren,
HOOFDSTUK V,De toezichtsmaatregelen en ambtshalve uitgevoerde werken,
HOOFDSTUK VI,Verschillende bepalingen,
TITEL VII,Bescherming van het water,
HOOFDSTUK I,Bescherming van het oppervlaktewater,
Afdeling 1,Doelstellingen inzake kwaliteit en beschermingszones,
Afdeling 2,Handelingen waarvoor een milieuvergunning of aangifte vereist kunnen worden,
Afdeling 3,Gecombineerde aanpak,
Afdeling 4,Bijzondere beschermingsmaatregelen en statistieken,
HOOFDSTUK II,Bescherming van het grond- en water gebruikt voor de winning van tot drinkwater verwerkbaar water,
Afdeling 1,Algemene maatregelen van bescherming,
Afdeling 2,Handelingen waarvoor een milieuvergunning of aangifte vereist worden,
Afdeling 3,Winningszones,
Onderafdeling 1,Waterwinningszones,
Onderafdeling 2,Voorkomingszones,
Onderafdeling 3,Toezichtszones,
Afdeling 4,Bijzondere maatregelen,
Afdeling 5,Bescherming van tot drinkwater verwerkbaar water,
HOOFDSTUK III,Territoriale bevoegdverklaring,
TITEL VIII,Financiering van het beheer van de natuurlijke cyclus,
DEEL III,Beheer van de antropogene watercyclus,
TITEL I,Fasen van de antropogene watercyclus,
HOOFDSTUK I,Waterproductie en -verdeling,
Afdeling 1,Voor menselijke consumptie bestemd water,
Onderafdeling 1,Doelstellingen en definities,
Onderafdeling 2,Toepassingsgebied,
Onderafdeling 3,Verplichtingen van de leverancier. A. Algemene verplichtingen,
Afdeling 2,Algemene voorwaarden voor de openbare distributie van voor menselijk verbruik bestemd water,
Onderafdeling 1,Definities,
Onderafdeling 2,Toegang tot de openbare waterdistributie en -aansluiting,
Onderafdeling 3,"Bevoorrading, gebruik en bescherming van de installaties. § 1. - Terbeschikkingstelling",
Onderafdeling 4,Registratie van het verbruik,
Onderafdeling 5,Informatie,
HOOFDSTUK II,Herstel van schade veroorzaakt door het winnen en pompen van grondwater,
HOOFDSTUK III,Zuivering van het water,
Afdeling 1,Algemene bepalingen,
Afdeling 2,Bepalingen betreffende de rioleringen en de afvloeiing en de verwerking van afvalwater,
Afdeling 3,Bepalingen betreffende het openbare beheer van de autonome sanering,
Onderafdeling 1,Opdrachten,
Onderafdeling 2,Bijzondere verplichtingen,
Onderafdeling 3,Organisatie,
Onderafdeling 4,Evaluatie en controle,
Afdeling 4,Certificering van installateurs van individuele zuiveringsystemen,
HOOFDSTUK IV,"Gemeenschappelijke bepalingen inzake waterproductie, -distributie en -zuivering",
Afdeling 1,Verklaring van openbaar nut betreffende installaties voor waterproductie of -distributie of voor de verzameling of sanering van afvalwater,
Afdeling 2,"Certificering ""Water"" voor bebouwde onroerende goederen",
TITEL II,Financiering van het beheer van de antropogene watercyclus,
HOOFDSTUK I,Waterprijs,
Afdeling 1,Tarifering en facturering van voor menselijk verbruik bestemd water,
Onderafdeling I,Tarifering van voor menselijk verbruik bestemd water,
Onderafdeling 2,Facturatie,
Onderafdeling 3,Betaling van de facturen en invordering,
Afdeling 1bis,"Fonds de solidarité internationale pour l'eau""0",
Onderafdeling 1,Algemene bepalingen,
Onderafdeling 2,Financieel mechanisme,
Onderafdeling 3,Oproep tot projecten en financiering van de projecten,
Onderafdeling 4,Selectie van de projecten,
Onderafdeling 5,Informatie,
Afdeling 2,Sociaal Waterfonds,
Onderafdeling 1,Algemene bepalingen. A. Toepassingsgebied,
Onderafdeling 2,Financieel mechanisme. A. Algemene bepalingen,
HOOFDSTUK II,Mechanismen tot terugwinning van andere kosten dan de tarifering,
Afdeling 1,Algemene bepalingen,
Afdeling 2,Belasting en bijdrage op de waterwinningen,
Onderafdeling 1,Winplaatsen voor tot drinkwater verwerkbaar water,
Onderafdeling 2,Winplaatsen van grondwater dat niet tot drinkwater verwerkbaar is,
Onderafdeling 2/1,Winningen van bemalingswater,
Onderafdeling 3,Waterwinnningen van niet tot drinkwater verwerkbaar oppervlaktewater,
Afdeling 3,Belasting op de lozing van industrieel en huishoudelijk afvalwater,
Onderafdeling 1,Algemene bepalingen,
Onderafdeling 2,Bijzondere bepalingen betreffende de lozingen van industrieel afwalwater,
Onderafdeling 3,Bijzondere bepalingen betreffende de lozingen van huishoudelijk afvalwater,
Afdeling 4,Belasting op de milieulasten veroorzaakt door de landbouwbedrijven,
Afdeling 5,"Aangifte, betaling en invordering van de belastingen en taksen",
Afdeling 6,Subsidies,
HOOFDSTUK III,Budgettaire bepalingen,
TITEL III,. - Instellingen voor het beheer van de antropogene watercyclus,
HOOFDSTUK I,Inzake bescherming van winningen en zuivering,
Afdeling I,"""Société publique de gestion de l'eau"" (Openbare Maatschappij voor Waterbeheer)",
Onderafdeling I,"Oprichting, maatschappelijk doel en toepasselijke wetten, werking, samenstelling en controle",
Onderafdeling 6,Ontbinding van de Maatschappij,
Onderafdeling 7,Diverse bepalingen,
Afdeling 2,Saneringsinstellingen,
HOOFDSTUK II,. - Inzake waterproductie en -distributie,
Afdeling I,Algemene bepalingen,
Afdeling 2,Doel van de maatschappij en openbare opdrachten,
Afdeling 3,Beheerscontract,
Onderafdeling I,(...),
Afdeling 2,(...),
Afdeling 4,Autonomie,
Afdeling 5,Algemene Vergadering,
Afdeling 6,Bestuur,
Onderafdeling 1,Raad van Bestuur,
Onderafdeling 2,Het mandaat van bestuurder,
Onderafdeling 3,Het Directiecomité,
Onderafdeling 4,(Bijkantoren en raden voor de exploitatie.) A. Diensten,
Afdeling 7,Administratief toezicht en controle,
Onderafdeling I,Administratief toezicht,
Onderafdeling 2,Controle op de rekeningen,
Afdeling 8,Boekhouding en jaarrekeningen,
Afdeling 9,Maatschappelijk kapitaal,
Afdeling 10,Personeel,
Afdeling 11,Voorlopige bepalingen,
TITEL I,Bestraffing van de overtredingen inzake het oppervlaktewater,
TITEL II,Bestraffing van de overtredingen inzake het grondwater,
TITEL III,Vaststelling van de overtredingen en straffen inzake het voor menselijk verbruik bestemde water,
TITEL IV,Bestraffing van de overtredingen inzake de schade veroorzaakt door het winnen en pompen van grondwater,
TITEL V,Vaststelling van de overtredingen en straffen inzake tarifering,
TITEL VI,"Sancties voor overtredingen inzake de inning en de betaling van belastingen, heffingen, bijdragen en de invordering van de reële kostprijs van de sanering en van de kosten van de industriële sanering alsook inzake de sluiting van industriële saneringscontracten",
TITEL VII,"Bestraffing van de overtredingen inzake het "" Fonds social de l'Eau "" (Sociaal Waterfonds)",
TITEL VIII,Bestraffing van de overtredingen inzake onbevaarbare waterlopen,
TITEL IX,Bestraffing van de overtredingen inzake waterwegen,
TITEL X,Sanctie voor de gewone overtredingen inzake oppervlaktewater en water dat voor menselijk verbruik bestemd is,
DEEL V,Overgangsbepalingen,
