title,name,section
BOEK I,STATUUT VAN DE AMBTENAREN VAN HET GEWEST,
TITEL I,"De hoedanigheid van ambtenaar, rechten en plichten",
TITEL II,Algemene bepalingen,
TITEL III,Werving en loopbaan,
HOOFDSTUK I,Werving,
HOOFDSTUK II,Stage,
HOOFDSTUK III,(Lichamelijke geschiktheid.),
Afdeling 1,(De opdeling van hoofdstuk III in afdelingen wordt geschrapt.),
Afdeling II,(De opdeling van hoofdstuk III in afdelingen wordt geschrapt.),
HOOFDSTUK IV,Mandaten,
HOOFDSTUK V,Loopbaan,
Afdeling I,Algemene bepalingen,
Onderafdeling 1,Algemeenheden wat betreft de bevordering door verhoging in graad,
Onderafdeling 2,"Bevordering door verhoging in graad van de graden van eerstaanwezend adjunct, eerstaanwezend assistent, eerstaanwezend gegradueerde en geschoold eerstaanwezend gegradueerde",
Onderafdeling 3,"Bevordering door verhoging in de graden van directeur, adviseur en fiscale ontvanger",
Onderafdeling 4,Bevordering door verhoging in graad tot de leidinggevende graden,
Afdeling 2,Bevordering door verhoging in weddeschaal,
Afdeling 3,Bevordering door overgang naar een hoger niveau,
HOOFDSTUK VI,Hogere functies,
HOOFDSTUK VIbis,Verandering van graad,
HOOFDSTUK VII,Mutatie,
HOOFDSTUK VIII,Permutatie,
HOOFDSTUK IX,Tijdelijke mutatie,
HOOFDSTUK X,Reaffectatie,
HOOFDSTUK XI,Interne of externe mobiliteit,
HOOFDSTUK XII,Verandering van administratieve standplaats,
TITEL IV,Werving en loopbaan van de gehandicapte personen,
HOOFDSTUK I,Verplichting tot tewerkstelling van gehandicapte personen,
TITEL V,Vorming,
HOOFDSTUK I,Directie Opleiding van de Waalse Overheidsdienst belast met de opleiding van het personeel,
HOOFDSTUK,(II). - Vormingen,
Afdeling I,Algemene bepalingen,
Afdeling II,Dienstopdracht wegens verplichte vorming,
Afdeling III,Dienstvrijstelling wegens (vorming),
Afdeling IV,Vormingsverlof,
HOOFDSTUK III,"Opleiding van de eerste adjuncten, eerste assistenten, eerste gegradueerden, eerste attachés en van de directeurs",
HOOFDSTUK IV,Dienstodracht voor de personeelsleden die aangewezen worden als interne opleidingenverstrekkers bij de openbare bestuursschool die gemeenschappelijk is aan de Franse Gemeenschap en aan het Waalse Gewest of bij de directie van de Waalse Overheidsdienst belast met de opleiding van het personeel,
TITEL VI,Wervings- en loopbaanproeven,
HOOFDSTUK I,Statutaire selecties en vergelijkende examens voor de overgang naar het hogere niveau,
Afdeling I,Algemene bepalingen,
Afdeling II,Statutaire selectie,
Afdeling III,Vergelijkende examens voor de overgang naar het hogere niveau,
HOOFDSTUK II,Brevet van fiscale ontvanger,
Afdeling I,Voorbereidende vorming voor het brevet van fiscale ontvanger,
Afdeling II,Examen voor het behalen van het brevet van fiscale ontvanger,
HOOFDSTUK III,Examen voor de validatie van de verworven bekwaamheden,
TITEL VII,Onverenigbaarheden,
TITEL VIII,Evaluatie,
TITEL IX,"College van de leidende ambtenaren-generaal, Strategisch comité en Directiecomité",
HOOFDSTUK I,College van de leidende ambtenaren-generaal,
HOOFDSTUK II,Strategisch comité.,
HOOFDSTUK III,Directiecomité,
TITEL X,Tuchtregeling,
TITEL XI,Kamer van Beroep,
HOOFDSTUK I,Bevoegdheid en samenstelling van de Kamer van Beroep,
HOOFDSTUK II,Procedure van beroep voor de Kamer van Beroep,
TITEL XII,Schorsing in het belang van de dienst,
TITEL XIII,Administratieve standen en anciënniteiten,
HOOFDSTUK I,Administratieve standen,
HOOFDSTUK II,Administratieve anciënniteiten,
TITEL XIV,Verlies van de hoedanigheid van personeelslid en ambtsneerlegging,
TITEL XV,Geldelijk statuut,
HOOFDSTUK I,Toepassingsgebied en begripsbepalingen,
HOOFDSTUK II,Wedden,
Afdeling I,Vaststelling van de weddeschalen,
Afdeling II,In aanmerking komende diensten,
Afdeling III,Berekening en uitbetaling van de wedde,
Afdeling IV,Wedde in geval van verlof wegens verminderde prestaties gewettigd door sociale of familiale redenen,
HOOFDSTUK V,Vakantiegeld,
HOOFDSTUK VI,Eindejaarstoelage,
HOOFDSTUK VIII,Vertrektoelage,
TITEL XVI,Andere voorschriften toepasselijk op stagiairs,
TITEL XVII,Wetenschappelijk personeel,
HOOFDSTUK I,Algemene bepalingen,
HOOFDSTUK II,"Selectie, werving en loopbaan",
Afdeling 1,Selectie,
Afdeling 2,Werving,
Afdeling 3,Stage en benoeming in vast verband,
HOOFDSTUK III,Loopbaan,
Afdeling 1,Bevordering tot de graad van lasthebber voor onderzoek,
Afdeling 2,Bevordering tot de graad van onderzoeksleider,
Afdeling 3,Bevordering tot de graad van wetenschappelijk directeur of wetenschappelijk adviseur,
Afdeling 4,"Mutatie, tijdelijke mutatie, reaffectatie, interne of externe mobiliteit",
HOOFDSTUK IV,Verlof voor een opdracht inzake wetenschappelijk onderzoek,
TITEL XVIII,"Diverse, opheffings-, overgangs- en slotbepalingen",
HOOFDSTUK I,Diverse bepalingen,
HOOFDSTUK II,Opheffingsmaatregelen,
HOOFDSTUK III,Overgangsmaatregelen,
Afdeling I,Bevorderingsprocedures,
Afdeling II,Wervings- en loopbaanproeven,
Afdeling IIbis,Toekenningsprocedures van de betrekkingen die vanaf 1 januari 2004 worden vacant verklaard,
Afdeling III,Onverenigbaarheden,
Afdeling IIIbis,Evaluatie,
Afdeling IV,Tuchtregeling,
Afdeling V,Administratieve toestanden en anciënniteiten,
Afdeling VI,Wetenschappelijk statuut,
Afdeling VII,Geldelijk statuut,
Afdeling VIII,Directiecomités en strategische comités,
HOOFDSTUK IV,Slotbepalingen,
BOEK II,MANDAATREGELING BETREFFENDE DE AMBTENAREN-GENERAAL,
TITEL I,Bepalingen toepasselijk op alle ambtenaren-generaal,
TITEL II,Mandaatregeling,
HOOFDSTUK I,Toepassingsgebied en toegangsvoorwaarden,
HOOFDSTUK II,Selectie en aanwijzing,
Afdeling 1,Getuigschrift management openbare besturen,
Afdeling 2,Samenstelling van een pool van kandidaten,
Afdeling 3,Vacantverklaringen en opdrachtbrieven,
Afdeling 4,Aanwijzing,
Afdeling 5,Bestuurscontract en doelstellingencontract,
HOOFDSTUK III,Duur van het mandaat,
HOOFDSTUK IV,Administratieve en geldelijk toestand,
Afdeling 1,Uitoefening van het mandaat,
Afdeling 2,Bezoldiging,
HOOFDSTUK V,Evaluatie,
TITEL III,Bepalingen toepasselijk op de ambtenaren-generaal die niet aan de mandaatregeling onderworpen zijn,
BOEK III,VERLOVEN EN ANDERE AFWEZIGHEDEN VAN DE AMBTENAREN,
HOOFDSTUK I,Algemene bepalingen,
HOOFDSTUK II,Jaarlijks vakantieverlof en feestdagen,
HOOFDSTUK III,Omstandigheidsverloven en uitzonderlijke verloven,
Afdeling I,Omstandigheidsverloven,
Afdeling II,Uitzonderlijke verloven,
Afdeling III,Verloven met een filantropisch doel,
Afdeling IV,Borstvoedingspauzes,
HOOFDSTUK IV,Moederschapsbescherming,
HOOFDSTUK V,Overgedragen moederschapsverlof en geboorteverlof,
HOOFDSTUK VI,Adoptieverlof en opvangverlof,
HOOFDSTUK VII,Ouderschapsverlof,
HOOFDSTUK VIII,Verlof om dwingende redenen van familiaal belang,
HOOFDSTUK IX,Verlof wegens ziekte,
Afdeling I,Algemene bepalingen,
Afdeling Ibis,Controle op de afwezigheden wegens ziekte,
Afdeling II,Verminderde prestaties om medische redenen,
Afdeling III,Dienstvrijstelling wegens preventief geneeskundig onderzoek,
HOOFDSTUK X,Disponibiliteit,
Afdeling I,Algemene bepalingen,
Afdeling II,Disponibiliteit wegens ambtsontheffing in het belang van de dienst,
Afdeling III,Disponibiliteit wegens ziekte,
Afdeling IV,Disponibiliteit wegens persoonlijke aangelegenheden,
HOOFDSTUK XI,Verlof wegens opdracht,
HOOFDSTUK XII,Terbeschikkingstelling,
HOOFDSTUK XIII,Verlof voor loopbaanonderbreking,
HOOFDSTUK XIV,Deeltijdse arbeidsregelingen,
Afdeling I,Verlof wegens verminderde prestaties verantwoord door sociale of familiale redenen,
Afdeling III,Vierdagenweek,
Afdeling IV,Halftijds werken vanaf vijftig of vijfenvijftig jaar,
HOOFDSTUK XV,Burgerschapsverloven,
Afdeling I,Politiek verlof,
Afdeling II,Verlof om zich kandidaat te stellen voor verkiezingen van bepaalde vergaderingen,
Afdeling III,"(Verlof om een functie uit te oefenen binnen een ministerieel kabinet, een secretariaat, de cel algemene coördinatie van het algemeen beleid, een cel algemeen beleid van de leden van de Federale Regering of binnen het kabinet van een plaatselijke mandataris.)",
Afdeling IV,"Verlof om een activiteit uit te oefenen bij een erkende politieke groep van een wetgevende vergadering van de Federale Staat, een Gemeenschap of een Gewest, of bij de voorzitter van één van die groepen of bij de voorzitter van één van die groepen",
Afdeling V,Verlof wegens terbeschikkingstelling van de Koning of een Prins of een Prinses van België,
HOOFDSTUK XVI,"Opheffings-, overgangs- en slotbepalingen",
BOEK IV,TOEKENNING VAN VERGOEDINGEN EN TOELAGEN AAN HET PERSONEEL VAN HET GEWEST,
TITEL I,Algemene regeling van de vergoedingen en toelagen,
TITEL II,"Vergoedingen voor reis-, verblijf- en verplaatsingskosten op de weg naar het werk",
HOOFDSTUK I,Reiskosten,
Afdeling I,Recht op een tegemoetkoming,
Afdeling II,Gebruik van gemeenschappelijke vervoermiddelen,
Afdeling III,Gebruik van de vervoermiddelen van de administratie,
Afdeling IV,Gebruik van een eigen voertuig,
Afdeling V,Gebruik van de fiets voor dienstopdrachten,
HOOFDSTUK II,Verblijfkosten,
HOOFDSTUK III,Reiskosten op de weg naar het werk,
Afdeling I,Recht op de tegemoetkoming,
Afdeling II,Gebruik van het gemeenschappelijk openbaar vervoer op de weg naar het werk,
Afdeling III,Gebruik van persoonlijke vervoermiddelen in bijzondere omstandigheden op de weg naar het werk,
Afdeling IV,Gebruik van de fiets op de weg naar het werk,
Afdeling V,"Verplaatsingen op de weg naar het werk in het kader van terugroepingen, beschikbaarheidsdiensten ten huize of wachtdiensten ten huize",
HOOFDSTUK IV,Slotbepalingen,
TITEL III,Functies waaraan het voordeel van kosteloze huisvesting gebonden is,
HOOFDSTUK I,Algemene bepalingen,
HOOFDSTUK II,Specifieke bepalingen,
HOOFDSTUK III,Slotbepalingen,
