title,name,section
Boek 1,Algemene en gemeenschappelijke bepalingen,
DEEL I,BEGINSELEN VAN HET MILIEURECHT EN ALGEMENE BEPALINGEN,
TITEL I,Beginselen,
TITEL II,Begripsomschrijving,
DEEL II,ADVIESINSTANTIE,
DEEL III,"Informatie, bewustmaking en inspraak van het publiek inzake het leefmilieu",
TITEL I,Toegang tot milieu-informatie,
HOOFDSTUK I,Doelstellingen en toepassingsgebied,
HOOFDSTUK II,Passieve informatie of op verzoek,
Afdeling 1,Beginsel,
Afdeling 2,Uitzonderingen op de terinzagelegging,
Afdeling 3,Procedure tot rechtzetting en beroep,
HOOFDSTUK III,Actieve informatie,
Afdeling 1,Beginsel,
Afdeling 2,Uitzonderingen,
TITEL II,Milieu-initiatie,
TITEL II/1,Erkenning en structurele subsidiëring van de milieuverenigingen,
HOOFDSTUK I,Algemene bepalingen,
HOOFDSTUK II,Erkenning van de milieuverenigingen,
AFDELING I,Voorwaarden betreffende de toekenning of de verlenging van de erkenning,
AFDELING 2,Procedure voor de toekenning of de verlenging van de erkenning,
HOOFDSTUK II,Structurele subsidiëring van de milieuverenigingen,
HOOFDSTUK IV,Evaluatie van en controle op de erkende en gesubsidieerde verenigingen en intrekking van de erkenning of van de subsidiëring,
Afdeling 1,Evaluatie van en controle op de erkende en gesubsidieerde verenigingen,
Afdeling 2,Intrekking en schorsing van de erkenning of van de subsidiëring,
HOOFDSTUK V,Evalutatie en Begeleidingscomité,
HOOFDSTUK VI,Evaluatie van de bepalingen van titel II/I,
HOOFDSTUK VII,Financiering van de milieuverenigingen,
Titel III,Inspraak van het publiek inzake het leefmilieu,
HOOFDSTUK I,Algemene bepalingen,
Afdeling 1,"Indeling van de plannen, programma's en projecten",
Afdeling 2,Algemene beginselen inzake de inspraak van het publiek,
HOOFDSTUK II,Informatievergadering,
HOOFDSTUK III,Openbaar onderzoek,
Afdeling 1,Maatregelen tot aankondiging van het openbaar onderzoek,
Onderafdeling 1,Aanplakking,
Onderafdeling 2,"Informatieverstrekking via email, televisie, radio en geschreven pers",
Onderafdeling 3,Kennisgeving,
Onderafdeling 4,Bijkomende bekendmaking,
Afdeling 2,Openbaar onderzoek,
Afdeling 3,Modaliteiten voor de toegang tot informatie in het kader van het openbaar onderzoek,
Afdeling 4,Vervangingsbevoegdheid,
HOOFDSTUK IV,Bekendmaking betreffende de beslissing,
HOOFDSTUK V,Begeleidingscomité,
HOOFDSTUK VI,Strafbepalingen,
DEEL IV,MILIEUPLANNING IN HET KADER VAN DE DUURZAME ONTWIKKELING,
HOOFDSTUK I,Algemene bepalingen,
HOOFDSTUK II,Verslag over de staat van het Waalse leefmilieu,
HOOFDSTUK III,Milieubeleidsplan voor de duurzame ontwikkeling,
HOOFDSTUK IV,Sectorale programma's en plannen voor het beheer van de stroomgebieden,
HOOFDSTUK V,Gemeentelijke plannen voor leefmilieu en natuurontwikkeling,
DEEL V,Evaluatie van de milieueffecten,
HOOFDSTUK I,Begripsomschrijving en beginselen,
HOOFDSTUK II,Systeem voor de evaluatie van de milieueffecten van de plannen en programma's,
HOOFDSTUK III,Evaluatie van de milieueffecten van projecten,
HOOFDSTUK IV,Vorig Hoofdstuk IV opgeheven,
HOOFDSTUK IV,Overgangsbepalingen. Voorheen Hoofdstuk V,
DEEL VI,MILIEUOVEREENKOMSTEN EN ECOLOGISCHE TRANSITIEOVEREENKOMSTEN,
HOOFDSTUK I,Milieuovereenkomsten,
HOOFDSTUK II,Ecologische transitieovereenkomsten,
DEEL VII,Milieuaansprakelijkheid met betrekking tot het voorkomen en herstellen van milieuschade,
Titel I,Doelstellingen,
Titel II,Definities,
Titel III,Toepassingsveld,
Titel IV,Uitzonderingen,
Titel V,EVALUATIE EN HERSTELLEN VAN MILIEUSCHADE,
HOOFDSTUK I,Evaluatie van de omvang van de milieuschade aan soorten en habitats,
HOOFDSTUK II,Herstellen van schade,
Afdeling I,Beginselen,
Afdeling II,Hersteldoelstellingen,
Afdeling III,Vaststelling van herstelmaatregelen,
Titel VI,Verplichtingen van de exploitant,
HOOFDSTUK I,Preventieve acties,
HOOFDSTUK II,Herstelmaatregelen,
Titel VII,Opdrachten van de bevoegde instantie,
Titel VIII,Kosten van preventie en herstel,
Titel IX,Verzoeken om maatregelen,
Titel X,Internationale en interregionale samenwerking,
DEEL VIII,"Opsporing, vaststelling, vervolging en beteugeling van milieuovertredingen en schadevergoedingsmaatregelen",
TITEL 1,Algemene bepalingen en berekening van de termijnen,
HOOFDSTUK I,Toepassingsgebied,
HOOFDSTUK II,Begripsomschrijvingen,
HOOFDSTUK III,Doelstellingen en coördinatie van het repressieve milieubeleid,
TITEL II,Verschillende interveniënten in het kader van de milieucriminaliteit,
HOOFDSTUK I,Vaststellende beambten,
Afdeling 1,Gewestelijke vaststellende beambten,
Afdeling 2,Gemeentelijke vaststellende beambten,
Afdeling 3,Vaststellende beambten van de instellingen van openbaar nut en van de intercommunales,
HOOFDSTUK II,Bestrijding van de milieucriminaliteit,
HOOFDSTUK III,Sanctionerende ambtenaren,
Afdeling 1,Gewestelijke sanctionerende ambtenaren,
Afdeling 2,Gemeentelijke sanctionerende ambtenaren,
TITEL III,"Toezicht, controle, opsporing en vaststelling van de overtredingen en veiligheids- en dwangmaatregelen",
HOOFDSTUK I,Controle,
HOOFDSTUK II,Onderzoeksmiddelen,
HOOFDSTUK III,Waarschuwing en vaststelling van overtredingen,
HOOFDSTUK IV,Veiligheids- en dwangmaatregelen,
TITEL IV,Mogelijke methoden voor het uitdoven van de publieke of administratieve strafvordering,
TITEL V,Strafrechtelijke vervolging van de overtredingen,
HOOFDSTUK I,Algemene bepalingen,
HOOFDSTUK II,Sommige overtredingen,
HOOFDSTUK III,"Bijkomende maatregelen bij de straf die door de rechter kunnen worden uitgesproken, met inbegrip van de teruggavemaatregelen",
TITEL VI,Administratieve vervolging van de overtredingen,
HOOFDSTUK I,Inleidende bepalingen,
HOOFDSTUK II,Bevoegdheden van de sanctionerend ambtenaar,
HOOFDSTUK III,Administratieve sancties en alternatieve maatregelen,
Afdeling 1,Algemene bepalingen,
Afdeling 2,Gemeenschapsdienst voor de meerderjarigen,
Afdeling 3,Maatregelen die van toepassing zijn op de minderjarigen van veertien jaar en meer,
HOOFDSTUK IV,Beslissing van de sanctionerend ambtenaar,
HOOFDSTUK V,Bestemming van de administratieve geldboetes en van de dwangsommen,
HOOFDSTUK VI,Beroep,
HOOFDSTUK VII,Inning en invordering,
TITEL VII,Fonds voor de milieubescherming,
