title,name,section
BOEK I,Algemene bepalingen,
ENIGE TITEL,. - Algemene bepalingen,
HOOFDSTUK I,Doelstellingen en middelen,
HOOFDSTUK II,Delegaties vanwege de Regering,
HOOFDSTUK II. DUITSTALIGE_GEMEENSCHAP,Delegaties,
HOOFDSTUK III,Commissies,
Afdeling 1,""" Pôle ""Aménagement du territoire"" "" (Beleidsgroep Ruimtelijke Ordening)",
Afdeling 1_DUITSTALIGE_GEMEENSCHAP,Adviesraad voor Ruimtelijke Ordening,
Onderafdeling 1,Oprichting en opdrachten,
Onderafdeling 2,Samenstelling en werking,
Afdeling 2,Adviescommissie over de beroepen,
Afdeling 2. DUITSTALIGE_GEMEENSCHAP,Beroepscommissie,
Afdeling 3,Gemeentelijke adviescommissie voor ruimtelijke ordening en mobiliteit,
Onderafdeling 1,Oprichting en opdrachten,
Onderafdeling 2,Samenstelling en werking,
HOOFDSTUK IV,Erkenningen,
HOOFDSTUK V,Toelagen,
HOOFDSTUK V.1_DUITSTALIGE_GEMEENSCHAP,Duurzaamheidsfonds,
HOOFDSTUK VI,Nadere regels voor verzendingen en het berekenen van termijnen,
HOOFDSTUK VII,Overgangsrecht,
Afdeling 1,Commissies,
Afdeling 2,Erkenningen,
Afdeling 3,Toelagen,
BOEK II,Planificatie,
BOEK II. DUITSTALIGE_GEMEENSCHAP,Planning en omtrekken,
TITEL I,De ontwikkelingsplannen,
HOOFDSTUK I,Het ruimtelijk ontwikkelingsplan,
Afdeling 1,Begripsomschrijving en inhoud,
Afdeling 2,Procedure,
Afdeling 3,Herziening,
HOOFDSTUK II,Meergemeentelijk ontwikkelingsplan,
Afdeling 1,Begripsomschrijving en inhoud,
Afdeling 2,Procedure,
Afdeling 3,Herziening,
HOOFDSTUK III,Gemeentelijke ontwikkelingsplannen,
Afdeling 1,Algemeen,
Afdeling 2,Begripsomschrijving en inhoud,
Onderafdeling 1,Gemeentelijk ontwikkelingsplan,
Onderafdeling 2,Lokaal beleidsontwikkelingsplan,
Afdeling 3,Procedure,
Afdeling 4,Herziening,
HOOFDSTUK IV,Opvolging van de milieueffecten,
HOOFDSTUK V,Opheffing,
HOOFDSTUK VI,Juridische gevolgen en hiërarchie,
Afdeling 1,Rechtsgevolgen,
Afdeling 2,Hiërarchie,
TITEL II,Gewestplannen,
HOOFDSTUK I,Algemene bepalingen,
HOOFDSTUK II,Inhoud,
Afdeling 1,Algemeen,
Afdeling 2,Bestemming en algemene voorschriften van de gebieden,
Afdeling 3,Tracé van de hoofdinfrastructuren,
HOOFDSTUK III,Procedure,
Afdeling 1,Inhoud van het basisdossier,
Afdeling 2,Op de herziening toepasselijke principes,
Afdeling 3,Gewone herzieningen,
Onderafdeling 1,Herzieningen op initiatief van de Regering,
Onderafdeling 2,Herzieningen op initiatief van de gemeente,
Onderafdeling 3,Herziening op initiatief van een privé- of publiekrechtelijke natuurlijke of rechtspersoon,
Onderafdeling 4,Gemeenrechtelijke procedure,
Afdeling 4,Versnelde herzieningen,
Onderafdeling 1,Procedure voor de herziening van een gewestplan met het oog op de opneming van een gebied van gewestelijk belang zonder compensatie,
Onderafdeling 2,Herziening van een gewestplan met het oog op de opneming van een gebied van gemeentelijk belang zonder compensatie of herziening van een gewestplan waarvoor geen compensatie vereist is,
Afdeling 5,Opmakingsprocedure,
HOOFDSTUK IV,Gezamenlijke procedure voor gewestplannen en vergunningen,
HOOFDSTUK V,Juridische gevolgen,
Afdeling 1,Algemeen,
TITEL II.1.DUITSTALIGE_GEMEENSCHAP,OMTREKKEN,
HOOFDSTUK I.DUITSTALIGE_GEMEENSCHAP,ALGEMEEN,
HOOFDSTUK II.DUITSTALIGE_GEMEENSCHAP,PROCEDURE,
Afdeling 1.DUITSTALIGE_GEMEENSCHAP,Initiatiefrecht en voorstel,
Afdeling 2.DUITSTALIGE_GEMEENSCHAP,Procedure,
HOOFDSTUK III.DUITSTALIGE_GEMEENSCHAP,BIJZONDERE BEPALINGEN VOOR SANERINGSLOCATIES,
TITEL III,Overgangsrecht,
HOOFDSTUK I,Gewestelijk ruimtelijk ontwikkelingsplan,
HOOFDSTUK II,Gemeentelijke ontwikkelingsplannen,
Afdeling 1,Gemeentelijk structuurplan,
Afdeling 2,Stedenbouwkundig en leefmilieuverslag,
HOOFDSTUK III,Plannen van aanleg,
Afdeling 1,Gewestplan,
Onderafdeling 1,Bestemming en algemene voorschriften van de gebieden,
Onderafdeling 2,Procedure,
Afdeling 2,Gemeentelijk plan van aanleg,
Onderafdeling 1,Juridische draagwijdte,
Onderafdeling 2,Procedure,
HOOFDSTUK IV,Andere plannen en schema's,
HOOFDSTUK V.DUITSTALIGE_GEMEENSCHAP,"OMTREKKEN, STADSHEROPLEVING EN STADSVERNIEUWING",
BOEK III,Leidraden voor stedenbouw,
TITEL I,Gewestelijke leidraad voor stedenbouw,
HOOFDSTUK I,Algemeen,
HOOFDSTUK II,Inhoud,
HOOFDSTUK III,Procedure,
TITEL II,Gemeentelijke leidraad voor stedenbouw,
HOOFDSTUK I,Algemeen,
HOOFDSTUK II,Inhoud,
HOOFDSTUK III,Procedure,
TITEL III,Gemeenschappelijke bepalingen,
HOOFDSTUK I,Herziening en opheffing,
HOOFDSTUK II,Juridische gevolgen,
HOOFDSTUK III,Hiërarchie,
Afdeling 1,Het verband tussen de gewestelijke leidraad en de gemeentelijke leidraad,
Afdeling 2,Het verband tussen de ontwikkelingsplannen en de leidraden,
TITEL IV,Overgangsrecht,
HOOFDSTUK I,Gewestelijke stedenbouwkundige verordeningen,
HOOFDSTUK II,Gemeentelijke stedenbouwkundige verordeningen,
BOEK IV,Stedenbouwkundige vergunningen en attesten,
BOEK IV. DUITSTALIGE_GEMEENSCHAP,VERGUNNINGEN EN STEDENBOUWKUNDIGE ATTESTEN,
TITEL I,Algemeen,
HOOFDSTUK I,Begrippen,
HOOFDSTUK II,Handelingen die onderworpen zijn aan een bebouwingsvergunning,
HOOFDSTUK II. DUITSTALIGE_GEMEENSCHAP,HANDELINGEN DIE EEN ONTSLUITINGSVERGUNNING OF OPSPLITSINGSVERGUNNING VEREISEN,
HOOFDSTUK III,Handelingen en werken onderworpen aan een stedenbouwkundige vergunning,
HOOFDSTUK IV,Afwijkingen en verschillen,
Afdeling 1,Verschillen,
Afdeling 2,Afwijkingen,
TITEL II,Procedure,
HOOFDSTUK I,Bevoegde autoriteiten,
Afdeling 1,Gemeentecollege,
Onderafdeling 1,Algemeen,
Onderafdeling 2,Vergunning,
Onderafdeling 3,Stedenbouwkundige attesten,
Afdeling 2,Gemachtigd ambtenaar,
Afdeling 2_DUITSTALIGE_GEMEENSCHAP,Regering,
Onderafdeling 1,Vergunning,
Onderafdeling 2,Stedenbouwkundig attest,
Afdeling 3,Regering,
Afdeling 3_DUITSTALIGE_GEMEENSCHAP,Beroepsinstantie,
HOOFDSTUK II,Aanvraagdossiers,
Afdeling 1,Vergunningsaanvraagdossier,
Afdeling 2,Aanvraagdossier voor een stedenbouwkundig attest,
HOOFDSTUK III,Projectvergadering,
HOOFDSTUK IV,Indiening van de aanvraag,
Afdeling 1,Algemeen,
HOOFDSTUK V,Raadplegingen,
HOOFDSTUK VI,Aanvullende formaliteiten,
Afdeling 1,Bijzondere bekendmakingmaatregelen,
Afdeling 2,Opening en wijziging van gemeentewegen,
Afdeling 3,Wijziging van de vergunningsaanvraag in de loop van de procedure,
Afdeling 4. DUITSTALIGE_GEMEENSCHAP,Opschorting van de procedure om de vergunningsaanvraag te rectificeren,
Afdeling 5,Vrijetijdsverblijven,
HOOFDSTUK VII,Beslissing over aanvragen voor vergunningen en stedenbouwkundige attesten,
HOOFDSTUK VII. DUITSTALIGE_GEMEENSCHAP,BESLISSING OVER DE AANVRAGEN VOOR EEN VERGUNNING OF VOOR EEN STEDENBOUWKUNDIG ATTEST,
Afdeling 1,Termijn,
Onderafdeling 1,Beslissing van het gemeentecollege,
Onderafdeling 2,Beslissing van de gemachtigd ambtenaar of van de Regering,
Onderafdeling 2_DUITSTALIGE_GEMEENSCHAP,Beslissing van de Regering,
Onderafdeling 3,Aflevering van het stedenbouwkundig attest nr. 1,
Afdeling 2,Inhoud van de beslissing,
Onderafdeling 1,Algemeen,
Onderafdeling 2,Stedenbouwkundige lasten,
Onderafdeling 3,Motieven in verband met het bouwrijp maken van gronden,
Onderafdeling 3. DUITSTALIGE_GEMEENSCHAP,Motieven in verband met de technische ontsluiting van gronden,
Onderafdeling 4,"Motieven in verband met de bescherming van de personen, de goederen of het leefmilieu",
Onderafdeling 5,Motieven in verband met de lopende planologie,
Afdeling 3,Diverse bepalingen,
Onderafdeling 1,Volgorde van de werken,
Onderafdeling 2,Financiële garanties,
Afdeling 4,Beslissingen over aanvragen van stedenbouwkundige attesten nr. 2,
HOOFDSTUK VIII,Toezicht van de gemachtigd ambtenaar op de vergunningen en de attesten,
HOOFDSTUK VIII_DUITSTALIGE_GEMEENSCHAP,Toezicht op de vergunningen en de attesten,
HOOFDSTUK IX,Beroep,
Afdeling 1,Beroepsgerechtigden,
Afdeling 2,Procedure,
Afdeling 3,Beslissing,
HOOFDSTUK X,Formaliteiten ter afronding van het beslissingsstadium,
Afdeling 1,Aanplakking van de vergunning,
Afdeling 2,Kennisgeving van de aanvang van de werken,
Afdeling 3,Aanwijzing van de plaats van vestiging van nieuwbouw,
Afdeling 4,Aanmelding van voltooiing van de werken,
Afdeling 4. DUITSTALIGE_GEMEENSCHAP,Conformiteitsplannen en conformiteitsverklaring na voltooiing van de werken,
Afdeling 4.1_DUITSTALIGE_GEMEENSCHAP,"Wijziging na afgifte van de vergunning, voor of tijdens de voltooiing van de werken",
Afdeling 5,Vaststelling van de uitvoering van de stedenbouwkundige voorwaarden of lasten en tienjarige verantwoordelijkheid,
Afdeling 6,Bekendmaking,
TITEL III,Gevolgen van de vergunning,
HOOFDSTUK I,Algemeen,
HOOFDSTUK II,Vergunningen met beperkte duur,
HOOFDSTUK III,Het vervallen van vergunningen,
Afdeling 1,Het vervallen van de bebouwingsvergunning,
Afdeling 1. DUITSTALIGE_GEMEENSCHAP,Het vervallen van de ontsluitings- of opsplitsingsvergunning,
Afdeling 2,Het vervallen van de stedenbouwkundige vergunning,
Afdeling 3,Gemeenschappelijke bepalingen,
HOOFDSTUK IV,Opschorting van de vergunning,
HOOFDSTUK V,Intrekking van de vergunning,
HOOFDSTUK VI,Overdracht van de vergunning,
HOOFDSTUK VII,Afzien van de vergunning,
HOOFDSTUK VIII,Wijziging van de bebouwingsvergunning,
HOOFDSTUK VIII. DUITSTALIGE_GEMEENSCHAP,WIJZIGING OF OPHEFFING VAN DE ONTSLUITINGS- OF OPSPLITSINGSVERGUNNING,
TITEL IV,Gevolgen van het stedenbouwkundig attest,
TITEL V,Verplichtingen tot informatieverstrekking over het administratieve statuut van de goederen,
HOOFDSTUK I,Vermeldingen in akten van overdracht,
HOOFDSTUK II,Akte voorafgaand aan elke verdeling,
Afdeling 1,Verdeling na toekenning van een vergunning,
Afdeling 2,Niet-vergunningsplichtige verdeling,
HOOFDSTUK III,Akte na de wijziging van de bebouwingsvergunning,
HOOFDSTUK III. DUITSTALIGE_GEMEENSCHAP,AKTE NA DE WIJZIGING VAN DE ONTSLUITINGSVERGUNNING,
HOOFDSTUK IV,Informatie over de overdracht van de vergunningen,
TITEL VI,Te verstrekken inlichtingen,
TITEL VII,Vergunningen in verband met andere administratieve diensten,
TITEL VII.1.DUITSTALIGE_GEMEENSCHAP,SPOEDPROCEDURE,
HOOFDSTUK I.DUITSTALIGE_GEMEENSCHAP,TOEPASSINGSGEBIED,
HOOFDSTUK II.DUITSTALIGE_GEMEENSCHAP,AFWIJKINGEN EN VERSCHILLEN,
HOOFDSTUK III.DUITSTALIGE_GEMEENSCHAP,PROCEDURE,
HOOFDSTUK IV.DUITSTALIGE_GEMEENSCHAP,VAN TOEPASSING ZIJNDE BEPALINGEN,
TITEL VIII,Overgangsrecht,
HOOFDSTUK I,Procedure,
HOOFDSTUK II,Juridische gevolgen,
Afdeling 1,Bebouwingsvergunningen,
Onderafdeling 1,Rechtsgeldigheid,
Onderafdeling 2,Verval,
Onderafdeling 3,Wijziging,
Afdeling 2,Het vervallen van de stedenbouwkundige vergunningen,
BOEK V,Operationele ruimtelijke ordening en stedenbouw,
BOEK V. DUITSTALIGE_GEMEENSCHAP,,
TITEL I,Te herontwikkelen locaties,
TITEL I. DUITSTALIGE_GEMEENSCHAP,,
HOOFDSTUK I,Algemeen,
HOOFDSTUK I. DUITSTALIGE_GEMEENSCHAP,,
HOOFDSTUK II,Procedure voor de aanneming van de omtrek,
HOOFDSTUK II. DUITSTALIGE_GEMEENSCHAP,,
HOOFDSTUK III,Onderzoekingen,
HOOFDSTUK III. DUITSTALIGE_GEMEENSCHAP,,
HOOFDSTUK IV,Vervreemding,
HOOFDSTUK IV. DUITSTALIGE_GEMEENSCHAP,,
HOOFDSTUK V,Instandhouding van de schoonheid van de landschappen,
HOOFDSTUK V. DUITSTALIGE_GEMEENSCHAP,,
HOOFDSTUK VI,Overgangsrecht,
HOOFDSTUK VI. DUITSTALIGE_GEMEENSCHAP,,
TITEL II,Locaties met herstel van landschap en leefmilieu,
TITEL II. DUITSTALIGE_GEMEENSCHAP,,
HOOFDSTUK I,Locaties met herstel van landschap en leefmilieu,
HOOFDSTUK I. DUITSTALIGE_GEMEENSCHAP,,
HOOFDSTUK II,Overgangsrecht,
HOOFDSTUK II. DUITSTALIGE_GEMEENSCHAP,,
TITEL III,Stedelijke verkavelingsomtrekken,
TITEL III. DUITSTALIGE_GEMEENSCHAP,,
HOOFDSTUK I,Algemeen,
HOOFDSTUK I. DUITSTALIGE_GEMEENSCHAP,,
HOOFDSTUK II,Procedure voor de aanneming van de omtrek,
HOOFDSTUK II. DUITSTALIGE_GEMEENSCHAP,,
HOOFDSTUK III,Overgangsrecht,
HOOFDSTUK III. DUITSTALIGE_GEMEENSCHAP,,
TITEL IV,Stadsheropleving,
TITEL IV. DUITSTALIGE_GEMEENSCHAP,,
TITEL V,Stadsvernieuwing,
TITEL V. DUITSTALIGE_GEMEENSCHAP,,
TITEL VI,Bevoorrechte initiatiefgebieden,
TITEL VI. DUITSTALIGE_GEMEENSCHAP,,
TITEL VII,Gezamenlijke procedure voor omtrekken en vergunningen,
TITEL VII. DUITSTALIGE_GEMEENSCHAP,,
TITEL VIII,Fonds voor operationele inrichting en fonds voor de sanering van te herontwikkelen locaties en locaties met herstel van landschap en leefmilieu,
TITEL VIII. DUITSTALIGE_GEMEENSCHAP,,
TITEL IX,Financiële bepalingen,
TITEL IX. DUITSTALIGE_GEMEENSCHAP,,
HOOFDSTUK I,Beginsel,
HOOFDSTUK I. DUITSTALIGE_GEMEENSCHAP,,
HOOFDSTUK II,Overgangsrecht,
HOOFDSTUK II. DUITSTALIGE_GEMEENSCHAP,,
BOEK VI,Grondbeleid,
TITEL I,Onteigeningen en vergoedingen,
HOOFDSTUK I,Goederen die onteigend zouden kunnen worden,
HOOFDSTUK II,Onteigenende overheden,
HOOFDSTUK VI,Onteigening op verzoek van een derde,
HOOFDSTUK VII,Comité voor de aankoop,
HOOFDSTUK VIII,Verzaak aan de onteigening,
HOOFDSTUK IX,Overgangsrecht,
TITEL II,Recht van voorkoop,
HOOFDSTUK I,Toepassingsgebied,
Afdeling 1,De omtrekken van voorkoop,
Afdeling 2,Voorwerp van de voorkoop,
Afdeling 3,Voorkoopgerechtigde overheden,
Afdeling 4,Akten die de voorkoopprocedure doen ontstaan,
Afdeling 5,Duurtijd,
HOOFDSTUK II,Procedure voor de aanneming van de omtrekken,
HOOFDSTUK III,Voorkoopprocedure,
Afdeling 1,Verklaring van het voornemen tot vervreemding,
Afdeling 2,Overdracht van de verklaring van het voornemen tot vervreemden,
Afdeling 3,Beslissing van de voorkoopgerechtigden,
Afdeling 4,Verzaking aan de uitoefening van het recht van voorkoop,
Afdeling 5,Voorkoop en betaling van de prijs,
HOOFDSTUK IV,Verscheidene bepalingen,
HOOFDSTUK V,Overgangsrecht,
TITEL III,Ruilverkaveling en herverkaveling,
TITEL IV,Het stelsel van de minderwaarden en de winsten,
HOOFDSTUK I,Vergoeding van de minderwaarden,
Afdeling 1,Beginsel,
Afdeling 2,Onverschuldigde vergoeding,
Afdeling 3,Vermindering of weigering van de vergoeding,
Afdeling 4,Ontstaan van het recht op de vergoeding,
Afdeling 5,Berekening van de vergoeding,
Afdeling 6,Procedure,
Afdeling 7,Uitvoering van de verplichting tot vergoeding,
Afdeling 8,Overgangsrecht,
HOOFDSTUK II,Planwinstenstelsel,
Afdeling 1,Gewestelijke retributie,
Onderafdeling 1,"Grondslag, vrijstellingen en opschortingen",
Onderafdeling 2,De retributieplichtige,
Onderafdeling 3,Berekening van de retributie,
Onderafdeling 4,Register van de grondwinsten,
Onderafdeling 5,"Vestiging, inning, vordering, betaaltermijnen en beroepen",
Onderafdeling 6,Evaluatie,
Onderafdeling 7,Overgangsrecht,
Afdeling 2,Gemeentelijke retributies,
BOEK VII,Overtredingen en straffen,
HOOFDSTUK I,Strafbare handelingen,
HOOFDSTUK Ibis,De handelingen en werken die in overeenstemming zijn geacht te zijn met het recht van ruimtelijke ordening en stedenbouw,
HOOFDSTUK II,Overtreders,
HOOFDSTUK III,Vaststelling van de overtredingen,
Afdeling 1,Vaststellende beambten,
Afdeling 2,Voorafgaande waarschuwing en het in overeenstemming brengen,
Afdeling 3,Proces-verbaal,
Afdeling 4,Zending van het proces-verbaal van vaststelling,
Afdeling 5,Toegang,
Afdeling 6.DUITSTALIGE_GEMEENSCHAP,Rechtsgevolgen,
HOOFDSTUK IV,Bevel tot onderbreking van de werken,
Afdeling 1,Mondeling bevel tot onderbreking,
Afdeling 2,Schriftelijke bevestiging,
Afdeling 3,Verzoeken tot opheffen van het bevel,
Afdeling 4,Aanvullende maatregelen,
HOOFDSTUK V,Vervolging voor de correctionele rechtbank,
HOOFDSTUK VI,Vergelijk en teruggavemaatregelen,
HOOFDSTUK VI. DUITSTALIGE_GEMEENSCHAP,Buitengerechtelijke maatregelen na het opstellen van een proces-verbaal,
Afdeling 1,Afwezigheid van vervolgingen,
Afdeling 2,Overleg,
Afdeling 3,Vergelijk en regularisatie,
Afdeling 3. DUITSTALIGE_GEMEENSCHAP,Regularisatieonderzoek en vergelijk,
Onderafdeling 1,Vergelijk,
Onderafdeling 1. DUITSTALIGE_GEMEENSCHAP,,
Afdeling 4_DUITSTALIGE_GEMEENSCHAP,Administratieve maatregelen,
Onderafdeling 2,Regularisatievergunning ten gevolge van een proces-verbaal tot vaststelling,
Onderafdeling 2. DUITSTALIGE_GEMEENSCHAP,,
Afdeling 5. DUITSTALIGE_GEMEENSCHAP,Compenserende maatregelen,
Afdeling 4,Teruggavemaatregelen,
Afdeling 6. DUITSTALIGE_GEMEENSCHAP,Administratieve geldboetes,
HOOFDSTUK VII,Vervolging voor de burgerlijke rechtbank,
HOOFDSTUK VIII,Rechten van de derden en diverse bepalingen,
HOOFDSTUK IX,Overgangsrecht,
BOEK VIII,Inspraak en evaluatie van de gevolgen van de plannen en programma's,
TITEL I,Inspraak,
HOOFDSTUK I,Algemene bepalingen,
Afdeling 1,"Indeling van de plannen, omtrekken, ontwikkelingsplannen, leidraden, vergunningen en stedenbouwkundige attesten nr. 2",
Afdeling 2,Algemene principes van de inspraak,
HOOFDSTUK II,Voorafgaandelijke informatievergadering,
HOOFDSTUK III,Aankondiging van een project,
HOOFDSTUK IV,Openbaar onderzoek,
Afdeling 1,Maatregelen inzake de algemene aankondiging van het openbaar onderzoek,
Afdeling 2,Informatievergadering over het ruimtelijk ontwikkelingsplan,
Afdeling 3,Maatregelen inzake de individuele aankondiging van het openbaar onderzoek,
Afdeling 4,Bijkomende bekendmaking,
Afdeling 5,Duur van het openbaar onderzoek,
Afdeling 6,Modaliteiten van de toegang tot de informatie in het kader van het openbaar onderzoek,
Afdeling 7,Vervangingsbevoegdheid,
HOOFDSTUK V,Bekendmaking betreffende de beslissing,
HOOFDSTUK VI.DUITSTALIGE_GEMEENSCHAP,INFORMATIEVERGADERING VIA VIDEOPRESENTATIE,
TITEL II,Beoordeling van de gevolgen van de plannen en ontwikkelingsplannen,
HOOFDSTUK I,Doelstellingen,
HOOFDSTUK II,Systeem voor de beoordeling van de milieueffecten van de plannen en ontwikkelingsplannen,
