title,name,section
BOEK 1,"De preventie, de vaststelling en de vervolging van de inbreuken en hun bestraffing in het algemeen",
TITEL 1,Beleid inzake preventie en toezicht,
HOOFDSTUK 1,Algemene bepalingen,
HOOFDSTUK 2,De Sociale Inlichtingen- en Opsporingsdienst,
HOOFDSTUK 3,De arrondissementscel,
HOOFDSTUK 4,De overlegplatformen voor de bestrijding van sociale fraude,
TITEL 2,De uitoefening van het toezicht en de hoedanigheid van officier van gerechtelijke politie,
HOOFDSTUK 1,Algemeen,
HOOFDSTUK 2,Bevoegdheden van de sociaal inspecteurs en de hoedanigheid van officier van gerechtelijke politie,
Afdeling 1,Algemeen,
Afdeling 2,Bevoegdheden van de sociaal inspecteurs,
Afdeling 2/1,Bijzondere bevoegdheden van de sociaal inspecteurs op het vlak van de vaststellingen inzake discriminatie,
Afdeling 3,De bevoegdheden van de sociaal inspecteurs op het vlak van gezondheid en veiligheid van de werknemers in het bijzonder,
Afdeling 3/1,Bijzondere bevoegdheid van de sociaal inspecteurs op het vlak van de betaling van het loon door de werkgever,
Afdeling 3/2,Bijzondere bevoegdheid van de sociaal inspecteurs op het vlak van de tewerkstelling van een illegaal verblijvende onderdaan van een derde land in België,
Afdeling 3/3,Bijzondere bevoegdheid van de sociaal inspecteurs op het vlak van de bijzondere hoofdelijke aansprakelijkheid van de rechtstreekse contractant in geval van activiteiten in de bouwsector,
Afdeling 4,Hoedanigheid van officier van gerechtelijke politie,
HOOFDSTUK 3,Beroep tegen de door de sociaal inspecteurs genomen maatregelen,
HOOFDSTUK 4,Overlegging en mededeling van de gegevens,
HOOFDSTUK 5,Plichten van de sociaal inspecteurs,
TITEL 3,Processen-verbaal,
HOOFDSTUK 1,Processen-verbaal van verhoor,
HOOFDSTUK 2,Processen-verbaal tot vaststelling van een inbreuk,
TITEL 4,Vervolging van de inbreuken,
HOOFDSTUK 1,De verschillende regels voor de vervolging van de inbreuken,
HOOFDSTUK 2,Het openbaar ministerie,
HOOFDSTUK 3,Administratieve vervolging,
Afdeling 1,Algemeen,
Afdeling 2,Bevoegdheden van de bevoegde administratie,
Afdeling 3,Verweermiddelen,
Afdeling 4,Beslissing tot oplegging van een administratieve geldboete,
Afdeling 5,Beroep,
Afdeling 6,Betaling van de administratieve geldboete,
Afdeling 7,Bijzondere bepalingen inzake de grensoverschrijdende handhaving van administratieve financiële sancties en geldboeten,
TITEL 5,Bijzondere bepalingen,
HOOFDSTUK I,Mededelingen van de beslissingen en inlichtingen,
HOOFDSTUK 2,Adviesraad van het sociaal strafrecht,
HOOFDSTUK 3,Jaarverslag,
HOOFDSTUK 4,Burgerlijke partijstelling,
HOOFDSTUK 5,Regeling van bepaalde aspecten van de elektronische informatie-uitwisseling tussen de actoren van de strijd tegen de illegale arbeid en de sociale fraude,
Afdeling 1,Algemeen,
Afdeling 2,Het epv,
Afdeling 3,De in artikel 65 bedoelde processen-verbaal van de politie tot vaststelling van een inbreuk,
,"Overmaking van de gestructureerde gegevens inzake de in artikel 65 bedoelde processen-verbaal van de politie tot vaststelling van een inbreuk Samen met het desbetreffende eBericht bezorgt het openbaar ministerie, voor zover het hierover beschikt, volgende gestructureerde gegevens inzake de in artikel 65 bedoelde processen-verbaal van de politie tot vaststelling van een inbreuk aan de bevoegde administratie zodat deze kunnen opgeladen worden in de Ginaa-databank: 1° de in artikel 100/12/1, 2°, bedoelde gegevens wat betreft de in artikel 65 bedoelde processen-verbaal van de politie tot vaststelling van een inbreuk; 2° de aanduiding of het gaat om een initieel of een navolgend proces-verbaal en, indien het gaat om een navolgend proces-verbaal, het nummer en de datum van het initieel proces-verbaal waarvan het de opvolging betreft; 3° de taal waarin het proces-verbaal is opgesteld",
Afdeling 4,De Ginaa-databank,
Afdeling 5,Het eDossier-platform,
Afdeling 6,"Gemeenschappelijke bepalingen inzake toegang tot de databank epv, de Ginaa-databank en het eDossier-platform",
HOOFDSTUK 5/1,Bepalingen betreffende de bescherming van natuurlijke personen in verband met de verwerking van persoonsgegevens in het sociaal strafrecht,
Afdeling 1,Het recht op informatie bij de verzameling van persoonsgegevens en op mededeling van persoonsgegevens,
Afdeling 2,Het recht op inzage van persoonsgegevens,
Afdeling 3,Het recht op rectificatie,
Afdeling 4,Het recht op beperking van de verwerking,
TITEL 6,Bestraffing van de inbreuken in het algemeen,
HOOFDSTUK 1,Algemeen,
HOOFDSTUK 2,Bijzondere strafsancties,
HOOFDSTUK 3,De op de strafrechtelijke sancties toepasselijke regels,
HOOFDSTUK 4,De op de administratieve geldboeten toepasselijke regels,
BOEK 2,De inbreuken en hun bestraffing in het bijzonder,
HOOFDSTUK 1,Inbreuken tegen de persoon van de werknemer,
Afdeling 1,De persoonlijke levenssfeer van de werknemer,
Afdeling 2,"De preventie van psychosociale risico's op het werk, waaronder stress, geweld, pesterijen of ongewenst seksueel gedrag op het werk, gezondheid en veiligheid op het werk en welzijn van de werknemers bij de uitvoering van hun werk",
Afdeling 3,Gezondheid en veiligheid op het werk,
Afdeling 3/1,Andere inbreuken betreffende het welzijn van de werknemers,
Afdeling 3/2,Intern meldkanaal voor melders,
Afdeling 4,Voor de toegang tot de arbeid vereiste leeftijd,
Afdeling 5,Registratieplicht op de arbeidsplaatsen,
HOOFDSTUK 2,De inbreuken met betrekking tot de arbeidstijd,
Afdeling 1,Arbeids- en de rusttijden,
Afdeling 2,"Moederschapsrust en omgezet moederschapsverlof, geboorteverlof, afwezigheid van het werk met het oog op het verstrekken van pleegzorgen, zorgverlof, verhindering van het recht op tijdskrediet en loopbaanonderbreking, verstrekking van onjuiste gegevens inzake het tijdskrediet en de loopbaanonderbreking",
Afdeling 3,Deeltijdse arbeid,
Afdeling 3/1,Flexi-jobwerknemers,
Afdeling 4,Nachtarbeid,
Afdeling 5,Bouwsector,
Afdeling 6,Kennisgevingen aan de arbeidsinspectie,
Afdeling 7,Brugpensioen,
Afdeling 8,"De arbeidstijd van de geneesheren, tandartsen, dierenartsen, kandidaat-geneesheren in opleiding, kandidaat-tandartsen in opleiding en studenten-stagiairs die zich voorbereiden op de uitoefening van deze beroepen",
Afdeling 9,De arbeidstijd en rusttijden van de zeevissers,
HOOFDSTUK 3,Inbreuken in verband met andere arbeidsvoorwaarden,
Afdeling 1,Controlegeneeskunde,
Afdeling 2,Loon en andere vermogensrechtelijke voordelen,
Afdeling 2/1,De kosteloze verplichte opleidingen,
Afdeling 3,Overmaken door de werkgever van documenten die de werknemers toelaten hun recht te doen gelden op de vergoedingen in geval van sluiting van ondernemingen,
Afdeling 4,"Educatief verlof Afdeling 4. - (VLAAMS GEWEST) <Opgeheven bij DVR 2015-04-24/05, art. 42, 014; Inwerkingtreding : 01-05-2015>",
Afdeling 5,Regels inzake tuchtstraffen,
Afdeling 6,Meerdere banen,
Afdeling 7,Een andere vorm van werk,
HOOFDSTUK 4,Illegale arbeid,
Afdeling 1,Buitenlandse arbeidskrachten,
Afdeling 2,Uitzendarbeid,
Afdeling 3,Terbeschikkingstelling,
Afdeling 3/1,"De dienstencheques Afdeling 3/1. (VLAAMS GEWEST) <Opgeheven bij DVR 2015-04-24/05, art. 43, 014; Inwerkingtreding : 01-05-2015>",
Afdeling 4,Bijzondere activiteitensectoren,
HOOFDSTUK 4/1.,Distributie van pakketten door een aanbieder van postdiensten,
,"Niet-naleving van verplichtingen inzake pakketdistributietijd Met een sanctie van niveau 2 wordt bestraft de aanbieder van postdiensten, zijn aangestelde of zijn lasthebber die, in strijd met de wet van 26 januari 2018 betreffende de postdiensten, de verplichtingen inzake de pakketdistributietijdregistratie, bedoeld in de artikelen 5/3 en 5/4, van deze wet niet naleeft. Wat de in het eerste lid bedoelde inbreuken betreft, wordt de boete vermenigvuldigd met het aantal pakketbezorgers voor wie er geen pakketdistributietijdregistratie bestaat",
HOOFDSTUK 5,Niet-aangegeven arbeid,
Afdeling 1,Niet-aangifte van een werknemer aan de overheid,
Afdeling 1/1,Niet-aangegeven arbeid in hoofde van de werknemer,
Afdeling 2,Het niet aangaan van een arbeidsongevallenverzekering,
HOOFDSTUK 5/1,De mededeling van de aanwijzing van een verbindingspersoon in geval van detachering van werknemers in België,
HOOFDSTUK 5/2,Bijzondere verplichtingen in de sector van het wegvervoer,
HOOFDSTUK 6,Inbreuken betreffende sociale documenten of documenten van sociale aard,
Afdeling 1,Register van de uitzendkrachten,
Afdeling 2,"De overeenkomst voor tewerkstelling van studenten, de overeenkomst voor tewerkstelling van huisarbeiders, de beroepsinlevingsovereenkomst, de overeenkomst voor het mobiliteitsbudget met toepassing van de wet van 17 maart 2019 betreffende de invoering van een mobiliteitsbudget, de arbeidsovereenkomst voor uitvoering van tijdelijke arbeid, het verzoek en de overeenkomst die vereist zijn voor de toepassing van de arbeidsregeling bedoeld in artikel 20bis/1 van de arbeidswet van 16 maart 1971 en het verzoek en de overeenkomst(en) die vereist zijn voor de toepassing van de arbeidsregeling bedoeld in artikel 20quater van de voormelde wet van 16 maart 1971",
Afdeling 3,Individuele rekening,
Afdeling 4,"Algemeen personeelsregister, speciaal personeelsregister, aanwezigheidsregister en register voor werktijdregeling",
Afdeling 5,Het gelegenheidsformulier,
Afdeling 6,Andere documenten van sociale aard opgevraagd in geval van detachering van werknemers,
Afdeling 6/1,De arbeidsovereenkomst wegens scheepsdienst voor de zeevisserij en het algemeen stamboek der zeevissers,
Afdeling 6/2,De informatie over de arbeidsrelatie,
HOOFDSTUK 7,De inbreuken betreffende de collectieve arbeidsbetrekkingen,
Afdeling 1,Collectieve arbeidsovereenkomsten,
Afdeling 2,Niet-oprichting van ondernemingsorganen,
Afdeling 3,Belemmering van de werking van de ondernemingsorganen,
Afdeling 4,Overtredingen van de verplichting inzake voorlichting en raadpleging van de werknemers,
Afdeling 5,Kennisgevingen in geval van collectief ontslag of sluiting van onderneming,
Afdeling 6,Arbeidsreglement,
Afdeling 7,Sociale balans,
Afdeling 8,Prestaties van algemeen belang,
HOOFDSTUK 8,Inbreuken met betrekking tot het toezicht,
HOOFDSTUK 9,Inbreuken betreffende de sociale zekerheid,
Afdeling 1,Aantasting van de vertrouwelijkheid van de gegevens,
Afdeling 2,Arbeidsongevallenverzekering,
Afdeling 3,Benaming van het Fonds voor bestaanszekerheid en van het erkend sociaal secretariaat,
Afdeling 4,Financiering van de sociale zekerheid,
Afdeling 5,Bedrieglijke onderwerping,
Afdeling 6,Betrekkingen tussen de verschillende instellingen voor sociale zekerheid,
Afdeling 7,Verzending van documenten door de werkgevers aan de instellingen,
Afdeling 8,Afgifte aan de werknemer van de documenten inzake geneeskundige verzorging en uitkeringen,
Afdeling 9,Verplichtingen van de beoefenaars van de geneeskunst,
Afdeling 10,Werkloosheidscontrole,
Afdeling 11,De sociale identiteitskaart,
Afdeling 12,Tewerkstelling van een werkloze of van een persoon die een uitkeringsverzekering geniet,
HOOFDSTUK 10,"De inbreuken van valsheid, van het gebruik van valse stukken, van onjuiste of onvolledige verklaringen en van oplichting in het sociaal strafrecht",
HOOFDSTUK 11,Gemeenschappelijke bepalingen van de voorgaande hoofdstukken,
HOOFDSTUK 12,De verplichtingen opgelegd in het raam van de maatregelen tijdens een epidemische noodsituatie,
HOOFDSTUK 12.,Verbetering van de binnenluchtkwaliteit in gesloten arbeidsplaatsen die publiek toegankelijk zijn,
