title,name,section
BOEK 1,DE MISDRIJVEN EN DE BESTRAFFING IN HET ALGEMEEN,
HOOFDSTUK I,MISDRIJVEN,
HOOFDSTUK II,STRAFFEN,
AFDELING I,VERSCHILLENDE SOORTEN VAN STRAFFEN,
AFDELING II,CRIMINELE STRAFFEN,
AFDELING III,CORRECTIONELE GEVANGENISSTRAF,
AFDELING IV,POLITIEGEVANGENISSTRAF,
(BEPALINGEN AAN DE AFDELINGEN II; III EN IV GEMEEN),,
AFDELING V,STRAFFEN AAN MISDADEN EN WANBEDRIJVEN GEMEEN,
Onderafdeling I,"(Straffen aan misdaden en wanbedrijven gemeen, toepasselijk op natuurlijke personen)",
Onderafdeling Ibis,De terbeschikkingstelling van de strafuitvoeringsrechtbank,
Onderafdeling II,"(Staffen aan misdaden en wanbedrijven gemeen, toepasselijk op rechtspersonen)",
AFDELING Vbis,( oude afdeling Vter hernummerd tot nieuwe afdeling Vbis) - De straf onder elektronisch toezicht,
AFDELING Vter,( de oude afdeling Vbis vernummerd tot een nieuwe afdeling Vter) DE WERKSTRAF,
AFDELING Vquater,De autonome probatiestraf,
AFDELING VI,STRAFFEN AAN DE DRIE SOORTEN VAN MISDRIJVEN GEMEEN,
Onderafdeling I,(De geldboete op natuurlijke personen toepasselijk),
Onderafdeling II,(De geldboete op rechtspersonen toepasselijk),
Onderafdeling III,(Bijzondere verbeurdverklaring),
HOOFDSTUK III,"ANDERE VEROORDELINGEN DIE WEGENS MISDADEN, WANBEDRIJVEN OF OVERTREDINGEN KUNNEN WORDEN UITGESPROKEN",
HOOFDSTUK IV,POGING TOT MISDAAD OF TOT WANBEDRIJF,
HOOFDSTUK V,HERHALING,
HOOFDSTUK VI,SAMENLOOP VAN VERSCHEIDENE MISDRIJVEN,
HOOFDSTUK VII,DEELNEMING VAN VERSCHEIDENE PERSONEN AAN EENZELFDE MISDAAD OF WANBEDRIJF,
HOOFDSTUK VIII,RECHTVAARDIGINGS- EN VERSCHONINGSGRONDEN,
HOOFDSTUK IX,"Verzwarende omstandigheden, verzwarende factoren en verzachtende omstandigheden",
HOOFDSTUK X,TENIETGAAN VAN DE STRAFFEN,
HOOFDSTUK XI,Wijze waarop rekening wordt gehouden met de in andere staten door strafgerechten uitgesproken veroordelingen,
BOEK 2,DE MISDRIJVEN EN HUN BESTRAFFING IN HET BIJZONDER,
TITEL I,MISDADEN EN WANBEDRIJVEN TEGEN DE VEILIGHEID VAN DE STAAT,
HOOFDSTUK I,"AANSLAG OP EN SAMENSPANNING TEGEN DE KONING, DE KONINKLIJKE FAMILIE EN DE REGERINGSVORM",
HOOFDSTUK II,MISDADEN EN WANBEDRIJVEN TEGEN DE UITWENDIGE VEILIGHEID VAN DE STAAT,
HOOFDSTUK III,MISDADEN TEGEN DE INWENDIGE VEILIGHEID VAN DE STAAT,
ALGEMENE BEPALING BETREFFENDE DEZE TITEL,,
TITEL Ibis,Ernstige schendingen van het internationaal humanitair recht,
TITEL Iter,TERRORISTISCHE MISDRIJVEN,
TITEL II,MISDADEN EN WANBEDRIJVEN DIE DOOR DE GRONDWET GEWAARBORGDE RECHTEN SCHENDEN,
HOOFDSTUK I,WANBEDRIJVEN BETREFFENDE DE VRIJE UITOEFENING VAN DE EREDIENSTEN,
HOOFDSTUK II,SCHENDING DOOR OPENBARE AMBTENAREN VAN RECHTEN DOOR DE GRONDWET GEWAARBORGD,
TITEL III,MISDADEN EN WANBEDRIJVEN TEGEN DE OPENBARE TROUW,
HOOFDSTUK I,VALSE MUNT,
HOOFDSTUK II,"NAMAKING OF VERVALSING VAN OPENBARE EFFECTEN, AANDELEN, SCHULDBRIEVEN, RENTEBEWIJZEN EN BIJ DE WET TOEGELATEN BANKBILJETTEN",
HOOFDSTUK IIbis,BESCHERMING VAN DE GELDTEKENS DIE WETTIG BETAALMIDDEL ZIJN,
HOOFDSTUK IIter,NAMAKING OF VERVALSING VAN NIET-CONTANTE BETAALINSTRUMENTEN,
HOOFDSTUK III,"NAMAKING OF VERVALSING VAN ZEGELS, STEMPELS, MERKEN, ENZ",
HOOFDSTUK IV,"VALSHEID IN GESCHRIFTEN, IN INFORMATICA EN IN TELEGRAMMEN",
AFDELING I,"VALSHEID IN AUTHENTIEKE EN OPENBARE GESCHRIFTEN, IN HANDELS- OF BANKGESCHRIFTEN EN IN PRIVATE GESCHRIFTEN",
AFDELING II,"VALSHEID IN REISPASSEN, MACHTIGINGEN OM WAPENS TE DRAGEN, ARBEIDSBOEKJES, REISORDERS EN GETUIGSCHRIFTEN",
AFDELING IIbis,Valsheid in informatica,
AFDELING III,VALSHEID IN TELEGRAMMEN,
HOOFDSTUK V,VALS GETUIGENIS EN MEINEED,
HOOFDSTUK VI,"AANMATIGING VAN AMBTEN, VAN TITELS OF VAN EEN NAAM",
TITEL IV,"(MISDADEN EN WANBEDRIJVEN TEGEN DE OPENBARE ORDE, GEPLEEGD DOOR PERSONEN DIE EEN OPENBAAR AMBT UITOEFENEN OF DOOR BEDIENAREN DER EREDIENSTEN IN DE UITOEFENING VAN HUN BEDIENING.)",
HOOFDSTUK I,SAMENSPANNING VAN AMBTENAREN,
HOOFDSTUK II,AANMATIGING VAN MACHT DOOR ADMINISTRATIEVE EN RECHTERLIJKE OVERHEDEN,
HOOFDSTUK III,"(VERDUISTERING, KNEVELARIJ EN BELANGENNEMING GEPLEEGD DOOR PERSONEN DIE EEN OPENBAAR AMBT UITOEFENEN)",
HOOFDSTUK IV,(OMKOPING VAN PERSONEN DIE EEN OPENBAAR AMBT UITOEFENEN),
HOOFDSTUK V,MISBRUIK VAN GEZAG,
HOOFDSTUK Vbis,"Onderscheppen, kennisnemen en opnemen van niet voor het publiek toegankelijke communicatie en gegevens van een informaticasysteem",
BEPALING AAN DE VORIGE HOOFDSTUKKEN GEMEEN,,
HOOFDSTUK VI,ONWETTIG VERVROEGDE OF VERLENGDE UITOEFENING VAN HET OPENBAAR GEZAG,
HOOFDSTUK VII,ENIGE WANBEDRIJVEN BETREFFENDE HET HOUDEN VAN DE AKTEN VAN DE BURGERLIJKE STAND,
HOOFDSTUK VIII,MISDRIJVEN VOOR DE BEDIENAREN DER EREDIENSTEN IN DE UITOEFENING VAN HUN BEDIENING GEPLEEGD,
TITEL V,MISDADEN EN WANBEDRIJVEN TEGEN DE OPENBARE ORDE DOOR BIJZONDERE PERSONEN GEPLEEGD,
HOOFDSTUK I,WEERSPANNIGHEID,
HOOFDSTUK II,"Smaad, doodslag, geweld, foltering en onmenselijke behandeling ten aanzien van ministers, leden van de wetgevende kamers, dragers van het openbaar gezag of van de openbare macht",
HOOFDSTUK III,ZEGELVERBREKING,
HOOFDSTUK IV,BELEMMERING VAN DE UITVOERING VAN OPENBARE WERKEN,
HOOFDSTUK V,MISDADEN EN WANBEDRIJVEN VAN LEVERANCIERS,
HOOFDSTUK VI,UITGEVEN OF VERSPREIDEN VAN GESCHRIFTEN ZONDER VERMELDING VAN NAAM EN WOONPLAATS VAN DE SCHRIJVER OF VAN DE DRUKKER,
HOOFDSTUK VII,"OVERTREDING VAN DE WETTEN EN VERORDENINGEN OP LOTERIJEN, SPEELHUIZEN EN PANDHUIZEN",
HOOFDSTUK VIII,"MISDRIJVEN BETREFFENDE NIJVERHEID, KOOPHANDEL EN OPENBARE VEILINGEN",
HOOFDSTUK VIIIbis,Misdrijven betreffende het geheim van niet voor het publiek toegankelijke communicatie en gegevens van een informaticasysteem,
HOOFDSTUK IX,ENIGE ANDERE MISDRIJVEN TEGEN DE OPENBARE ORDE,
AFDELING I,OVERTREDING VAN DE BEGRAFENISWETTEN,
AFDELING II,(BELEMMERING VAN DE UITOEFENING VAN DE RECHTSPREKENDE FUNCTIE),
AFDELING III,MISDRIJVEN BETREFFENDE VEEZIEKTEN,
TITEL VI,MISDADEN EN WANBEDRIJVEN TEGEN DE OPENBARE VEILIGHEID,
HOOFDSTUK I,(VERENIGING MET HET OOGMERK OM EEN AANSLAG TE PLEGEN OP PERSONEN OF OP EIGENDOMMEN EN CRIMINELE ORGANISATIE),
HOOFDSTUK II,(BEDREIGINGEN MET EEN AANSLAG OP PERSONEN OF OP EIGENDOMMEN EN VALSE INLICHTINGEN BETREFFENDE ERNSTIGE AANSLAGEN),
HOOFDSTUK III,"Ontvluchting van gevangenen en overgooien van voorwerpen over de muren of afsluitingen van een gevangenis, een afdeling of een inrichting tot bescherming van de maatschappij",
HOOFDSTUK IV,BANBREUK EN ENIGE GEVALLEN VAN VERBERGING,
HOOFDSTUK V,WANBEDRIJVEN TEGEN DE OPENBARE VEILIGHEID GEPLEEGD DOOR LANDLOPERS OF DOOR BEDELAARS,
TITEL VIBIS,(MISDADEN MET BETREKKING TOT HET NEMEN VAN GIJZELAARS),
TITEL VII,MISDADEN EN WANBEDRIJVEN TEGEN DE ORDE VAN DE FAMILIE,
HOOFDSTUK I,VRUCHTAFDRIJVING,
HOOFDSTUK III,MISDADEN EN WANBEDRIJVEN STREKKENDE TOT HET VERHINDEREN OF VERNIETIGEN VAN HET BEWIJS VAN DE BURGERLIJKE STAAT VAN KINDEREN,
HOOFDSTUK V,"Voyeurisme, niet-consensuele verspreiding van seksueel getinte beelden en opnames, aanranding van de eerbaarheid en verkrachting",
HOOFDSTUK VI,(BEDERF VAN DE JEUGD EN PROSTITUTIE),
HOOFDSTUK VII,OPENBARE SCHENNIS VAN DE GOEDE ZEDEN,
HOOFDSTUK VIII,(DUBBEL HUWELIJK.),
HOOFDSTUK IX,VERLATING VAN FAMILIE,
HOOFDSTUK X,Misdrijven en wanbedrijven inzake adoptie,
HOOFDSTUK XI,Gedwongen huwelijk en gedwongen wettelijke samenwoning,
TITEL VIII,MISDADEN EN WANBEDRIJVEN TEGEN PERSONEN,
HOOFDSTUK I,"(OPZETTELIJK DODEN, OPZETTELIJK TOEBRENGEN VAN LICHAMELIJK LETSEL, FOLTERING, ONMENSELIJKE BEHANDELING EN ONTERENDE BEHANDELING.)",
AFDELING I,DOODSLAG EN VERSCHILLENDE SOORTEN VAN DOODSLAG,
AFDELING II,"OPZETTELIJK DODEN, NIET DOODSLAG GENOEMD, EN OPZETTELIJK TOEBRENGEN VAN LICHAMELIJK LETSEL",
AFDELING III,"VERSCHOONBARE DOODSLAG, VERSCHOONBARE VERWONDINGEN EN VERSCHOONBARE SLAGEN",
AFDELING IV,"GERECHTVAARDIGDE DOODSLAG, GERECHTVAARDIGDE VERWONDINGEN EN GERECHTVAARDIGDE SLAGEN",
Afdeling V,"Foltering, onmenselijke behandeling en onterende behandeling",
HOOFDSTUK I/1,"MISDRIJVEN TEGEN DE SEKSUELE INTEGRITEIT, HET SEKSUELE ZELFBESCHIKKINGSRECHT EN DE GOEDE ZEDEN",
Afdeling 1,"Aantasting van de seksuele integriteit, voyeurisme, niet-consensuele verspreiding van seksueel getinte inhoud en verkrachting",
Onderafdeling 1,Toestemming met betrekking tot het seksueel zelfbeschikkingsrecht,
Onderafdeling 2,Basismisdrijven,
Onderafdeling 3,Verzwaarde misdrijven,
Onderafdeling 4,Algemene bepaling,
Afdeling 2,Seksuele uitbuiting van minderjarigen,
Onderafdeling 1,Benaderen van een minderjarige voor seksuele doeleinden,
Onderafdeling 2,Seksuele uitbuiting van minderjarigen met het oog op prostitutie,
Onderafdeling 3,Beelden van seksueel misbruik van minderjarigen,
Onderafdeling 4,Algemene bepaling,
Afdeling 3,Openbare zedenschennis,
Afdeling 4,Gemeenschappelijke bepalingen,
HOOFDSTUK II,ONOPZETTELIJK DODEN EN ONOPZETTELIJK TOEBRENGEN VAN LICHAMELIJK LETSEL,
HOOFDSTUK III,"(Aantasting van de persoon van minderjarigen, van kwetsbare personen en van het gezin.)",
Afdeling I,Verlaten of in behoeftige toestand achterlaten van kinderen of kwetsbare personen,
Afdeling II,Onthouden van voedsel of verzorging aan minderjarigen en aan kwetsbare personen,
Afdeling III,Bepaling aan de afdelingen I en II gemeen,
Afdeling IV,Ontvoering en verberging van minderjarigen en van kwetsbare personen,
Afdeling V,Niet-afgeven van kinderen,
Afdeling VI,Gebruik van minderjarigen en van kwetsbare personen met het oog op het plegen van een misdaad of een wanbedrijf,
Afdeling VII,Aantasting van de persoonlijke levenssfeer van minderjarigen,
Afdeling VIII,Lokken van minderjarigen via informatie- en communicatietechnologieën met het oog op het plegen van een misdaad of een wanbedrijf,
HOOFDSTUK IIIbis,"Exploitatie van bedelarij Artikel 433ter. Met gevangenisstraf van zes maanden tot drie jaar en met geldboete van vijfhonderd euro tot vijfentwintigduizend euro wordt gestraft : 1° hij die een persoon aanwerft, meeneemt, wegbrengt, bij zich houdt teneinde hem over te leveren aan de bedelarij, hem ertoe aanzet te bedelen of door te gaan met bedelen, of hem ter beschikking van een bedelaar stelt opdat deze laatste zich van hem bedient om het openbaar medelijden op te wekken; 2° hij die, op welke manier ook, eens anders bedelarij exploiteert. Poging tot de in het eerste lid bedoelde misdrijven wordt gestraft met een gevangenisstraf van een maand tot twee jaar en met een geldboete van honderd euro tot tweeduizend euro. De boete wordt zo veel keer toegepast als er slachtoffers zijn",
HOOFDSTUK IIIbis/1,Misbruik van prostitutie,
HOOFDSTUK IIIter,Mensenhandel,
HOOFDSTUK IIIter/1,Handel in menselijke organen,
HOOFDSTUK IIIquater,"Misbruik van andermans kwetsbare toestand door de verkoop, verhuur of terbeschikkingstelling van goederen met de bedoeling een abnormaal profijt te realiseren",
HOOFDSTUK IV,"AANSLAG OP DE PERSOONLIJKE VRIJHEID EN OP DE ONSCHENDBAARHEID VAN DE WONING, GEPLEEGD DOOR BIJZONDERE PERSONEN",
HOOFDSTUK IVbis,(ingevoegd bij ) BELAGING,
HOOFDSTUK IVter,Misbruik van de zwakke toestand van personen,
HOOFDSTUK IVquater,CONVERSIEPRAKTIJKEN,
HOOFDSTUK V,AANRANDING VAN DE EER OF DE GOEDE NAAM VAN PERSONEN,
HOOFDSTUK VI,ENIGE ANDERE WANBEDRIJVEN TEGEN PERSONEN,
TITEL IX,MISDADEN EN WANBEDRIJVEN TEGEN EIGENDOMMEN,
HOOFDSTUK I,DIEFSTAL EN AFPERSING,
AFDELING I,DIEFSTAL ZONDER GEWELD OF BEDREIGING,
AFDELING II,DIEFSTAL DOOR MIDDEL VAN GEWELD OF BEDREIGING GEPLEEGD EN AFPERSING,
AFDELING IIbis,(DIEFSTAL EN AFPERSING VAN KERNMATERIAAL),
AFDELING III,(BETEKENIS VAN SOMMIGE IN DIT WETBOEK VOORKOMENDE UITDRUKKINGEN),
HOOFDSTUK Ibis,Externe beveiliging van kernmateriaal en ander radioactief materiaal,
HOOFDSTUK II,BEDROG,
AFDELING I,Misdrijven die verband houden met insolventie,
AFDELING II,MISBRUIK VAN VERTROUWEN,
AFDELING III,OPLICHTING EN BEDRIEGERIJ,
AFDELING IIIBIS,,
AFDELING IIIter,Verborgen ruimten,
AFDELING IIIbis,Informaticabedrog,
AFDELING IV,(Heling en andere verrichtingen met betrekking tot zaken die uit een misdrijf voortkomen.),
AFDELING V,ENIGE ANDERE SOORTEN VAN BEDROG,
HOOFDSTUK III,"VERNIELING, BESCHADIGING, AANRICHTING VAN SCHADE",
AFDELING I,BRANDSTICHTING,
AFDELING II,"VERNIELING VAN BOUWWERKEN, STOOMMACHINES EN TELEGRAAFTOESTELLEN",
AFDELING III,"VERNIELING OF BESCHADIGING VAN GRAVEN, MONUMENTEN, KUNSTVOORWERPEN, TITELS, BESCHEIDEN OF ANDERE PAPIEREN",
AFDELING IV,"VERNIELING OF BESCHADIGING VAN EETWAREN, KOOPWAREN OF ANDERE ROERENDE EIGENDOMMEN",
Afdeling IVbis,Graffiti en beschadiging van onroerende eigendommen,
AFDELING V,"VERNIELING EN VERWOESTING VAN VELDVRUCHTEN, PLANTEN, BOMEN, ENTEN, GRANEN EN VOEDER, VERNIELING VAN LANDBOUWGEREEDSCHAPPEN",
AFDELING VI,OMBRENGEN VAN DIEREN,
AFDELING VII,BEPALINGEN AAN DE VORIGE AFDELINGEN GEMEEN,
AFDELING VIII,"VERNIELING VAN AFSLUITINGEN, VERPLAATSING OF VERWIJDERING VAN GRENSPALEN EN HOEKBOMEN",
AFDELING VIIIbis,Binnendringen in havengebieden,
AFDELING IX,VERNIELING EN SCHADE DOOR OVERSTROMING VEROORZAAKT,
TITEL IXbis,"Misdrijven tegen de vertrouwelijkheid, integriteit en beschikbaarheid van informaticasystemen en van de gegevens die door middel daarvan worden opgeslagen, verwerkt of overgedragen",
