title,name,section
Art.1,"Article. 1. De eigenaar van een veld moet gedogen dat er graafwerk op verricht wordt om er zoveel aarde, zand, steen en ander materiaal uit te halen als nodig is voor het aanleggen of onderhouden van wegen, vaarten, bruggen en andere werken van algemeen, provinciaal of gemeentelijk openbaar nut.","Veldwetboek, , TITEL 1, HOOFDSTUK 1, , "
Art.2,Het graafrecht mag niet worden uitgeoefend op minder dan vijftig meter afstand van woningen en daaraan palende besloten erven. Het strekt zich niet uit tot groeven of winplaatsen van materiaal die in bedrijf zijn op het tijdstip dat de werken van openbaar nut worden uitgevoerd.,"Veldwetboek, , TITEL 1, HOOFDSTUK 1, , "
Art.3,"De voor het graafwerk nodige grond mag niet in bezit worden genomen dan nadat de noodzaak daarvan is vastgesteld en vergunning daartoe is verleend door het openbaar bestuur dat belast is met de uitvoering van of het toezicht op het werk ten behoeve waarvan gegraven wordt. In geval van verzet van de eigenaar beslist de Koning, de bestendige deputatie van de provincieraad gehoord. Het bestuur dat graafvergunning verleent, bepaalt de borgsom die de aannemer moet storten tot dekking van de eventueel aan de eigenaar te betalen schadevergoeding.","Veldwetboek, , TITEL 1, HOOFDSTUK 1, , "
Art.4,De eigenaar van de grond wordt ten minste vijftien dagen tevoren bij deurwaardersexploot in kennis gesteld van de bezitneming. Het exploot wordt betekend op verzoek van het bestuur of van de aannemer naar gelang het werk al dan niet in eigen beheer wordt uitgevoerd. Het vermeldt in het kort het doel van de bezitneming en de ligging en uitgestrektheid van de grond.,"Veldwetboek, , TITEL 1, HOOFDSTUK 1, , "
Art.5,"Ten minste acht dagen voor de bezitneming maakt een beëdigd landmeter, op verzoek zoals hierboven bepaald, van de in bezit te nemen grond een beschrijving op. De eigenaar wordt drie dagen tevoren gedagvaard om daarbij aanwezig te zijn; hij kan alle opmerkingen of bevindingen betreffende de plaatsgesteldheid in het proces-verbaal van de beschrijving doen opnemen.","Veldwetboek, , TITEL 1, HOOFDSTUK 1, , "
Art.6,"De huurders, vruchtgebruikers en andere belanghebbenden zijn ontvankelijk om in de zaak tussen te komen, hetzij rechtstreeks, hetzij omdat de eigenaar hen erin betrekt.","Veldwetboek, , TITEL 1, HOOFDSTUK 1, , "
Art.7,"De door de bezitneming veroorzaakte schade wordt geregeld volgens het gemeen recht. Indien de grond langer dan een maand in bezit gehouden wordt, is de eigenaar gerechtigd de onteigening ervan te vorderen. In dat geval wordt de schadeloosstelling geregeld met inachtneming van de vormen (voorgeschreven bij de wetgeving op de onteigening ten algemene nutte.)","Veldwetboek, , TITEL 1, HOOFDSTUK 1, , "
Art.8,"De uitgegraven materialen mogen niet worden weggehaald dan nadat de eigenaar vergoed is voor de gehele schade door de bezitneming of de uitgraving veroorzaakt. In geval van onenigheid over de vergoeding wordt de zaak berecht door de vrederechter van het kanton waar het graafwerk verricht wordt. (Tot het bedrag vastgesteld bij de wettelijke bepalingen betreffende de algemene bevoegdheid van de vrederechters) wordt het vonnis in laatste aanleg, voor elk hoger bedrag wordt het in eerste aanleg gewezen.","Veldwetboek, , TITEL 1, HOOFDSTUK 1, , "
Art.9,"Wordt tegen het vonnis hoger beroep ingesteld, dan wordt het weghalen van de maatregelen daardoor niet opgeschort; de bij het vonnis bepaalde prijs moet echter vooraf aan de eigenaar en aan de rechthebbenden worden betaald. In geval van weigering of wettige verhindering om de prijs in ontvangst te nemen, wordt deze in de (Deposito- en Consignatiekas) gestort.","Veldwetboek, , TITEL 1, HOOFDSTUK 1, , "
Art.11,"Alleen bejaarden, gebrekkigen, vrouwen en kinderen beneden twaalf jaar mogen van zonsopgang tot zonsondergang aren lezen en naharken in de plaatsen waar zulks gebruikelijk is en slechts in niet-omheinde, op het grondgebied van hun gemeente gelegen velden waar de oogst geheel ingezameld en weggehaald is. Aren lezen mag slechts met de hand geschieden; naharken met behulp van een hark met ijzeren tanden is verboden.","Veldwetboek, , TITEL 1, HOOFDSTUK 2, , "
Art.13,"De bestendige deputatie van de provincieraad is bevoegd om, op verzoek van gemeentebesturen of van bijzondere personen, te gelasten dat klopjachten in bossen van gemeenten of van bijzondere personen worden gehouden ter verdelging van wolven en everzwijnen, overeenkomstig bij koninklijk besluit voor te schrijven regels. Het houden van deze klopjachten van overheidswege mag alleen worden gelast wanneer de eigenaars of huurders van de jacht door de bestendige deputatie aangemaand zijn om zelf klopjachten te houden en hieraan binnen de gestelde termijn geen gevolg hebben gegeven. De deputatie moet bij spoedbehandeling op de verzoeken beschikken in haar eerstvolgende vergadering en haar beslissing onverwijld ter kennis brengen van de belanghebbenden.","Veldwetboek, , TITEL 1, HOOFDSTUK 2, , "
Art. 13_WAALS_GEWEST,"<opgeheven voor het Waalse Gewest; DWG 1994-07-14/51, art. 33, Inwerkingtreding : 01-07-1995>","Veldwetboek, , TITEL 1, HOOFDSTUK 2, , "
Art. 13_VLAAMS_GEWEST,"<opgeheven bij DVR 1991-07-24/30, art. 42, 003; Inwerkingtreding : 01-07-1992>","Veldwetboek, , TITEL 1, HOOFDSTUK 2, , "
Art.14,"De eigenaar van een bijenzwerm heeft het recht er opnieuw bezit van te nemen, zolang hij niet opgehouden heeft hem te volgen of terug te vorderen. Anders behoort de zwerm toe aan de eerste bezitnemer en, bij gebreke van een eerste bezitnemer, aan hem die de eigendom of het genot heeft van de grond waarop de zwerm zich heeft neergezet.","Veldwetboek, , TITEL 1, HOOFDSTUK 2, , "
Art.15,"Iedere eigenaar die ter bevloeiing van zijn erf gebruik wil maken van natuurlijk of kunstmatig gewonnen water waarover hij het recht heeft te beschikken, kan tegen billijke en voorafgaande schadeloosstelling het recht verkrijgen om dit water over de tussengelegen erven te leiden.","Veldwetboek, , TITEL 1, HOOFDSTUK 3, , "
Art.16,"De eigenaars van de lager gelegen erven moeten het water van de aldus bevloeide gronden ontvangen, met dien verstande dat hun een vergoeding verschuldigd kan zijn.","Veldwetboek, , TITEL 1, HOOFDSTUK 3, , "
Art.17,"Dit recht om water over de tussengelegen erven te leiden kan onder dezelfde voorwaarden worden verleend aan de eigenaar van een moeras of van een geheel of gedeeltelijk overstroomde grond om het schadelijke water afloop te geven, alsmede aan de eigenaar van een vochtige grond die door middel van ondergrondse leidingen of van greppels moet worden drooggemaakt.","Veldwetboek, , TITEL 1, HOOFDSTUK 3, , "
Art.18,"Gebouwen, alsmede binnenplaatsen, tuinen, parken en besloten erven die aan een woning palen, zijn niet onderworpen aan de erfdienstbaarheid waarvan sprake is in de drie voorgaande artikelen.","Veldwetboek, , TITEL 1, HOOFDSTUK 3, , "
Art.19,"Iedere eigenaar die tot bevloeiing van zijn eigendom gebruik wil maken van het water waarover hij het recht heeft te beschikken, kan tegen billijke en voorafgaande schadeloosstelling het recht verkrijgen om de voor zijn watervang noodzakelijke kunstwerken te doen rusten op het erf van de aangelande van de andere oever. Die kunstwerken moeten derwijze worden gebouwd en onderhouden dat zij geen schade berokkenen aan de naburige erven. Gebouwen, alsmede binnenplaatsen en tuinen die aan een woning palen, zijn aan deze erfdienstbaarheid niet onderworpen.","Veldwetboek, , TITEL 1, HOOFDSTUK 3, , "
Art.20,"De aangelande van wie gevorderd wordt dat het kunstwerk op zijn erf zal rusten, kan steeds het gemeenschappelijk gebruik van de stuw verkrijgen, mits hij in de bouw- en onderhoudskosten bijdraagt naar verhouding van de oppervlakte die iedere gebruiker wil bevloeien en van de hoeveelheid water waarover hij zal beschikken. Vordert de aangelande het gemeenschappelijk gebruik eerst nadat het werk begonnen of voltooid is, dan draagt alleen hij de kosten van de veranderingen die nodig zijn om die stuw geschikt te maken voor de bevloeiing van zijn erf.","Veldwetboek, , TITEL 1, HOOFDSTUK 3, , "
Art.21,"Geschillen betreffende de vestiging van de in de vorige artikelen vermelde erfdienstbaarheden, de bepaling van de loop, de afmetingen en de vorm van de waterleiding, de bouw en het onderhoud van de kunstwerken voor de watervang, de verandering van reeds bestaande werken en de vergoeding van de eigenaar van het erf waardoor het water loopt, of dat het aflopend water ontvangt, of waarop het kunstwerk rust, worden gebracht voor de vrederechter van het kanton waar de erfdienstbaarheid gelegen is. De rechter moet het belang van het werk overeenbrengen met de eerbiediging van het eigendomsrecht. (...)","Veldwetboek, , TITEL 1, HOOFDSTUK 3, , "
Art.35bis,"§ 1. Wanneer ten minste de helft van de eigenaars of exploitanten die op het gebied van een gemeente gronden bezitten of in bedrijf hebben, er uit eigen beweging of op vraag van het college van burgemeester en schepenen om verzoeken, is de gemeenteraad gehouden binnen twaalf maanden de gedeelten van het gemeentelijk grondgebied af te bakenen, die in beginsel onderscheidenlijk voor landbouw en voor bosbouw worden bestemd. Het college moet die vraag stellen wanneer erom verzocht wordt door ten minste drie eigenaars of exploitanten die op het grondgebied van de gemeente samen ten minste tien hectaren bezitten of in bedrijf hebben. Het college draagt zorg dat de Rijkslandbouwkundig ingenieur en de Rijksingenieur van waters en bossen van het gebied worden geraadpleegd. Het afbakeningsplan wordt gedurende vijftien dagen aan eenieder ter inzage gelegd. De bezwaren en opmerkingen worden schriftelijk gemaakt, door het college in ontvangst genomen en bij het proces-verbaal gevoegd, dat wordt opgemaakt de dag na de sluiting van de terinzagelegging. De gemeenteraad is gehouden van de uitslag van de terinzagelegging kennis te nemen en, binnen een maand na de sluiting van het proces-verbaal, hetzij de bezwaren en opmerkingen af te wijzen, hetzij het met in achtneming ervan gewijzigde plan goed te keuren. Het besluit treedt in werking nadat het door de bestendige deputatie is goedgekeurd. § 2. Wanneer in de landelijke gemeenten ten zuiden van Samber en Maas en in de andere landelijke gemeenten van het land waarvan ten minste één tiende van het grondgebied bebost is, de gemeenteraad de afbakening van het gedeelte van het gemeentelijk grondgebied dat voor bosbouw bestemd wordt, niet heeft uitgevoerd binnen de bij de wet van 15 april 1965 bepaalde termijn, wordt zij ambtshalve gedaan door de arrondissementscommissaris, onder het gezag van de Minister van Landbouw. De arrondissementscommissaris wint vooraf het advies in van de Rijkslandbouwkundig ingenieur en van de Rijksingenieur van waters en bossen van het gebied. Daarna zendt hij het ontwerp van afbakening aan de burgemeester, die het gedurende vijftien dagen ter inzage legt. Na verloop van die termijn zendt de burgemeester het ontwerp terug, samen met de schriftelijke bezwaren en opmerkingen die tijdens de terinzagelegging zijn ingekomen. in geval van betwisting omtrent het landelijk karakter van een gemeente beslist de bestendige deputatie van de provincieraad. De door de arrondissementscommissaris bepaalde afbakening wordt aan de bestendige deputatie voor goedkeuring voorgelegd. § 3. Er wordt op de bij § 2 bepaalde wijze gehandeld, telkens als een gemeenteraad in gebreke blijft de voorschriften van § 1, eerste en tweede lid, van dit artikel na te komen. § 4. Indien een plan van aanleg, opgemaakt ter uitvoering van de wet van 29 maart 1962 houdende organisatie van de ruimtelijke ordening en van de stedebouw, bindende kracht heeft na het besluit tot afbakening van de onderscheidenlijk voor landbouw of voor bosbouw bestemde gedeelten, treedt het plan, voor zover het landbouw- en bosbouwzones vaststelt, volledig in de plaats van dit besluit. § 5. In de voor de landbouw bestemde gedeelten van het grondgebied is bosaanplanting verboden op minder dan zes meter van de scheidingslijn tussen twee erven; bovendien is vergunning van het college van burgemeester en schepenen vereist. Het college beslist binnen dertig dagen na de indiening van de aanvraag. Doet het dit niet binnen die termijn, dan wordt de vergunning geacht verleend te zijn. De weigering van de vergunning is met redenen omkleed; binnen een maand na de kennisgeving kan beroep worden ingesteld bij de bestendige deputatie. De bepalingen van het vorige lid zijn eveneens van toepassing op de voor bosbouw bestemde zone, langs de voor landbouw bestemde zone.","Veldwetboek, , TITEL 1, HOOFDSTUK 5, , "
Art. 35bis_VLAAMS_GEWEST,"§ 1. Wanneer ten minste de helft van de eigenaars of exploitanten die op het gebied van een gemeente gronden bezitten of in bedrijf hebben, er uit eigen beweging of op vraag van het college van burgemeester en schepenen om verzoeken, is de gemeenteraad gehouden binnen twaalf maanden de gedeelten van het gemeentelijk grondgebied af te bakenen, die in beginsel onderscheidenlijk voor landbouw en voor bosbouw worden bestemd. Het college moet die vraag stellen wanneer erom verzocht wordt door ten minste drie eigenaars of exploitanten die op het grondgebied van de gemeente samen ten minste tien hectaren bezitten of in bedrijf hebben. Het college draagt zorg dat (het daartoe aangestelde personeelslid van het Departement Landbouw en Visserij) en (het daartoe aangestelde personeelslid van het Agentschap voor Natuur en Bos) worden geraadpleegd. Het afbakeningsplan wordt gedurende vijftien dagen aan eenieder ter inzage gelegd. De bezwaren en opmerkingen worden schriftelijk gemaakt, door het college in ontvangst genomen en bij het proces-verbaal gevoegd, dat wordt opgemaakt de dag na de sluiting van de terinzagelegging. De gemeenteraad is gehouden van de uitslag van de terinzagelegging kennis te nemen en, binnen een maand na de sluiting van het proces-verbaal, hetzij de bezwaren en opmerkingen af te wijzen, hetzij het met in achtneming ervan gewijzigde plan goed te keuren. Het besluit treedt in werking nadat het door de bestendige deputatie is goedgekeurd. § 2. Wanneer in de landelijke gemeenten ten zuiden van Samber en Maas en in de andere landelijke gemeenten van het land waarvan ten minste één tiende van het grondgebied bebost is, de gemeenteraad de afbakening van het gedeelte van het gemeentelijk grondgebied dat voor bosbouw bestemd wordt, niet heeft uitgevoerd binnen de bij de wet van 15 april 1965 bepaalde termijn, wordt zij ambtshalve gedaan door de arrondissementscommissaris, onder het gezag van de Minister van Landbouw. De arrondissementscommissaris wint vooraf het advies in van (het daartoe aangestelde personeelslid van het Departement Landbouw en Visserij) en van (het daartoe aangestelde personeelslid van het Agentschap voor Natuur en Bos). Daarna zendt hij het ontwerp van afbakening aan de burgemeester, die het gedurende vijftien dagen ter inzage legt. Na verloop van die termijn zendt de burgemeester het ontwerp terug, samen met de schriftelijke bezwaren en opmerkingen die tijdens de terinzagelegging zijn ingekomen. in geval van betwisting omtrent het landelijk karakter van een gemeente beslist de bestendige deputatie van de provincieraad. De door de arrondissementscommissaris bepaalde afbakening wordt aan de bestendige deputatie voor goedkeuring voorgelegd. § 3. Er wordt op de bij § 2 bepaalde wijze gehandeld, telkens als een gemeenteraad in gebreke blijft de voorschriften van § 1, eerste en tweede lid, van dit artikel na te komen. § 4. Indien een plan van aanleg, opgemaakt ter uitvoering van de wet van 29 maart 1962 houdende organisatie van de ruimtelijke ordening en van de stedebouw, bindende kracht heeft na het besluit tot afbakening van de onderscheidenlijk voor landbouw of voor bosbouw bestemde gedeelten, treedt het plan, voor zover het landbouw- en bosbouwzones vaststelt, volledig in de plaats van dit besluit. § 5. In de gedeelten van het grondgebied die voor de landbouw zijn bestemd, is bosaanleg met hoogstammige bomen verboden op minder dan 6 meter van de scheidingslijn tussen twee erven. In de voormelde zone van 6 meter is het wel mogelijk een bosrand tot ontwikkeling te laten komen die bestaat uit mantel-zoomvegetaties en die niet dichter dan een halve meter van de scheidingslijn komt. Als mantelvegetatie wordt de zone met struiken of hakhout bedoeld die lager is dan de hoogstammige bomen dieper in het bos. Als zoomvegetatie wordt de zone beschouwd die bestaat uit een ruige gras- en kruidachtige vegetatie die richting het bos overgaat in de mantelvegetatie. Deze bosrand wordt beschouwd als een bos in de zin van artikel 3, § 1, van het Bosdecreet van 13 juni 1990. Bovendien is voor bosaanleg vergunning van het college van burgemeester en schepenen vereist. Het college beslist binnen dertig dagen na de indiening van de aanvraag. Doet het dit niet binnen die termijn, dan wordt de vergunning geacht verleend te zijn. De weigering van de vergunning is met redenen omkleed. Binnen een maand na de kennisgeving kan beroep worden ingesteld bij de bestendige deputatie. De bepalingen van het vorige lid zijn eveneens van toepassing op de voor bosbouw bestemde zone, langs de voor landbouw bestemde zone. De bepalingen van het eerste lid zijn niet van toepassing op systemen voor grondgebruik waarbij de teelt van bomen wordt gecombineerd met landbouw op dezelfde grond, toegepast op een perceel landbouwgrond als vermeld in artikel 2, 12°, van het decreet van 22 december 2006 houdende inrichting van een gemeenschappelijke identificatie van landbouwer, exploitatie en landbouwgrond in het kader van het meststoffenbeleid en van het landbouwbeleid.","Veldwetboek, , TITEL 1, HOOFDSTUK 5, , "
Art.36bis,"Op vordering van het college van burgemeester en schepenen of van iedere belanghebbende beveelt de rechtbank de rooiing van de aanplanting die met overtreding van artikel 35bis, § 5, van dit Wetboek is gedaan of behouden. Het vonnis beveelt dat, indien de rooiing niet binnen de gestelde tijd is geschied, de gemeente of de eiser voor de tenuitvoerlegging zullen zorgen op kosten en voor risico van de overtreder.","Veldwetboek, , TITEL 1, HOOFDSTUK 5, , "
Art.40,"Voor de afpaling van eigendommen die onder de bosregeling vallen, gelden de voorschriften van het Boswetboek.","Veldwetboek, , TITEL 1, HOOFDSTUK 6, , "
Art. 40_WAALS_GEWEST,"<Opgeheven door DWG 2008-07-15/44, art. 113, 007; Inwerkingtreding : 14-09-2009>","Veldwetboek, , TITEL 1, HOOFDSTUK 6, , "
Art.41,"Wanneer de Staat, een provincie, een gemeente of een openbare instelling willen overgaan tot de algemene of gedeeltelijke grensbepaling van hun van hun andere eigendommen dan waarvan sprake is in het vorig artikel, wordt deze verrichting twee maanden tevoren aangekondigd door bekendmaking en aanplakking in de gewone vorm en door plaatsing in een nieuwsblad van de provincie en van het arrondissement, indien er een bestaat. De daaraan verbonden kosten worden gedragen door de partij die de grensbepaling heeft gevraagd.","Veldwetboek, , TITEL 1, HOOFDSTUK 6, , "
Art. 41_WAALS_GEWEST,"Wanneer de Staat, een provincie, een gemeente of een openbare instelling willen overgaan tot de algemene of gedeeltelijke grensbepaling wordt deze verrichting twee maanden tevoren aangekondigd door bekendmaking en aanplakking in de gewone vorm en door plaatsing in een nieuwsblad van de provincie en van het arrondissement, indien er een bestaat. De daaraan verbonden kosten worden gedragen door de partij die de grensbepaling heeft gevraagd.","Veldwetboek, , TITEL 1, HOOFDSTUK 6, , "
Art.42,"De aangelanden ten aanzien van wie de grenzen dienen te worden erkend en bepaald, worden twee maanden tevoren in kennis gesteld van de dag waarop de verrichting zal plaatshebben. De kennisgeving bevat de aanwijzing van de af te palen eigendommen. Zij wordt zonder kosten verstrekt door de plaatselijke officier van politie of veldwachter, op verzoek van het betrokken bestuur. De kennisgeving wordt gedaan aan de persoon of aan de woonplaats, indien de eigenaars wonen binnen het ambtsgebied van de overheid die met de kennisgeving belast is. (In het tegenovergestelde geval wordt zij aangetekend over de post verzonden.) De afgifte van de kennisgeving wordt vastgesteld door een proces-verbaal.","Veldwetboek, , TITEL 1, HOOFDSTUK 6, , "
Art.43,"Op de gestelde dag heeft de grensbepaling plaats, onverschillig of de aangelanden aanwezig zijn of niet. Zij wordt verricht door een beëdigd landmeter, in opdracht van het betrokken bestuur. De medeëigenaars van onverdeelde goederen worden in alle gevallen opgeroepen overeenkomstig het vorig artikel.","Veldwetboek, , TITEL 1, HOOFDSTUK 6, , "
Art.44,"Indien de aangelanden aanwezig zijn en er geen moeilijkheden rijzen betreffende het bepalen van de grenzen, wordt de op tegenspraak gedane erkenning vastgesteld door een proces-verbaal en een plan; deze worden ondertekend door de betrokken partijen en onderworpen aan de goedkeuring van de bestendige deputatie van de provincieraad; na deze goedkeuring is de verrichting definitief en wordt zij openbaar gemaakt op de wijze behandeld in artikel 41.","Veldwetboek, , TITEL 1, HOOFDSTUK 6, , "
Art.45,"Indien de grensbepaling heeft plaatsgehad in afwezigheid van de aangelanden of van een van hen, worden het proces-verbaal en het plan onmiddellijk ter gemeente-secretarie neergelegd. Een dubbel ervan wordt neergelegd ter griffie van het provinciebestuur; aan de afwezige eigenaars wordt van deze neerlegging kennis gegeven in de vorm bepaald in artikel 42. Gedurende zes maanden te rekenen van de dag waarop die kennisgeving is gedaan, kan ieder belanghebbende van die bescheiden inzage nemen en verzet doen bij het college van burgemeester en schepenen, dat daarvan onmiddellijk kennis geeft aan de bestendige deputatie. Bij gebreke van verzet binnen zes maanden verklaart de bestendige deputatie die bescheiden goedgekeurd en deze verklaring wordt openbaar gemaakt (zoals in het artikel 41 is voorgeschreven). Het goedgekeurde proces-verbaal en het goedgekeurde plan gelden als titel voor de tienjarige en de twintigjarige verjaring.","Veldwetboek, , TITEL 1, HOOFDSTUK 6, , "
Art.46,"Zodra het proces-verbaal van grensbepaling en het plan goedgekeurd zijn, wordt de afpaling verricht in aanwezigheid of althans na behoorlijke oproeping van de betrokken partijen.","Veldwetboek, , TITEL 1, HOOFDSTUK 6, , "
Art.47,"Indien er een geschil rijst hetzij tijdens de verrichtingen, hetzij ten gevolge van verzet door een aangelande gedaan binnen de in artikel 45 bepaalde tijd, wordt het door de betrokken partijen voor de bevoegde rechtbank gebracht en wordt de afpaling tot na de beslissing uitgesteld. Indien er een geschil rijst na de afpaling, kan de aangelande die de afpaling door de rechter doet vernietigen, veroordeeld worden om de kosten ervan te dragen.","Veldwetboek, , TITEL 1, HOOFDSTUK 6, , "
Art.48,"Eens of zo nodig meer dan eens in het jaar worden ovens en schoorstenen door of vanwege de burgemeester geschouwd. Deze geeft de nodige bevelen om ze met bekwame spoed, al naar het geval te doen reinigen, herstellen of slopen, onverminderd de in het Strafwetboek bepaalde straffen.","Veldwetboek, , TITEL 2, HOOFDSTUK 1, , "
Art.49,"Wanneer een in de landbouw werkzaam persoon wegens een strafbaar feit aangehouden wordt terwijl hij, met behulp van dieren, ploeg of enig ander werk verricht of terwijl hij een kudde hoedt, treft de burgemeester dadelijk voorzieningen voor het onderhoud en de veiligheid van de dieren.","Veldwetboek, , TITEL 2, HOOFDSTUK 1, , "
Art.50,"De burgemeester waakt voor de stipte uitvoering van de wetten en verordeningen betreffende : 1° (...), de gemeenteweide, het aren lezen en het naharken; 2° de vermeerdering en verbetering van de rassen van alle diersoorten die nuttig zijn voor de landbouw; 3° de bescherming en het behoud van dieren en vogels die nuttig zijn voor de landbouw; 4° de verdelging van dieren die schadelijk en gevaarlijk zijn voor de kudden; 5° de verdelging van dieren en insekten die schadelijk zijn voor de veldvruchten; 6° de uitroeiing van distels en andere gewassen die schadelijk zijn voor de landbouw; 7° de middelen om besmettelijke ziekten te voorkomen en te stuiten bij alle diersoorten die nuttig zijn voor de landbouw.","Veldwetboek, , TITEL 2, HOOFDSTUK 1, , "
Art.61,"In de (gemeenten) hebben openbare instellingen en bijzondere personen het recht bijzondere (veldwachters) aan te stellen om hun vruchten en gewassen, de vruchten en gewassen van hun pachters of huurders en hun eigendommen van welke aard ook te beschermen, alsmede om hun vis- en jachtterreinen te bewaken. (Die wachters zijn bekleed met de hoedanigheid van officier van gerechtelijke politie in de gevallen waarvoor ze bevoegd zijn om misdrijven op te sporen en vast te stellen.) De aanstellers zijn gehouden hen door de provinciegouverneur te doen erkennen, de arrondissementscommissaris en de procureur des Konings gehoord, en in de benoemingsakte de aard en de ligging aan te wijzen van de goederen die onder hun bewaking staan.","Veldwetboek, , TITEL 2, HOOFDSTUK 2, , "
Art.62,De bijzondere veldwachters mogen gewapend zijn met geweren met meer dan één schot.,"Veldwetboek, , TITEL 2, HOOFDSTUK 2, , "
Art.63,"(Zij treden in dienst na in handen van de vrederechter van het kanton van hun verblijfplaats de volgende eed te hebben afgelegd : ""Ik zweer getrouwheid aan de Koning, gehoorzaamheid aan de Grondwet en aan de wetten van het Belgische volk.) Zij zijn bovendien gehouden hun aanstelling en de akte van hun beëdiging te doen registreren ter griffie van de vredegerechten binnen welker rechtsgebied zij hun ambt moeten waarnemen. De gouverneur kan de erkenning van de bijzondere (veldwachters) intrekken; zij worden vooraf gehoord. Hij die de aanstelling van zijn bijzondere wachter intrekt, is gehouden daarvan onmiddellijk bij aangetekende brief kennis te geven aan de gouverneur. De intrekking van de aanstelling heeft eerst gevolg van de dag waarop de gouverneur er akte van heeft genomen.","Veldwetboek, , TITEL 2, HOOFDSTUK 2, , "
Art.64,"De Koning bepaalt de nadere regels inzake de wijze van aanstelling, opleiding, het uniform, de kentekens, legitimatiekaart, bewapening, leeftijdsvoorwaarden, onverenigbaarheden en nationaliteitsvoorwaarde van de bijzondere veldwachters.","Veldwetboek, , TITEL 2, HOOFDSTUK 2, , "
Art.67,"(De politieambtenaren van de lokale politie) zijn, (...) belast met het opsporen en vaststellen van wanbedrijven en overtredingen inzake veld- en bospolitie, alsmede van jacht- en visserijmisdrijven, op het grondgebied waarvoor zij beëdigd zijn. De boswachters van de Staat, de gemeenten en de openbare instellingen zijn eveneens bevoegd om die verschillende wanbedrijven en overtredingen in het veld vast te stellen.","Veldwetboek, , TITEL 2, HOOFDSTUK 3, , "
Art. 67_VLAAMS_GEWEST,"(De politieambtenaren van de lokale politie) zijn, (...) belast met het opsporen en vaststellen van wanbedrijven en overtredingen inzake veld- en bospolitie, alsmede van jacht- en visserijmisdrijven, op het grondgebied waarvoor zij beëdigd zijn. De door de leidend ambtenaar van het Agentschap voor Natuur en Bos aangewezen personeelsleden zijn eveneens bevoegd om die verschillende wanbedrijven en overtredingen in het veld vast te stellen.","Veldwetboek, , TITEL 2, HOOFDSTUK 3, , "
Art. 67_WAALS_GEWEST,"(De politieambtenaren van de lokale politie) zijn, (...) belast met het opsporen en vaststellen van wanbedrijven en overtredingen inzake veld- en bospolitie, alsmede van jacht- en visserijmisdrijven, op het grondgebied waarvoor zij beëdigd zijn. De boswachters van de Staat, de gemeenten en de openbare instellingen zijn eveneens bevoegd om die verschillende wanbedrijven en overtredingen in het veld vast te stellen. De personeelsleden, in de zin van artikel 3, 1°, van het Boswetboek, zijn ook bevoegd om in de velden wanbedrijven en overtredingen inzake bospolitie, alsook overtredingen van de wet op de jacht en de visserij vast te stellen.","Veldwetboek, , TITEL 2, HOOFDSTUK 3, , "
Art.68,"Zij zijn gemachtigd om het in overtreding aangetroffen vee of pluimgedierte, alsook de werktuigen, voertuigen en gespannen van de schuldige in beslag te nemen en in bewaring te stellen. Zij volgen de door de schuldige weggenomen voorwerpen tot in de plaatsen waar deze heengebracht zijn en stellen ze eveneens in bewaring. Zij mogen echter de huizen, gebouwen, binnenplaatsen en omheinde erven die eraan palen, niet betreden dan in aanwezigheid (...) (van een officier van gerechtelijke politie, hulpofficier van de procureur des Konings).","Veldwetboek, , TITEL 2, HOOFDSTUK 3, , "
Art.69,"(In de gevallen bedoeld in artikel 68 mogen de boswachters van de Staat, de gemeenten en de openbare instellingen, niet weigeren, op straffe van een geldboete van 25 frank, de leden van de lokale politie of van de federale politie, die hun aanwezigheid vorderen, te vergezellen.) Ze zijn bovendien gehouden de in hun aanwezigheid opgemaakte processen-verbaal te ondertekenen; in geval zij weigeren, wordt hiervan melding gemaakt in deze processen-verbaal.","Veldwetboek, , TITEL 2, HOOFDSTUK 3, , "
Art. 69_BRUSSELS_HOOFDSTEDELIJK_GEWEST,"(In de gevallen bedoeld in artikel 68 mogen de boswachters van de Staat, de gemeenten en de openbare instellingen, niet weigeren, de leden van de lokale politie of van de federale politie, die hun aanwezigheid vorderen, te vergezellen.) De inbreuken op deze bepaling worden gestraft met de straf voorzien in artikel 31, § 1, van het Wetboek van inspectie, preventie, vaststelling en bestraffing van milieumisdrijven, en milieuaansprakelijkheid. Ze zijn bovendien gehouden de in hun aanwezigheid opgemaakte processen-verbaal te ondertekenen; in geval zij weigeren, wordt hiervan melding gemaakt in deze processen-verbaal.","Veldwetboek, , TITEL 2, HOOFDSTUK 3, , "
Art. 69_VLAAMS_GEWEST,"(In de gevallen bedoeld in artikel 68 mogen de door de leidend ambtenaar van het Agentschap voor Natuur en Bos aangewezen personeelsleden, niet weigeren, op straffe van een geldboete van 25 frank, de leden van de lokale politie of van de federale politie, die hun aanwezigheid vorderen, te vergezellen.) Ze zijn bovendien gehouden de in hun aanwezigheid opgemaakte processen-verbaal te ondertekenen; in geval zij weigeren, wordt hiervan melding gemaakt in deze processen-verbaal.","Veldwetboek, , TITEL 2, HOOFDSTUK 3, , "
Art.71,"Wanneer hun middelen ontoereikend blijken, hebben de bijzondere veldwachters het recht om de bijstand van de politieambtenaren van de lokale politie te vragen tot beteugeling van wanbedrijven en overtredingen inzake veld- of bospolitie alsook tot opsporing en inbeslagneming van de voortbrengselen van de bodem die gestolen of wederrechtelijk afgesneden dan wel bedrieglijk verkocht of gekocht zijn.","Veldwetboek, , TITEL 2, HOOFDSTUK 3, , "
Art.72,"Zij dagtekenen en ondertekenen hun proces-verbaal, op straffe van nietigheid.","Veldwetboek, , TITEL 2, HOOFDSTUK 3, , "
Art.73,"Wanneer het proces-verbaal een inbeslagneming inhoudt, wordt binnen vierentwintig uren een uitgifte ervan neergelegd ter griffie van (de politierechtbank) om meegedeeld te kunnen worden aan hen die de in beslag genomen voorwerpen terugvorderen.","Veldwetboek, , TITEL 2, HOOFDSTUK 3, , "
Art.74,"De (rechters in de politierechtbank) kunnen voorlopige opheffing van het beslag verlenen, onder verplichting om de kosten van inbewaringstelling te betalen en borg te stellen. Indien de gegoedheid van de borg betwist wordt, beslist de (rechter in de politierechtbank).","Veldwetboek, , TITEL 2, HOOFDSTUK 3, , "
Art.75,"Indien het in beslag genomen vee binnen tien dagen na de inbewaringstelling niet wordt teruggevorderd of indien geen borg gesteld wordt, beveelt de (politierechtbank) de veiling op de naastbijgelegen markt. Die veiling geschiedt door de zorg van de ontvanger der domeinen, die ze vierentwintig uren tevoren bekendmaakt. De kosten van de inbewaringstelling en van de veiling worden begroot door de (politierechtbank) en afgehouden van de opbrengst; het overschot dient tot betaling van het bedrag van veroordelingen, waarvan de invordering gedaan wordt door het bestuur van registratie en domeinen; wat overblijft wordt gestort in de Deposito- en Consignatiekas. Indien de terugvordering van het in beslag genomen vee verworpen wordt bij gebreke van borgstelling of indien het vee eerst na de veiling teruggevorderd wordt, heeft de eigenaar alleen recht op teruggave van de netto-opbrengst van de verkoop, na aftrek van alle kosten, ingeval het vonnis die teruggave beveelt. Van die prijs houdt de ontvanger het bedrag af van de veroordelingen tot geldboete, uitgesproken wegens het misdrijf dat tot het beslag aanleiding heeft gegeven.","Veldwetboek, , TITEL 2, HOOFDSTUK 3, , "
Art.76,De (bijzondere) veldwachters van (...) openbare instellingen en bijzondere personen zijn aansprakelijk voor elke nalatigheid of overtreding in de uitoefening van hun bediening. Zij kunnen worden veroordeeld tot betaling van de vergoedingen verbonden aan de misdrijven die zij niet behoorlijk hebben vastgesteld.,"Veldwetboek, , TITEL 2, HOOFDSTUK 3, , "
Art.79,"De vervolging van wanbedrijven en overtredingen geschiedt overeenkomstig de regels van het Wetboek van Strafvordering, behoudens de door het tegenwoordige wetboek ingevoerde wijzigingen.","Veldwetboek, , TITEL 2, HOOFDSTUK 4, , "
Art.81,"Een proces-verbaal, opgemaakt en behoorlijk ondertekend door een der in hoofdstuk III van deze titel vermelde ambtenaren, agenten of aangestelden, geldt als bewijs van de daarin vastgestelde materiële feiten, zolang het tegendeel niet is bewezen.","Veldwetboek, , TITEL 2, HOOFDSTUK 4, , "
Art.82,Het proces-verbaal wordt binnen drie dagen gezonden aan (de procureur des Konings).,"Veldwetboek, , TITEL 2, HOOFDSTUK 4, , "
Art.83,"De rechtsvorderingen tot herstel van de in dit wetboek omschreven wanbedrijven en overtredingen verjaren, zowel ten aanzien van de strafoplegging als van de teruggave en schadevergoeding, door verloop van zes maanden, te rekenen van de dag waarop het wanbedrijf of de overtreding is gepleegd.","Veldwetboek, , TITEL 2, HOOFDSTUK 4, , "
Art.84,"De bepalingen van het vorige artikel zijn niet van toepassing op de misdrijven, (door (de politieambtenaren van de lokale politie) en door de veldwachters van openbare instellingen of bijzondere personen) begaan in de uitoefening van hun bediening. Te hunnen opzichte gelden de verjaringstermijnen van de gewone wetten van strafvordering. De rechtsvordering tot schadevergoeding die krachtens artikel 76 wordt ingesteld, is echter niet meer ontvankelijk een jaar nadat de strafvordering tegen de schuldige zelf door verjaring vervallen is.","Veldwetboek, , TITEL 2, HOOFDSTUK 4, , "
Art.85,"De rechtbank waarbij een wanbedrijf of een overtreding aanhangig is, kan schadevergoeding toekennen, op klacht van de eigenaar der vruchten of gewassen, voor gezien getekend door de burgemeester of een schepen en vergezeld van een door deze ambtenaar kosteloos opgemaakt proces-verbaal van schatting van de schade.","Veldwetboek, , TITEL 2, HOOFDSTUK 4, , "
Art.86,"De in dit wetboek niet omschreven wanbedrijven en overtredingen waardoor landelijke eigendommen van welke aard ook worden geschonden, zijn strafbaar met de straffen daarop gesteld door het Strafwetboek en de andere geldende wetten.","Veldwetboek, , TITEL 2, HOOFDSTUK 5, , "
Art. 87_BRUSSELS_HOOFDSTEDELIJK_GEWEST,"Met de straf voorzien in artikel 31, § 1, van het Wetboek van inspectie, preventie, vaststelling en bestraffing van milieumisdrijven, en milieuaansprakelijkheid worden gestraft : 1° Zij die zonder wettige reden binnentreden in een besloten erf of in een aanhorigheid van een woning, waar tak- of wortelvaste vruchten staan; 2° Zij die, zonder dat er een andere door de wet bepaalde omstandigheid bijkomt, aan een ander toebehorende vruchten plukken of ter plaatse eten. Het minimale bedrag van de geldboete wordt verdubbeld, indien het feit wordt gepleegd in een besloten erf of in een aanhorigheid van een woning. 3° Zij die hun vee hun trek-, last of rijdieren laten lopen over andermans weiden in groei of over andermans grond voordat de oogst is weggehaald; 4° Zij die anders dan met de hand aren lezen of die naharken met behulp van een hark met ijzeren tanden; 5° (opgeheven) 6° (opgeheven) 7° Zij wier geiten of woldieren (...) worden aangetroffen, grazend op andermans grond zonder verlof van de eigenaar of knabbelend aan hagen of bomen langs een openbare weg of langs een erf; 8° Zij die, zonder noodzaak en ondanks het verbod van de eigenaar, gebruik maken van een weg die aan een bijzondere persoon toebehoort.","Veldwetboek, , TITEL 2, HOOFDSTUK 5, , "
Art. 88_BRUSSELS_HOOFDSTEDELIJK_GEWEST,"Met de straf voorzien in artikel 31, § 1, van het Wetboek van inspectie, preventie, vaststelling en bestraffing van milieumisdrijven, en milieuaansprakelijkheid worden gestraft : 1° (opgeheven) 2° Geleiders die, op weg met hun vee van de ene plaats naar de andere, (...) het laten grazen op gronden van bijzondere personen of van gemeenten. Indien het misdrijf wordt gepleegd op bezaaid land of op land waarvan de oogst niet is ingezameld of binnen een besloten landelijk erf, wordt het minimale bedrag van de geldboete verdubbeld 3° Zij die vee of pluimgedierte, van welke soort ook, waarvan zij eigenaar of houder zijn, op andermans eigendom in het open veld laten loslopen. Indien het misdrijf wordt gepleegd binnen de omheining van een woning, hetzij op bezaaid land of op land waarvan de oogst niet is ingezameld, hetzij binnen een besloten landelijk erf of wanneer het om een kudde gaat, wordt het minimale bedrag van de geldboete verdubbeld; 4° Zij die aren lezen of naharken zonder te voldoen aan de voorwaarden van artikel 11, en zij die aren lezen of naharken op velden waarvan de oogst niet geheel is ingezameld en weggehaald is, op omheinde velden of voor zonsopgang en na zonsondergang. 5° (opgeheven) 6° (opgeheven) 7° Zij die bijenkorven plaatsen op minder dan twintig meter afstand van een woning of van de openbare weg. (Die afstand wordt verminderd tot tien meter, wanneer er tussen de bijenkorven en de woning of de openbare weg een volledig dichte beschutting van ten minste twee meter hoogte aanwezig is.) 8° Zij die de afsluiting van een veld openen om zich een doorgang te verschaffen, tenzij de rechter beslist dat de openbare weg onbruikbaar was, in welk geval de gemeente de schadevergoeding moet betalen. 9° Zij die op enigerlei wijze openbare wegen van welke aard ook beschadigen of zich een strook ervan toeëigenen. Indien daartoe grond bestaat, spreekt de rechter behalve de straf ook het herstel van de overtreding uit, overeenkomstig de wetten betreffende de wegen. 10° Zij die bij het bewerken van het land zich grond van een ander toeëigenen. 11° Zij die zonder wettige reden binnentreden in een besloten erf waar zich vee bevindt. 12° Zij die stenen of andere harde lichamen of andere voorwerpen die kunnen bevuilen of beschadigen, in tuinen, besloten erven, natuur- en kunstweiden of bomen werpen. 13° Zij die door gebrek aan voorzorg enten van bomen geheel of gedeeltelijk vernielen en zij wier dieren dit doen. 14° Zij die, buiten de gevallen van artikel 549 van het Strafwetboek, andermans grond onder water zetten of er opzettelijk het water op schadelijke wijze op doen lopen. 15° Veldwachters die, in strijd met artikel 59, niet geoorloofde wapens dragen. Het wapen wordt bovendien verbeurd verklaard. 16° Gemeenteveldwachters die het bij artikel 78 voorgeschreven boekje niet regelmatig bijhouden.","Veldwetboek, , TITEL 2, HOOFDSTUK 5, , "
Art. 89_BRUSSELS_HOOFDSTEDELIJK_GEWEST,"Met de straf voorzien in artikel 31, § 1, van het Wetboek van inspectie, preventie, vaststelling en bestraffing van milieumisdrijven, en milieuaansprakelijkheid worden gestraft : 1° (Zij die eigenaar of houder zijn van dood pluimgedierte, ander gedierte of vee, dat voor niets nuttigs te gebruiken is, en nalaten buiten de gevallen waarin zulks verboden is, het binnen vierentwintig uren, anderhalve meter diep in de grond te delven op hun terrein of op de plaats die door het gemeentebestuur is aangewezen.) In dat geval zorgt het gemeentebestuur voor de bedelving op kosten van de overtreder, die krachtens het veroordelend vonnis kan worden verplicht tot terugbetaling van de uitgave, op vertoon van een eenvoudige staat van kosten opgemaakt door het college van burgemeester en schepenen. 2° Zij die, (buiten de gevallen bedoeld in de wet van 11 maart 1950, op de bescherming van de wateren tegen verontreiniging) een dood dier op de openbare weg, op een daaraan palend eigendom of in een waterloop, vijver of vaart werpen. 3° Zij die zonder rechtstitel bezit nemen van enig gedeelte van de gemeentegrond. 4° (opgeheven) 5° (opgeheven) 6° Zij die zich het water van een bevloeiingskanaal onrechtmatig toeëigenen, of die er gebruik van maken op andere dagen of uren of in ruimere mate dan geoorloofd is door verordeningen of bijzondere overeenkomsten. 7° Zij die onder enig voorwendsel, zonder verlof van de eigenaar of exploitant, op andermans veld graven met een hak, spade, hark of enig ander werktuig. Het minimale bedrag van de geldboete wordt verdubbeld, indien graafwerk, als bedoeld in artikel 1, verricht wordt zonder dat de eigenaar vooraf gewaarschuwd is. 8° Zij die op het veld vuur aansteken op minder dan honderd meter afstand van huizen, bossen, heiden, boomgaarden, hagen, graan, stro, mijten of van plaatsen waar vlas te drogen is gelegd.","Veldwetboek, , TITEL 2, HOOFDSTUK 5, , "
Art. 90_BRUSSELS_HOOFDSTEDELIJK_GEWEST,"Met de straf voorzien in artikel 31, § 1, van het Wetboek van inspectie, preventie, vaststelling en bestraffing van milieumisdrijven, en milieuaansprakelijkheid worden gestraft : 1° Zij die vee of pluimgedierte, van welke soort ook, op enigerlei tijdstip drijven of hoeden in andermans veldvruchten, in natuur- of kunstweiden, in wijngaarden, griendwaarden, hopakkers, in door mensenhand aangelegde aanplantingen of kwekerijen van fruit- en andere bomen. 2° Zij die, (buiten de gevallen bedoeld in de wet van 11 maart 1950 op de bescherming van de wateren tegen verontreiniging) opzettelijk in een openbare of private waterput, drinkplaats of fontein organische lichamen of andere stoffen werpen of doen werpen die het water kunnen bederven of voor huishoudelijk gebruik ongeschikt maken. 3° Zij die, (buiten de gevallen bedoeld in de wet van 11 maart 1950 op de bescherming van de wateren tegen verontreiniging) in een vaart, een vijver, een visvijver of een viskom stoffen werpen die de vis kunnen vernielen. 4° Zij die, onverschillig voor welk gebruik, krengen of resten van dieren of vee geheel of gedeeltelijk ontgraven. De gevangenisstraf wordt altijd uitgesproken, indien het dier op last van de overheid in de grond is gedolven. 5° Zij die, opzettelijk en op welke wijze ook, bijenkorven vernielen, omstoten, toestoppen of openbreken, of die andermans bijen doen omkomen of pogen te doen omkomen. 6° Zij die een bijenzwerm, komend uit andermans bijenstal, op hun goed lokken, indien zij hem niet hebben teruggegeven binnen vierentwintig uren nadat hij van hen is teruggevorderd. 7° Zij die stenen, graszoden, aarde, zand, kalk, mergel, dierlijke of enige andere meststof op andermans grond wegnemen. 8° Zij die draineerbuizen opzettelijk vernielen of beschadigen, toestoppen of verplaatsen. 9° Zij die andermans bomen geheel of gedeeltelijk ontschorsen of snijden, zonder dat deze vergaan. 10° Zij die het hout van hagen of van boomaanplantingen wegnemen. 11° (opgeheven) 12° (Zij die bomen planten met overtreding van de artikelen 35bis en 35ter.) (Op vordering van een burgerlijke partij wordt artikel 36bis van dit Wetboek toegepast.)","Veldwetboek, , TITEL 2, HOOFDSTUK 5, , "
Art.91,"De straffen op de overtredingen, omschreven in de artikelen 87 en 90, worden verhoogd tot het maximum en de rechtbank spreekt bovendien gevangenisstraf van één dag tot zeven dagen uit : 1° Indien er herhaling is binnen een jaar, te rekenen van het eerste vonnis tegen de schuldige gewezen wegens dezelfde overtreding en door dezelfde rechtbank; 2° Indien de overtredingen bij nacht zijn gepleegd; 3° Indien de feiten in bende of in vereniging zijn gepleegd.","Veldwetboek, , TITEL 2, HOOFDSTUK 5, , "
Art. 91_BRUSSELS_HOOFDSTEDELIJK_GEWEST,"Het minimale bedrag van de geldboete voor de misdrijven, omschreven in de artikelen 87 en 90, wordt verdubbeld : 1° 2° Indien de overtredingen bij nacht zijn gepleegd; 3° Indien de feiten in bende of in vereniging zijn gepleegd.","Veldwetboek, , TITEL 2, HOOFDSTUK 5, , "
Art.92,"In alle gevallen van de vorige artikelen kan, indien verzachtende omstandigheden aanwezig zijn, van gevangenisstraf afgezien worden en kan de geldboete verminderd worden , maar nooit tot minder dan één frank.","Veldwetboek, , TITEL 2, HOOFDSTUK 5, , "
Art. 92_BRUSSELS_HOOFDSTEDELIJK_GEWEST,"<Opgeheven bij ORD 2014-05-08/54, art. 123, 010; Inwerkingtreding : 01-01-2015; zie ook ORD 2014-05-08/54, art. 159>","Veldwetboek, , TITEL 2, HOOFDSTUK 5, , "
Art.93,"In geen geval mag de aan de burgerlijke partij verschuldigde schadevergoeding, met inbegrip van de waarde van de in natura teruggegeven voorwerpen, minder bedragen dan de enkele geldboete bij het vonnis opgelegd.","Veldwetboek, , TITEL 2, HOOFDSTUK 6, , "
Art.94,"De (...), de ouders, de voogden, de meesters en zij die anderen aanstellen zijn burgerrechtelijk aansprakelijk voor de geldboeten, teruggaven, schadevergoedingen en kosten die voortvloeien uit de veroordelingen, uitgesproken tegen (...), hun minderjarige kinderen en hun pupillen, die ongehuwd zijn en bij hen inwonen, hun werklieden, voerlieden en andere ondergeschikten, behoudens verhaal als naar recht.","Veldwetboek, , TITEL 2, HOOFDSTUK 6, , "
Art.95,"De gebruiksgerechtigden zijn aansprakelijk voor de geldboeten, teruggaven, schadevergoedingen en kosten, waartoe hun hoeders en bewakers veroordeeld zijn wegens wanbedrijven of overtredingen inzake veldpolitie, gepleegd gedurende de tijd en de uitoefening van de dienst.","Veldwetboek, , TITEL 2, HOOFDSTUK 6, , "
Art.96,"Vonnissen, bij verstek gewezen op verzoek van de burgerlijke partij of op vervolging van het openbare ministerie, worden betekend bij een eenvoudig uittreksel, dat de naam van de partijen en het beschikkende gedeelte van het vonnis inhoudt. Die betekening doet de termijnen van verzet en van hoger beroep ingaan.","Veldwetboek, , TITEL 2, HOOFDSTUK 7, , "
Art.97,"Vonnissen houdende veroordeling tot geldboete, teruggave, schadevergoeding en kosten worden ten uitvoer gelegd zoals in correctionele zaken of zoals in politiezaken, naar gelang van het geval.","Veldwetboek, , TITEL 2, HOOFDSTUK 7, , "
Art.98,Door dit wetboek wordt niet afgeweken van de wetten of reglementen betreffende polders en wateringen.,"Veldwetboek, , TITEL 2, HOOFDSTUK 7, , "
