title,name,section
TITEL 1,Plattelandsregeling,
HOOFDSTUK 1,Graafrecht,
HOOFDSTUK 2,"Gewassen, veldvruchten, bijen",
HOOFDSTUK 3,Bevloeiing en drooglegging,
HOOFDSTUK 4,Klauwengang en stoppelweide,
HOOFDSTUK 5,(Afsluiting van eigendommen. Afstand voor beplantingen. Afbakening van landbouw en bosbouwzones.),
HOOFDSTUK 6,Grondbepaling en afpaling,
TITEL 2,Veldpolitie,
HOOFDSTUK 1,Algemene bepalingen,
HOOFDSTUK 2,Veldwachters,
HOOFDSTUK 3,Opsporing van wanbedrijven en overtredingen,
HOOFDSTUK 4,Vervolging van wanbedrijven en overtredingen,
HOOFDSTUK 5,Misdrijven en straffen,
HOOFDSTUK 6,Teruggave en schadevergoeding,
HOOFDSTUK 7,Tenuitvoerlegging van vonnissen,
