title,name,section
VOORAFGAANDE TITEL,RECHTSVORDERINGEN DIE UIT MISDRIJVEN ONTSTAAN,
HOOFDSTUK I,REGELS BETREFFENDE DE STRAFVORDERING EN DE BURGERLIJKE RECHTSVORDERING,
HOOFDSTUK II,STRAFVORDERING WEGENS MISDADEN OF WANBEDRIJVEN BUITEN HET GRONDGEBIED VAN HET RIJK GEPLEEGD,
HOOFDSTUK III,PREJUDICIELE GESCHILLEN,
HOOFDSTUK IV,OORZAKEN VAN VERVAL VAN DE STRAFVORDERING EN VAN DE BURGERLIJKE RECHTSVORDERING,
HOOFDSTUK V,Niet-ontvankelijkheid van de strafvordering wegens provocatie,
HOOFDSTUK VI,Regels met betrekking tot de uitoefening van de strafvordering volgend op een beslissing van uithandengeving bevolen door een jeugdgerecht,
HOOFDSTUK VII,Nietigheden,
