title,name,section
BOEK II,HET GERECHT,
TITEL II,Het hof van assisen,
Hoofdstuk I,Algemene bepaling,
Hoofdstuk II,De bevoegdheid van het hof van assisen,
Hoofdstuk III,De inbeschuldigingstelling,
Hoofdstuk IV,Voorziening tegen het verwijzingsarrest,
Hoofdstuk V,Procedure voorafgaand aan de zitting ten gronde,
Afdeling 1,De ambtsverrichtingen van de voorzitter,
Afdeling 2,De ambtsverrichtingen van de procureur-generaal,
Hoofdstuk VI,Rechtspleging voor het hof van assisen,
Afdeling 1,De preliminaire zitting,
Afdeling 2,De zitting ten gronde,
Onderafdeling 1,Algemene bepaling,
Onderafdeling 2,De ambtsverrichtingen van de voorzitter,
Onderafdeling 3,De ambtsverrichtingen van de procureur-generaal,
Onderafdeling 4,De oproeping en verschijning van de partijen,
Onderafdeling 5,De samenstelling van de jury,
Onderafdeling 6,De behandeling ter terechtzitting,
Onderafdeling 7,De schuldvraag,
Onderafdeling 8,De straftoemeting,
Afdeling 3,De burgerrechtelijke belangen,
Afdeling 4,Algemene bepalingen,
Hoofdstuk VII,De rechtsmiddelen,
Afdeling 1,Algemene bepaling,
Afdeling 2,Verzet,
Afdeling 3,Voorziening in cassatie,
Hoofdstuk VIII,De tenuitvoerlegging van de beslissing,
Titel IIbis,Algemene bepalingen betreffende de ambtsverrichtingen en opdrachten van het parket-generaal,
