title,name,section
BOEK 1,ALGEMENE BEPALINGEN,
TITEL 1,ALGEMENE BEPALINGEN,
HOOFDSTUK 1,Begrippen,
HOOFDSTUK 2,Bronnen,
HOOFDSTUK 3,Bekendmakingen,
Titel 2,Het Belgisch Scheepsregister,
BOEK 2,ZEEVAART,
Titel 1,Algemene Bepalingen,
Titel 2,ZEESCHEPEN,
HOOFDSTUK 1,Registratie en openbaarheid,
Afdeling 1,Registratie van zeeschepen,
Afdeling 2,Openbaarheid van rechten,
HOOFDSTUK 2,Meting,
HOOFDSTUK 3,Veiligheid,
Afdeling 1,Algemene bepalingen,
Afdeling 2,Zeeschepen,
Onderafdeling 1,Veiligheidseisen,
Onderafdeling 2,Certificaten,
HOOFDSTUK 4,Zaakstatuut,
HOOFDSTUK 5,Scheepszekerheidsrechten,
Afdeling 1,Algemene bepalingen,
Afdeling 2,Scheepsvoorrangsrechten,
Afdeling 3,Scheepsvoorrechten,
Afdeling 4,Scheepsretentierechten,
Afdeling 5,Scheepshypotheken,
Onderafdeling 1,Algemene bepalingen,
Onderafdeling 2,Openbaarheid,
HOOFDSTUK 6,Scheepsbeslag,
Afdeling 1,Bewarend scheepsbeslag,
Onderafdeling 1,Bewarend beslag op zeeschepen,
Onderafdeling 2,Bewarend beslag op goederen aan boord,
Afdeling 2,Uitvoerend scheepsbeslag,
HOOFDSTUK 7,Overheidsschepen,
Afdeling 1,Belgische overheidsschepen,
Afdeling 2,Vreemde overheidsschepen,
Titel 3,REDERS,
HOOFDSTUK 1,Algemene bepalingen,
Afdeling 1,Scheepsmede-eigendom,
Afdeling 2,Aansprakelijkheid van scheepseigenaars en reders,
Afdeling 3,Scheepsagenten,
HOOFDSTUK 2,Zeevaart,
Afdeling 1,Verplichte verzekeringen,
Onderafdeling 1,Maritieme vorderingen,
Onderafdeling 2,Verontreiniging en wrakken,
Onderafdeling 3,Passagiersvervoer,
Afdeling 2,Beperking van aansprakelijkheid,
Onderafdeling 1,Algemene bepalingen,
Onderafdeling 2,Het recht op beperking,
Onderafdeling 3,Aansprakelijkheidsgrenzen,
Onderafdeling 4,Beperkingsprocedure zonder fondsvorming,
Onderafdeling 5,Beperkingsprocedure met fondsvorming,
Titel 4,OPVARENDEN,
HOOFDSTUK 1,Schepelingen,
HOOFDSTUK 2,Gezagvoerders,
HOOFDSTUK 3,Maritieme veiligheidsagenten,
HOOFDSTUK 4,Verstekelingen,
HOOFDSTUK 5,Scheepvaartvergrijpen,
Afdeling 1,Algemene bepalingen,
Afdeling 2,Verbodsbepalingen,
Titel 5,ZEE EN HAVENS,
HOOFDSTUK 1,Algemene bepalingen,
HOOFDSTUK 2,Beveiliging,
Afdeling 1,Algemene Bepalingen,
Afdeling 2,Autoriteiten,
Onderafdeling 2,Nationale Autoriteit voor Maritieme Beveiliging,
Onderafdeling 2,Lokale Comités voor Maritieme Beveiliging,
Onderafdeling 3,PSO,
Onderafdeling 4,Gemeenschappelijke voorschriften,
Afdeling 3,Havenbeveiliging,
Onderafdeling 1,Havenbeveiligingsbeoordeling,
Onderafdeling 2,Havenbeveiligingsplan,
Onderafdeling 3,Beveiligingsniveau,
Afdeling 4,Beveiliging van havenfaciliteiten,
Onderafdeling 1,Algemene bepalingen,
Onderafdeling 2,Beveiligingsbeoordeling van een havenfaciliteit,
Onderafdeling 3,Beveiligingsplan van een havenfaciliteit,
Onderafdeling 4,Andere regelingen,
Onderafdeling 5,Beveiligingsstandaarden,
Afdeling 5,Beveiliging van vreemde schepen,
Afdeling 6,Beveiliging van Belgische Schepen,
Onderafdeling 1,Beveiligingsniveaus,
Onderafdeling 2,Beveiligingspersoneel van de reder,
Onderafdeling 3,Verplichtingen van de reder,
Onderafdeling 4,Vorming en oefeningen,
Afdeling 7,Beveiliging van de Noordzee,
Afdeling 8,Erkende beveiligingsorganisaties en opleidingsinstanties,
Onderafdeling 1,Erkende beveiligingsorganisatie,
Onderafdeling 2,Goedgekeurde opleidingsinstantie,
Afdeling 9,ISPS-platform,
Afdeling 10,Gegevensbescherming,
Onderafdeling 1,Camerabeelden,
Onderafdeling 2,Biometrische gegevens,
Onderafdeling 3,Verwerking van persoonsgegevens,
HOOFDSTUK 3,Voorkoming van verontreiniging door schepen,
Titel 6,BEVRACHTING EN VERVOER,
HOOFDSTUK 1,Bevrachting,
Afdeling 1,Rompbevrachting,
Afdeling 2,Tijdbevrachting,
Afdeling 3,Reisbevrachting,
HOOFDSTUK 4,Andere bevrachtingen,
HOOFDSTUK 2,Vervoer,
Afdeling 1,Goederenvervoer,
Onderafdeling 1,Regels van Den Haag en Visby,
Onderafdeling 2,Bijzondere bepalingen,
Afdeling 2,Passagiersvervoer,
Onderafdeling 1,PAL-Verdrag,
Onderafdeling 2,Bijzondere bepalingen,
TITEL 7,SCHEEPVAARTVOORVALLEN,
HOOFDSTUK 1,Averij,
HOOFDSTUK 2,Aanvaring,
HOOFDSTUK 3,Verontreiniging,
Afdeling 1,CLC-Verdrag 1992,
Afdeling 2,FUND-Verdrag,
Afdeling 3,BUNKER-Verdrag,
Afdeling 4,Nucleaire schade,
Afdeling 5,Het HNS-Verdrag 2010,
HOOFDSTUK 4,Toevluchtsoorden,
HOOFDSTUK 5,Berging,
HOOFDSTUK 6,Wrakverwijdering,
Afdeling 1,Territoriale zee,
Afdeling 2,Exclusieve economische zone,
HOOFDSTUK 7,Onderzoeken,
HOOFDSTUK 8,Ongevallen,
BOEK 3,BINNENVAART,
Titel 1,Algemene Bepalingen,
TITEL 2,BINNENSCHEPEN,
HOOFDSTUK 1,Teboekstelling en openbaarheid,
Afdeling 1,Teboekstelling van binnenschepen,
Afdeling 2,Openbaarheid van rechten,
HOOFDSTUK 2,Zaakstatuut,
HOOFDSTUK 3,Scheepszekerheidsrechten,
Afdeling 1,Algemene bepalingen,
Afdeling 2,Scheepsvoorrangsrechten,
Afdeling 3,Scheepsvoorrechten,
Afdeling 4,Scheepsretentierechten,
Afdeling 5,Scheepshypotheken,
HOOFDSTUK 4,Scheepsbeslag,
Afdeling 1,Bewarend beslag,
Onderafdeling 1,Bewarend beslag op binnenschepen,
Afdeling 2,Bewarend beslag op goederen aan boord,
HOOFDSTUK 2,Uitvoerend scheepsbeslag,
Titel 3,Exploitanten,
HOOFDSTUK 1,Algemene Bepalingen,
Afdeling 1,Scheepsmede-eigendom,
Afdeling 2,Aansprakelijkheid van de exploitant,
HOOFDSTUK 2,Toegang tot het vervoer,
HOOFDSTUK 3,Beperking van Aansprakelijkheid,
Afdeling 1,Algemene bepalingen,
Afdeling 2,Het recht op beperking,
Afdeling 3,Aansprakelijkheidsgrenzen,
Afdeling 4,Beperkingsprocedure zonder fondsvorming,
Afdeling 5,Beperkingsprocedure met fondsvorming,
HOOFDSTUK 4,Maritieme vorderingen voor estuaire schepen,
Titel 4,Opvarenden (voorbehouden),
Titel 5,Zee en havens,
Titel 6,Bevrachting en Vervoer,
HOOFDSTUK 1,Bevrachting en Prijsvorming,
TITEL 7,Scheepvaartvoorvallen,
HOOFDSTUK 1,Averij,
HOOFDSTUK 2,Aanvaring,
BOEK 4,HANDHAVING,
Titel 1,Sancties,
HOOFDSTUK 1,Algemene bepalingen,
Afdeling 1,Sanctiematen,
Afdeling 2,Strafrechtelijke sanctionering,
Afdeling 3,Administratieve sanctionering,
HOOFDSTUK 2,Sanctionering van de inbreuken,
Afdeling 1,Internationale verdragen en akten,
Afdeling 2,Zeevaart,
Onderafdeling 1,Schepen,
Onderafdeling 2,Reders,
Onderafdeling 3,Opvarenden,
Onderafdeling 4,Zee en havens,
Onderafdeling 5,Bevrachting en vervoer,
Onderafdeling 6,Scheepvaartvoorvallen,
Afdeling 3,Binnenvaart,
Afdeling 4,Handhaving,
Afdeling 5,Pleziervaart,
Titel 2,Vaststelling van inbreuken,
HOOFDSTUK 1,De Scheepvaartcontrole,
Afdeling 1,Inrichting en algemene bevoegdheden,
Afdeling 2,Processen-verbaal,
Afdeling 2/1,Het elektronisch proces verbaal,
Afdeling 3,Bijzondere bevoegdheden,
Onderafdeling 1,Schepen,
Onderafdeling 2,Reders,
Afdeling 3,Marien milieu,
Onderafdeling 4,Scheepsrecycling,
Onderafdeling 5,Cel Maritieme Beveiliging,
HOOFDSTUK 2,De Scheepvaartpolitie,
HOOFDSTUK 3,Gezagvoerders,
HOOFDSTUK 4,Andere overheden,
Titel 3,Vervolging van inbreuken,
HOOFDSTUK 1,Beslissing tot vervolging,
HOOFDSTUK 2,Administratieve vervolging,
HOOFDSTUK 3,Bijzondere bepalingen,
Afdeling 1,Zeevaartmisdrijven,
Afdeling 2,Zee en havens,
TITEL 4,De Handhavingsinstantie voor Passagiersvervoer,
Titel 5,Internationale misdrijven,
HOOFDSTUK 1,Criminaliteit op zee in het buitenland,
HOOFDSTUK 2,Piraterij,
TITEL 6,Bijzondere bepalingen voor de Noordzee,
HOOFDSTUK 1,Cameragebruik,
HOOFDSTUK 2,Andere detectiemiddelen,
BOEK 5,PLEZIERVAART,
TITEL 1,ALGEMENE BEPALINGEN,
TITEL 2,PLEZIERVAARTUIGEN,
HOOFDSTUK 1,Inschrijving en openbaarheid,
Afdeling 1,Inschrijving van de pleziervaartuigen,
Afdeling 2,Openbaarheid van rechten,
HOOFDSTUK 2,Veiligheid,
Afdeling 1,Technische vereisten,
Afdeling 2,Vaarbevoegdheidsbewijzen,
HOOFDSTUK 3,Zaakstatuut,
HOOFDSTUK 4,Scheepszekerheidsrechten,
HOOFDSTUK 5,Scheepsbeslag,
TITEL 3,EIGENAARS,
HOOFDSTUK 1,Algemene Bepalingen,
Afdeling 1,Scheepsmede-eigendom,
Afdeling 2,Aansprakelijkheid van scheepseigenaars,
HOOFDSTUK 2,Zeevaart,
TITEL 4,ZEE EN HAVENS,
TITEL 5,SCHEEPVAARTVOORVALLEN,
HOOFDSTUK 1,Wrakverwijdering,
HOOFDSTUK 2,"Activiteiten ---------- (1) Toelatingen Wedstrijden of sprt- en ontspanningsactiviteiten in groepsverband in de territoriale zee zijn verboden zonder toelating van de scheepvaartcontrole. ---------- (1) Uitvoeringsbesluiten De Koning bepaalt: 1° de wijze voor aanvraag en afgifte of weigering van een toelating als bedoeld in artikel 5.5.2.1; 2° de bijzondere weersomstandigheden waarin bepaalde activiteiten kunnen worden verboden. 3° de omstandigheden waarin een toelating, in afwijking van artikel 5.5.2.1, vervangen kan worden door een voorafgaande melding. ---------- (1)",
