title,name,section
BOEK II,HET GERECHT,
TITEL IV,ENIGE RECHTSPLEGINGEN VAN BIJZONDERE AARD,
HOOFDSTUK I,VALSHEID,
HOOFDSTUK Ibis,Strafrechtelijk uitvoerings-onderzoek,
Afdeling 1,Begrip en algemene beginselen,
Afdeling 2,Organen van het onderzoek,
Afdeling 3,Opening van het onderzoek,
Afdeling 4,Gewone uitvoeringshandelingen,
Onderafdeling 1,Gewone uitvoeringshandelingen,
Onderafdeling 2,Specifieke uitvoeringshandelingen,
Onderafdeling 3,Inbeslagneming ten behoeve van de straf-uitvoering,
Afdeling 5,Kosten van het onderzoek,
Afdeling 6,Afsluiting van het strafrechtelijk uitvoeringsonderzoek,
HOOFDSTUK II,WEERSPANNIGHEID AAN DE WET,
HOOFDSTUK III,MISDADEN DOOR RECHTERS GEPLEEGD BUITEN HUN AMBT EN IN DE UITOEFENING VAN HUN AMBT,
AFDELING I,VERVOLGING EN ONDERZOEK TEGEN RECHTERS WEGENS MISDADEN EN WANBEDRIJVEN DOOR HEN BUITEN HUN AMBT GEPLEEGD,
AFDELING II,"(VERVOLGING EN ONDERZOEK, WEGENS MISDADEN OF WANBEDRIJVEN IN VERBAND MET HUN AMBT, TEGEN SOMMIGE RECHTERS EN RECHTBANKEN.)",
HOOFDSTUK IV,MISDRIJVEN TEGEN DE EERBIED AAN DE GESTELDE OVERHEDEN VERSCHULDIGD,
HOOFDSTUK V,"WIJZE WAAROP GETUIGENISSEN VAN DE PRINSEN EN VAN SOMMIGE STAATSAMBTENAREN WORDEN AFGENOMEN IN CRIMINELE, CORRECTIONELE EN POLITIEZAKEN",
HOOFDSTUK VI,VASTSTELLING VAN DE IDENTITEIT VAN ONTVLUCHTE EN OPNIEUW AANGEHOUDEN VEROORDEELDEN,
HOOFDSTUK VIbis,"Opsporing van personen die zich onttrokken hebben aan de uitvoering van hoofdgevangenisstraffenstraffen, opsluitingen of interneringen",
HOOFDSTUK VII,RECHTSPLEGING IN GEVAL VAN VERNIELING OF WEGNEMING VAN HET VONNIS OF VAN DE STUKKEN VAN EEN ZAAK,
HOOFDSTUK VIII,BIJZONDER ONDERZOEK NAAR DE VERMOGENSVOORDELEN,
HOOFDSTUK IX,Onderzoek naar de mogelijkheid van overbrenging van een ernstige besmettelijke ziekte bij gelegenheid van een strafbaar feit,
