title,name,section
EERSTE BOEK,DE GERECHTELIJKE POLITIE EN DE OFFICIEREN DIE ZE UITOEFENEN,
HOOFDSTUK I,GERECHTELIJKE POLITIE,
HOOFDSTUK III,VELDWACHTERS EN BOSWACHTERS,
HOOFDSTUK IIIbis,Machtiging tot inzage van het dossier of tot het bekomen van een afschrift ervan,
HOOFDSTUK IV,DE PROCUREURS DES KONINGS EN HUN SUBSTITUTEN,
AFDELING I,BEVOEGDHEID VAN DE PROCUREUR DES KONINGS BETREFFENDE DE GERECHTELIJKE POLITIE,
AFDELING 1BIS,HET OPSPORINGSONDERZOEK,
AFDELING 1bis/1.,Toezicht op het opsporingsonderzoek door de kamer van inbeschuldigingstelling,
AFDELING II,WIJZE WAAROP DE PROCUREURS DES KONINGS HANDELEN IN DE UITOEFENING VAN HUN AMBT,
Afdeling III,De bijzondere opsporingsmethoden,
Onderafdeling 1,Begripsomschrijving,
Onderafdeling 2,Algemene voorwaarden voor het gebruik van de bijzondere opsporingsmethoden,
Onderafdeling 3,Observatie,
Onderafdeling 4,Infiltratie,
Onderafdeling 4bis,Burgerinfiltratie,
Onderafdeling 5,Informantenwerking,
Onderafdeling 6,Wettigheidscontrole,
HOOFDSTUK IVBIS,(DE FEDERALE PROCUREUR),
HOOFDSTUK IVter,De Europese aanklager en de gedelegeerde Europese aanklagers,
HOOFDSTUK V,POLITIEOFFICIEREN DIE HULPOFFICIER ZIJN VAN DE PROCUREUR DES KONINGS,
HOOFDSTUK VI,ONDERZOEKSRECHTERS,
AFDELING I,DE ONDERZOEKSRECHTER,
AFDELING II,AMBTSVERRICHTINGEN VAN DE ONDERZOEKSRECHTER,
ONDERAFDELING I,GEVALLEN VAN ONTDEKKING OP HETERDAAD,
ONDERAFDELING II,HET ONDERZOEK. § 1. ALGEMENE BEPALINGEN,
HOOFDSTUK VII,(Voorlopige maatregelen ten aanzien van rechtspersonen),
HOOFDSTUK VIIbis,(Verhoor van minderjarigen en kwetsbare meerderjarigen die het slachtoffer of getuige zijn van bepaalde misdrijven),
HOOFDSTUK VIIter,. - Bescherming van bedreigde getuigen,
Afdeling 1,Definities van sommige in dit hoofdstuk voorkomende uitdrukkingen,
Afdeling 2,De organen van de bescherming,
Afdeling 3,De toekenning van bescherming,
Afdeling 4,Wijziging en intrekking van de bescherming,
HOOFDSTUK VIIter/1,De bescherming van bepaalde bedreigde personen die een openbaar ambt uitoefenen,
Afdeling I,Definities van sommige in dit hoofdstuk voorkomende uitdrukkingen,
Afdeling II,De organen van de bescherming,
Afdeling III,De toekenning van bescherming,
Afdeling IV,Wijziging en intrekking van de bescherming,
HOOFDSTUK VIIquater,Afnemen van verklaringen met behulp van audiovisuele media,
Afdeling I,Het verhoor op afstand,
Afdeling II,De audiovisuele opname en de auditieve opname van het verhoor,
HOOFDSTUK VIIquinquies,Afscherming van de identiteit van de leden van de politiediensten behorend tot de speciale eenheden of die onderzoek doen naar of interveniëren bij bijzonder zware misdrijven,
Afdeling 1,Leden van de politiediensten binnen de directie van speciale eenheden van de federale politie,
Afdeling 2,Leden van de politiediensten die onderzoek doen naar of interveniëren bij bijzonder zware misdrijven,
Afdeling 3,Algemene bepalingen,
HOOFDSTUK VIIsexies,De polygraaftest,
HOOFDSTUK VIII,VOORLOPIGE INVRIJHEIDSTELLING EN BORGSTELLING,
HOOFDSTUK IX,VERSLAG VAN DE ONDERZOEKSRECHTER NA VOLTOOIING VAN DE RECHTSPLEGING,
HOOFDSTUK X,TOEZICHT OP HET ONDERZOEK DOOR DE KAMER VAN INBESCHULDIGINGSTELLING,
HOOFDSTUK XI,Bevoegdheid van de onderzoeksgerechten in terrorismezaken,
