title,name,section
DEEL 1,Algemene bepalingen,
BOEK 1,Inleidende bepalingen,
TITEL 1,"Vennootschap, vereniging en stichting",
TITEL 2,Inbreng,
TITEL 3,Genoteerde vennootschappen en organisaties van openbaar belang,
TITEL 4,"Controle, moeder- en dochtervennootschappen",
HOOFDSTUK 1,Controle,
HOOFDSTUK 2,Consortium,
HOOFDSTUK 3,Verbonden en geassocieerde vennootschappen,
HOOFDSTUK 4,Deelneming en deelnemingsverhouding,
TITEL 5,Grootte van vennootschappen en groepen,
HOOFDSTUK 1,Kleine vennootschappen,
HOOFDSTUK 2,Groepen van beperkte omvang,
HOOFDSTUK 3,Personeel,
TITEL 6,Grootte van verenigingen en stichtingen,
HOOFDSTUK 1,Kleine verenigingen,
HOOFDSTUK 2,Kleine stichtingen,
TITEL 6/1.,Definities betreffende het verslag van bepaalde vennootschappen en bijkantoren inzake informatie over de inkomstenbelasting,
TITEL 7,Termijnen,
TITEL 8,De uiteindelijke begunstigde,
TITEL 9,Algemene strafbepaling,
BOEK 2,Bepalingen gemeenschappelijk aan de rechtspersonen geregeld in dit wetboek,
TITEL 1,Algemene bepaling,
TITEL 2,Verbintenissen in naam van een rechtspersoon in oprichting,
TITEL 3,De naam en de zetel van een rechtspersoon,
TITEL 4,Oprichting en openbaarmakingsformaliteiten,
HOOFDSTUK 1,Vorm van de oprichtingsakte,
HOOFDSTUK 2,Verkrijging van de rechtspersoonlijkheid,
HOOFDSTUK 3,Openbaarmakingsformaliteiten,
Afdeling 1,Belgische rechtspersonen,
Onderafdeling 1,Het dossier van de rechtspersoon,
Onderafdeling 2,Bekendmakingsverplichtingen,
Onderafdeling 3,Tegenwerpelijkheid,
Onderafdeling 4,Enige in de stukken op te nemen vermeldingen,
Onderafdeling 5,Bijzondere bepalingen in geval van online oprichting,
Afdeling 2,Buitenlandse rechtspersonen met een bijkantoor in België,
Onderafdeling 1,Dossier van de buitenlandse rechtspersoon met een bijkantoor in België,
Onderafdeling 2,Bekendmakingsverplichting,
Onderafdeling 3,Tegenwerpelijkheid,
Onderafdeling 4,Enige in de stukken uitgaande van bijkantoren op te nemen vermeldingen,
Afdeling 3,Bescherming van natuurlijke personen in verband met de verwerking van persoonsgegevens,
HOOFDSTUK 4,Website van de rechtspersoon en mededelingen,
HOOFDSTUK 5,Taal,
TITEL 5,Nietigheid,
HOOFDSTUK 1,Procedure en gevolgen van de nietigheid van rechtspersonen,
Afdeling 1,Procedure en gevolgen van de nietigheid van vennootschappen en van bepalingen in de statuten en van de oprichtingsakte,
Afdeling 2,Procedure en gevolgen van de nietigheid van verenigingen en stichtingen,
HOOFDSTUK 2,"Regels van beraadslaging, nietigheid en opschorting van besluiten van organen van rechtspersonen en van besluiten van de algemene vergadering van obligatiehouders",
Afdeling 1,Regels van beraadslaging,
Afdeling 2,"Nietigheid van besluiten van organen, van besluiten van de algemene vergadering van obligatiehouders en van stemmen",
Afdeling 3,Procedure en gevolgen van nietigheid en opschorting van besluiten van organen of van de algemene vergadering van obligatiehouders,
TITEL 6,Bestuur,
HOOFDSTUK 1,Bestuur en vertegenwoordiging,
HOOFDSTUK 2,Bestuurdersaansprakelijkheid,
HOOFDSTUK 3,Intern reglement,
TITEL 7,Geschillenregeling,
HOOFDSTUK 1,Toepassingsgebied en algemene bepalingen,
HOOFDSTUK 2,De uitsluiting,
HOOFDSTUK 3,De uittreding,
TITEL 8,Ontbinding en vereffening,
HOOFDSTUK 1,Ontbinding en vereffening van vennootschappen,
Afdeling 1,Ontbinding van vennootschappen,
Onderafdeling 1,Algemene bepaling,
Onderafdeling 2,Vrijwillige ontbinding,
Onderafdeling 3,Ontbinding van rechtswege,
Onderafdeling 4,Gerechtelijke ontbinding,
Afdeling 2,Vereffening van vennootschappen,
Onderafdeling 1,Algemene bepalingen,
Onderafdeling 2,Onmiddellijke sluiting van de vereffening,
Onderafdeling 3,Vereffening door één of meerdere vereffenaars,
Onderafdeling 4,Bevoegdheden van de vereffenaar,
Onderafdeling 5,College van vereffenaars,
Onderafdeling 6,Verrichtingen van de vereffening,
Onderafdeling 7,Sluiting van de vereffening,
Onderafdeling 8,Heropening van de vereffening,
Onderafdeling 9,Aansprakelijkheid van de vereffenaars,
Afdeling 3,Strafbepaling,
HOOFDSTUK 2,Ontbinding van verenigingen en stichtingen,
Afdeling 1,Ontbinding van VZW's en van IVZW's,
Onderafdeling 1,Algemene bepaling,
Onderafdeling 2,Vrijwillige ontbinding,
Onderafdeling 3,Ontbinding van rechtswege,
Onderafdeling 4,Gerechtelijke ontbinding,
Afdeling 2,Ontbinding van stichtingen,
Hoofdstuk 3,Vereffening van verenigingen en stichtingen,
Afdeling 1,Algemene bepalingen,
Afdeling 2,Vereffening van VZW's en van IVZW's,
Onderafdeling 1,Aanstelling van de vereffenaar,
Onderafdeling 2,Bevoegdheden van de vereffenaar,
Onderafdeling 3,College van vereffenaars,
Onderafdeling 4,Verrichtingen van de vereffening,
Onderafdeling 5,Sluiting en heropening van de vereffening,
Onderafdeling 6,Aansprakelijkheid van de vereffenaar,
Afdeling 3,Vereffening van stichtingen,
TITEL 9,Rechtsvorderingen en verjaring,
TITEL 10,Internationaal privaatrechtelijke bepalingen,
BOEK 3,De jaarrekening,
TITEL 1,Jaarrekeningen van vennootschappen met rechtspersoonlijkheid,
HOOFDSTUK 1,"Jaarrekening, jaarverslag en openbaarmakingsverplichtingen",
Afdeling 1,De jaarrekening,
Afdeling 2,Het jaarverslag,
Afdeling 3,Het verslag van betalingen aan overheden,
Afdeling 3/1.,Verslag inzake informatie over de inkomstenbelasting van bepaalde vennootschappen,
Onderafdeling 1.,Verslag inzake informatie over de inkomstenbelasting van op zichzelf staande vennootschappen,
Onderafdeling 2,Verslag inzake informatie over de inkomstenbelasting van Belgische vennootschappen die dochtervennootschappen zijn van niet-Europese uiteindelijke moederondernemingen,
Afdeling 4,Openbaarmakingsverplichtingen,
Onderafdeling 1,Belgische vennootschappen,
Onderafdeling 2,Correctie van de jaarrekening,
Onderafdeling 3,Buitenlandse vennootschappen,
HOOFDSTUK 2,"De geconsolideerde jaarrekening, het jaarverslag en de openbaarmakingsvoorschriften",
Afdeling 1,Toepassingsgebied,
Afdeling 2,Algemeen: de consolidatieverplichting,
Afdeling 3,Consolidatiekring en geconsolideerde jaarrekening,
Afdeling 4,Jaarverslag over de geconsolideerde jaarrekening,
Afdeling 5,Geconsolideerd verslag van betalingen aan overheden,
Afdeling 5/1,Verslag inzake informatie over de inkomstenbelasting van uiteindelijke moedervennootschappen,
Afdeling 6,Openbaarmakingsvoorschriften,
HOOFDSTUK 3,Koninklijke besluiten genomen ter uitvoering van deze titel en uitzonderingsbepalingen,
HOOFDSTUK 4,Strafbepalingen,
TITEL 2,Jaarrekeningen en begrotingen van verenigingen,
TITEL 3,Jaarrekeningen en begrotingen van stichtingen,
TITEL 4,De wettelijke controle van de jaarrekening en van de geconsolideerde jaarrekening van vennootschappen met rechtspersoonlijkheid,
HOOFDSTUK 1,Algemene bepalingen inzake wettelijke controle,
Afdeling 1,Definities,
Afdeling 2,Benoeming,
Afdeling 3,Duur van het mandaat en aantal opeenvolgende mandaten,
Afdeling 4,Verplichtingen,
Onderafdeling 1,Principes van onafhankelijkheid,
Onderafdeling 2,Niet-controlediensten,
Onderafdeling 3,Verhouding tussen de honoraria voor wettelijke controles en overige honoraria,
Afdeling 5,Honoraria,
Afdeling 6,Ontslag en opzegging,
Afdeling 7,Bevoegdheden,
Afdeling 8,Aansprakelijkheid,
HOOFDSTUK 2,Wettelijke controle van de jaarrekening,
HOOFDSTUK 3,Wettelijke controle van de geconsolideerde jaarrekening,
Afdeling 1,Algemene regeling,
Afdeling 2,Koninklijke besluiten met betrekking tot de controle van de geconsolideerde jaarrekening,
HOOFDSTUK 4,Controle in vennootschappen waar een ondernemingsraad werd opgericht,
Afdeling 1,Aard van de controle,
Afdeling 2,Vennootschappen waar een commissaris is aangesteld,
Afdeling 3,Vennootschappen waar geen commissaris is aangesteld,
Afdeling 4,Koninklijke besluiten met betrekking tot de controle op vennootschappen waar een ondernemingsraad werd opgericht,
HOOFDSTUK 5,Strafbepalingen,
TITEL 5,De wettelijke controle van de jaarrekening van verenigingen,
TITEL 6,De wettelijke controle van de jaarrekening van stichtingen,
TITEL 7,"Individuele onderzoeks- en controlebevoegdheid van vennoten, aandeelhouders en leden",
DEEL 2,De vennootschappen,
BOEK 4,"De maatschap, de vennootschap onder firma en de commanditaire vennootschap",
TITEL 1,Inleidende bepalingen,
TITEL 2,Het aandeel van de vennoten,
TITEL 3,Bestuur van de zaken van de vennootschap,
TITEL 4,Beslissingen van de vennoten verenigd in vergadering,
TITEL 5,Het vennootschapsvermogen en de rechten van de schuldeisers,
TITEL 6,"Ontbinding van de vennootschap, terugtrekking en uitsluiting van een vennoot",
TITEL 7,Bepalingen specifiek aan de vennootschap onder firma en de commanditaire vennootschap,
BOEK 5,De besloten vennootschap,
TITEL 1,Aard en kwalificatie,
TITEL 2,Oprichting,
HOOFDSTUK 1,Aanvangsvermogen,
HOOFDSTUK 2,Plaatsing van de aandelen,
Afdeling 1,Volledige plaatsing,
Afdeling 2,Inbreng in natura,
HOOFDSTUK 3,Storting van de inbrengen,
HOOFDSTUK 4,Oprichtingsformaliteiten,
HOOFDSTUK 5,Nietigheid,
HOOFDSTUK 6,Garantie en aansprakelijkheid,
TITEL 3,Effecten en hun overdracht en overgang,
HOOFDSTUK 1,Algemene bepalingen,
HOOFDSTUK 2,De vorm van effecten,
Afdeling 1,Effecten op naam,
Afdeling 2,Gedematerialiseerde effecten,
HOOFDSTUK 3,Categorieën van effecten,
Afdeling 1,Aandelen,
Onderafdeling 1,Algemene bepalingen,
Onderafdeling 2,Aandelen zonder stemrecht,
Afdeling 2,Soorten van aandelen,
Afdeling 3,Certificaten,
Afdeling 4,Obligaties,
Onderafdeling 1,Algemene bepalingen,
Onderafdeling 2,Converteerbare obligaties,
Afdeling 5,Inschrijvingsrechten,
HOOFDSTUK 4,Overdracht en overgang van effecten,
Afdeling 1,Algemene bepalingen,
Afdeling 2,Overdracht en overgang van aandelen,
Afdeling 3,Beperkingen op de vrije overdraagbaarheid van effecten,
Afdeling 4,Het uitkoopbod,
TITEL 4,Vennootschapsorganen en algemene vergadering van obligatiehouders,
HOOFDSTUK 1,Bestuur,
Afdeling 1,Samenstelling,
Afdeling 2,Bezoldiging,
Afdeling 3,Bevoegdheid en werkwijze,
Afdeling 4,Dagelijks bestuur,
HOOFDSTUK 2,Algemene vergadering van aandeelhouders,
Afdeling 1,Gemeenschappelijke bepalingen,
Onderafdeling 1,Gelijke behandeling,
Onderafdeling 2,Bevoegdheden,
Onderafdeling 3,Bijeenroeping van de algemene vergadering,
Onderafdeling 4,Schriftelijke algemene vergadering,
Onderafdeling 5,Deelneming aan de algemene vergadering,
Onderafdeling 6,Verloop van de algemene vergadering,
Onderafdeling 7,Wijze van uitoefening van het stemrecht,
Afdeling 2,Gewone algemene vergadering,
Afdeling 3,Buitengewone algemene vergadering,
Onderafdeling 1,Statutenwijziging: algemeen,
Onderafdeling 2,Wijziging van het voorwerp en de doelen,
Onderafdeling 3,Wijziging van de rechten verbonden aan soorten van aandelen,
HOOFDSTUK 3,Vennootschapsvordering en minderheidsvordering,
Afdeling 1,Vennootschapsvordering,
Afdeling 2,Minderheidsvordering,
Afdeling 3,Deskundigen,
HOOFDSTUK 4,Algemene vergadering van obligatiehouders,
Afdeling 1,Toepassingsgebied,
Afdeling 2,Bevoegdheid,
Afdeling 3,Bijeenroeping van de algemene vergadering van obligatiehouders,
Afdeling 4,Deelneming aan de algemene vergadering van obligatiehouders,
Afdeling 5,Verloop van de algemene vergadering van obligatiehouders,
Afdeling 6,Wijze van uitoefening van het stemrecht,
TITEL 5,Het vermogen van de vennootschap,
HOOFDSTUK 1,"Bijkomende inbrengen en de uitgifte van nieuwe aandelen, van converteerbare obligaties en van inschrijvingsrechten",
Afdeling 1,Gemeenschappelijke bepalingen,
Afdeling 2,Inbreng in geld,
Onderafdeling 1,Voorkeurrecht,
Onderafdeling 2,Beperking en opheffing van het voorkeurrecht,
Onderafdeling 3,Storting van de inbreng in geld,
Afdeling 3,Inbreng in natura,
Afdeling 4,Bevoegdheidsdelegatie aan het bestuursorgaan,
Onderafdeling 1,Beginselen,
Onderafdeling 2,Beperkingen,
Onderafdeling 3,"Uitgifte van aandelen, converteerbare obligaties en van inschrijvingsrechten door het bestuursorgaan",
Afdeling 5,Garantie en aansprakelijkheid,
HOOFDSTUK 2,Instandhouding van het vermogen van de vennootschap,
Afdeling 1,Uitkeringen aan de aandeelhouders en tantièmes,
Afdeling 2,Verkrijging van eigen aandelen of certificaten,
Onderafdeling 1,Voorwaarden van de verkrijging,
Onderafdeling 2,Statuut van de verkregen aandelen en certificaten,
Onderafdeling 3,Vermeldingen in de vennootschapsakten,
Afdeling 3,Financiering van de verkrijging van aandelen of certificaten van de vennootschap door derden,
Afdeling 4,Alarmbelprocedure,
TITEL 6,Uittreding en uitsluiting lastens het vennootschaps-vermogen,
TITEL 7,Duur en ontbinding,
TITEL 8,Strafbepalingen,
BOEK 6,De coöperatieve vennootschap,
TITEL 1,Aard en kwalificatie,
TITEL 2,Oprichting,
HOOFDSTUK 1,Algemene bepalingen,
HOOFDSTUK 2,Aanvangsvermogen,
HOOFDSTUK 3,Plaatsing van de aandelen,
Afdeling 1,Volledige plaatsing,
Afdeling 2,Inbreng in natura,
HOOFDSTUK 4,Storting van de inbrengen,
HOOFDSTUK 5,Oprichtingsformaliteiten,
HOOFDSTUK 6,Nietigheid,
HOOFDSTUK 7,Garantie en aansprakelijkheid,
TITEL 3,Effecten en hun overdracht en overgang,
HOOFDSTUK 1,Algemene bepalingen,
HOOFDSTUK 2,De vorm van effecten,
Afdeling 1,Effecten op naam,
Afdeling 2,Gedematerialiseerde effecten,
HOOFDSTUK 3,Categorieën van effecten,
Afdeling 1,Aandelen,
Afdeling 2,Soorten van aandelen,
Afdeling 3,Obligaties,
HOOFDSTUK 4,Overdracht en overgang van effecten,
Afdeling 1,Algemene bepalingen,
Afdeling 2,Overdracht en overgang van aandelen,
Afdeling 3,Beperkingen op de vrije overdraagbaarheid van effecten,
TITEL 4,Vennootschapsorganen en algemene vergadering van obligatiehouders,
HOOFDSTUK 1,Bestuur,
Afdeling 1,Samenstelling,
Afdeling 2,Bezoldiging,
Afdeling 3,Bevoegdheid en werkwijze,
Afdeling 4,Dagelijks bestuur,
HOOFDSTUK 2,Algemene vergadering van aandeelhouders,
Afdeling 1,Gemeenschappelijke bepalingen,
Onderafdeling 1,Gelijke behandeling,
Onderafdeling 2,Bevoegdheden,
Onderafdeling 3,Bijeenroeping van de algemene vergadering,
Onderafdeling 4,Schriftelijke algemene vergadering,
Onderafdeling 5,Deelneming aan de algemene vergadering,
Onderafdeling 6,Verloop van de algemene vergadering,
Onderafdeling 7,Wijze van uitoefening van het stemrecht,
Afdeling 2,Gewone algemene vergadering,
Afdeling 3,Buitengewone algemene vergadering,
Onderafdeling 1,Statutenwijziging: algemeen,
Onderafdeling 2,"Wijziging van het voorwerp, de doelen, de finaliteit of de waarden",
Onderafdeling 3,Wijziging van de rechten verbonden aan soorten van aandelen,
HOOFDSTUK 3,Vennootschapsvordering en minderheidsvordering,
Afdeling 1,Vennootschapsvordering,
Afdeling 2,Minderheidsvordering,
Afdeling 3,Deskundigen,
HOOFDSTUK 4,Algemene vergadering van obligatiehouders,
Afdeling 1,Toepassingsgebied,
Afdeling 2,Bevoegdheid,
Afdeling 3,Bijeenroeping van de algemene vergadering van obligatiehouders,
Afdeling 4,Deelneming aan de algemene vergadering van obligatiehouders,
Afdeling 5,Verloop van de algemene vergadering van obligatiehouders,
Afdeling 6,Wijze van uitoefening van het stemrecht,
TITEL 5,Het vermogen van de vennootschap,
HOOFDSTUK 1,Uitgifte van nieuwe aandelen en toetreding,
Afdeling 1,Gemeenschappelijke bepalingen,
Afdeling 2,Inbreng in natura,
Afdeling 3,Garantie en aansprakelijkheid,
HOOFDSTUK 2,Instandhouding van het vermogen van de vennootschap,
Afdeling 1,Uitkeringen aan de aandeelhouders en tantièmes,
Afdeling 2,Financiering van de verkrijging van aandelen van de vennootschap door derden,
Afdeling 3,Alarmbelprocedure,
TITEL 6,Uittreding en uitsluiting lastens het vennootschapsvermogen,
Afdeling 1,Uittreding,
Afdeling 2,Verlies van hoedanigheid,
Afdeling 3,Uitsluiting,
Afdeling 4,"Bekendmaking van het aantal aandelen, per soort",
TITEL 7,Duur en ontbinding,
TITEL 8,Strafbepalingen,
BOEK 7,De naamloze vennootschap,
TITEL 1,Aard en kwalificatie,
TITEL 2,Oprichting,
HOOFDSTUK 1,Bedrag van het kapitaal,
HOOFDSTUK 2,Plaatsing van het kapitaal,
Afdeling 1,Volledige plaatsing,
Afdeling 2,Inbreng in natura,
Afdeling 3,Quasi-inbreng,
HOOFDSTUK 3,Storting van het kapitaal,
HOOFDSTUK 4,Oprichtingsformaliteiten,
Afdeling 1,Wijze van oprichting,
Afdeling 2,Vermeldingen in de oprichtingsakte,
HOOFDSTUK 5,Nietigheid,
HOOFDSTUK 6,Garantie en aansprakelijkheid,
TITEL 3,Effecten en hun overdracht en overgang,
HOOFDSTUK 1,Algemene bepalingen,
HOOFDSTUK 2,De vorm van effecten,
Afdeling 1,Effecten op naam,
Afdeling 2,Gedematerialiseerde effecten,
HOOFDSTUK 3,Categorieën van effecten,
Afdeling 1,Aandelen,
Onderafdeling 1,Algemene bepalingen,
Onderafdeling 2,Aandelen zonder stemrecht,
Afdeling 2,Winstbewijzen,
Afdeling 3,Soorten van aandelen of winstbewijzen,
Afdeling 4,Certificaten,
Afdeling 5,Obligaties,
Onderafdeling 1,Algemene bepalingen,
Onderafdeling 2,Converteerbare obligaties,
Afdeling 6,Inschrijvingsrechten,
HOOFDSTUK 4,Overdracht en overgang van effecten,
Afdeling 1,Algemene bepalingen,
Afdeling 2,Beperkingen op de vrije overdraagbaarheid van effecten,
Afdeling 3,Het uitkoopbod,
Afdeling 4,Openbaarmaking van belangrijke deelnemingen,
TITEL 4,Vennootschapsorganen en algemene vergadering van obligatiehouders,
HOOFDSTUK 1,Bestuur,
Afdeling 1,Monistisch bestuur,
Onderafdeling 1,Samenstelling,
Onderafdeling 2,Remuneratie,
Onderafdeling 3,Bevoegdheid en werking van de raad van bestuur,
Onderafdeling 4,Comités binnen de raad van bestuur,
Afdeling 2,De enige bestuurder,
Afdeling 3,Duaal bestuur,
Onderafdeling 1,Organen en samenstelling,
Onderafdeling 2,Bezoldiging,
Onderafdeling 3,Bevoegdheden en werking,
Onderafdeling 4,Comités binnen de raad van toezicht,
Afdeling 4,Dagelijks bestuur,
Afdeling 5,Aansprakelijkheid,
HOOFDSTUK 2,Algemene vergadering van aandeelhouders,
Afdeling 1,Gemeenschappelijke bepalingen,
Onderafdeling 1,Gelijke behandeling,
Onderafdeling 2,Bevoegdheden,
Onderafdeling 3,Bijeenroeping van de algemene vergadering,
Onderafdeling 4,Schriftelijke algemene vergadering,
Onderafdeling 5,Deelneming aan de algemene vergadering,
Onderafdeling 6,Verloop van de algemene vergadering,
Onderafdeling 7,Wijze van uitoefening van het stemrecht,
Onderafdeling 8,Transparantie van volmachtadviseurs,
Afdeling 2,Gewone algemene vergadering,
Afdeling 3,Bijzondere algemene vergadering,
Afdeling 4,Buitengewone algemene vergadering,
Onderafdeling 1,Statutenwijziging: algemeen,
Onderafdeling 2,Wijziging van het voorwerp en van de doelen,
Onderafdeling 3,Wijziging van de rechten verbonden aan soorten van aandelen of winstbewijzen,
HOOFDSTUK 3,Vennootschapsvordering en minderheidsvordering,
Afdeling 1,Vennootschapsvordering,
Afdeling 2,Minderheidsvordering,
Afdeling 3,Deskundigen,
HOOFDSTUK 4,Algemene vergadering van obligatiehouders,
Afdeling 1,Toepassingsgebied,
Afdeling 2,Bevoegdheid,
Afdeling 3,Bijeenroeping van de algemene vergadering van obligatiehouders,
Afdeling 4,Deelneming aan de algemene vergadering van obligatiehouders,
Afdeling 5,Verloop van de algemene vergadering van obligatiehouders,
Afdeling 6,Wijze van uitoefening van het stemrecht,
TITEL 5,Kapitaal,
HOOFDSTUK 1,Kapitaalverhoging,
Afdeling 1,Gemeenschappelijke bepalingen,
Afdeling 2,Kapitaalverhoging bij wijze van inbreng in geld,
Onderafdeling 1,Voorkeurrecht,
Onderafdeling 2,Beperking van het voorkeurrecht,
Onderafdeling 3,Storting van de inbreng in geld,
Afdeling 3,Kapitaalverhoging bij wijze van inbreng in natura,
Afdeling 4,Het toegestane kapitaal,
Onderafdeling 1,Beginselen,
Onderafdeling 2,Beperkingen,
Onderafdeling 3,Vermeldingen in het jaarverslag,
Afdeling 5,Kapitaalverhoging ten gunste van het personeel,
Afdeling 6,Garantie en aansprakelijkheid,
HOOFDSTUK 2,Kapitaalvermindering,
HOOFDSTUK 3,Instandhouding van het kapitaal,
Afdeling 1,Winstverdeling,
Onderafdeling 1,Vorming van een reservefonds,
Onderafdeling 2,Uitkeerbare winsten,
Onderafdeling 3,Interimdividenden,
Onderafdeling 4,Sanctie,
Afdeling 2,"Verkrijging van eigen aandelen, winstbewijzen of certificaten",
Onderafdeling 1,"Verkrijging van eigen aandelen, winstbewijzen of certificaten door de vennootschap zelf",
Onderafdeling 2,"Verkrijging van aandelen, winstbewijzen of certificaten van de vennootschap door een dochtervennootschap",
Onderafdeling 3,"Inpandneming van eigen aandelen, winstbewijzen of certificaten",
Afdeling 3,"Financiering van de verkrijging van de aandelen, winstbewijzen of certificaten van de vennootschap door een derde",
Afdeling 4,Alarmbelprocedure,
TITEL 6,Duur en ontbinding,
TITEL 7,Strafbepalingen,
BOEK 8,Erkenning van vennootschappen,
TITEL 1,De erkenning als bosgroeperingsvennootschap,
TITEL 2,De erkenning als landbouwonderneming,
TITEL 3,"De erkenning van de coöperatieve vennootschap, al dan niet als sociale onderneming",
TITEL 4,Gerechtelijke ontbinding,
DEEL 3,De verenigingen en stichtingen,
BOEK 9,VZW,
TITEL 1,Algemene bepalingen,
HOOFDSTUK 1,Inleidende bepalingen,
HOOFDSTUK 2,Leden en ledenregister,
HOOFDSTUK 3,Nietigheid,
TITEL 2,Organen,
HOOFDSTUK 1,Bestuur,
Afdeling 1,Samenstelling,
Afdeling 2,Bevoegdheid en werkwijze,
Afdeling 3,Dagelijks bestuur,
Afdeling 4,Overschrijding van het voorwerp,
HOOFDSTUK 2,De algemene vergadering van leden,
Afdeling 1,Gemeenschappelijke bepalingen,
Onderafdeling 1,Bevoegdheden,
Onderafdeling 2,Bijeenroeping van de algemene vergadering,
Onderafdeling 2/1,Schriftelijke algemene vergadering,
Onderafdeling 3,Deelneming aan de algemene vergadering,
Onderafdeling 4,Verloop van de algemene vergadering,
Afdeling 2,De gewone algemene vergadering,
Afdeling 3,De buitengewone algemene vergadering,
TITEL 3,Giften,
TITEL 4,Uittreding en uitsluiting van leden,
TITEL 5,Erkenning van de VZW als beroepsvereniging,
TITEL 6,Buitenlandse verenigingen,
BOEK 10,IVZW,
TITEL 1,Algemene bepalingen,
HOOFDSTUK 1,Inleidende bepalingen,
HOOFDSTUK 2,Nietigheid,
TITEL 2,Organen,
HOOFDSTUK 1,De algemene vergadering van leden,
Afdeling 1,Gemeenschappelijke bepalingen,
Onderafdeling 1,Bevoegdheden,
Onderafdeling 2,Bijeenroeping van de algemene vergadering,
Onderafdeling 2/1,Schriftelijke algemene vergadering,
Onderafdeling 3,Deelneming aan de algemene vergadering,
Afdeling 2,De gewone algemene vergadering,
HOOFDSTUK 2,Bestuur,
Afdeling 1,Bestuur en vertegenwoordiging,
TITEL 3,Giften,
BOEK 11,Stichtingen,
TITEL 1,Algemene bepalingen,
HOOFDSTUK 1,Inleidende bepalingen,
HOOFDSTUK 2,Nietigheid,
TITEL 2,Organen,
HOOFDSTUK 1,Bestuur,
Afdeling 1,Samenstelling,
Afdeling 2,Bevoegdheid en werkwijze,
Afdeling 3,Dagelijks bestuur,
TITEL 3,Giften,
TITEL 4,Buitenlandse stichtingen,
DEEL 4,Herstructurering en omzetting,
BOEK 12,Herstructurering van vennootschappen,
TITEL 1,Inleidende bepalingen en definities,
HOOFDSTUK I,Inleidende bepaling,
HOOFDSTUK 2,Definities,
Afdeling 1,Fusies,
Afdeling 2,Splitsingen,
Afdeling 3,Gelijkgestelde verrichtingen,
Afdeling 4,Inbreng van algemeenheid of van bedrijfstak,
TITEL 2,"De regeling inzake fusies, splitsingen en gelijkgestelde verrichtingen",
HOOFDSTUK 1,Gemeenschappelijke bepalingen,
Afdeling 1,Fusie of splitsing van vennootschappen in vereffening of van failliet verklaarde vennootschappen,
Afdeling 2,Rechtsgevolgen van een fusie of een splitsing,
Afdeling 3,Tegenwerpelijkheid van de fusie of splitsing,
Afdeling 4,Zekerheidstelling,
Afdeling 5,Aansprakelijkheid,
Afdeling 6,Nietigheid van de fusie of splitsing,
HOOFDSTUK 2,Te volgen procedure bij fusie van vennootschappen,
Afdeling 1,Procedure bij fusie door overneming,
Afdeling 2,Procedure bij fusie door oprichting van een nieuwe vennootschap,
Afdeling 3,Procedure bij met fusie door overneming gelijkgestelde verrichtingen,
HOOFDSTUK 3,Te volgen procedure bij splitsing van vennootschappen,
Afdeling 1,Procedure bij splitsing door overneming,
Afdeling 2,Procedure bij splitsing door oprichting van nieuwe vennootschappen,
Afdeling 3,Procedure bij gemengde splitsing,
TITEL 3,Inbrengen van algemeenheid of van bedrijfstak,
HOOFDSTUK 1,Procedure,
HOOFDSTUK 2,Rechtsgevolgen,
HOOFDSTUK 3,Tegenwerpelijkheid,
HOOFDSTUK 4,Zekerheidstelling,
HOOFDSTUK 5,Aansprakelijkheid,
HOOFDSTUK 6,Inbreng gedaan door een natuurlijke persoon,
HOOFDSTUK 7,Sanctie,
TITEL 4,Overdrachten van algemeenheid of van bedrijfstak,
TITEL 5,Uitzonderingsbepalingen,
TITEL 6,Bijzondere regels inzake grensoverschrijdende fusies en gelijkgestelde verrichtingen,
HOOFDSTUK 1,Gemeenschappelijke bepalingen,
Afdeling 1,Inleidende bepaling,
Afdeling 2,Vergoeding van de inbreng,
Afdeling 3,Rechtsgevolgen van grensoverschrijdende fusie,
Afdeling 5,Nietigheid van de grensoverschrijdende fusie,
HOOFDSTUK 2,Te volgen procedure bij grensoverschrijdende fusie van vennootschappen,
TITEL 7,Bijzondere regels inzake grensoverschrijdende splitsing en gelijkgestelde verrichtingen,
HOOFDSTUK 1,Algemene bepalingen,
Afdeling 1,Inleidende bepaling,
Afdeling 2,Vergoeding van de inbreng,
Afdeling 3,Rechtsgevolgen van de grensoverschrijdende splitsing,
Afdeling 4,Nietigheid van de grensoverschrijdende splitsing,
HOOFDSTUK 2,Te volgen procedure bij grensoverschrijdende splitsing van vennootschappen,
BOEK 13,Herstructurering van verenigingen en stichtingen,
TITEL 1,De regeling inzake fusies en splitsingen,
HOOFDSTUK 1,Algemene bepalingen,
HOOFDSTUK 2,Voorwaarden en procedures die moeten worden gevolgd,
HOOFDSTUK 3,Tegenwerpelijkheid aan derden,
HOOFDSTUK 4,Zekerheidstelling,
HOOFDSTUK 5,Nietigheid van de verrichting,
TITEL 2,Inbreng om niet van algemeenheid of van bedrijfstak,
BOEK 14,"Omzetting van vennootschappen, verenigingen en stichtingen",
TITEL 1,Omzetting van vennootschappen,
HOOFDSTUK 1,Algemene bepaling,
HOOFDSTUK 2,Nationale omzetting,
Afdeling 1,Inleidende bepaling,
Afdeling 2,Formaliteiten die het besluit tot omzetting van een vennootschap voorafgaan,
Afdeling 3,Besluit tot omzetting,
Afdeling 4,Aansprakelijkheid bij omzetting,
Afdeling 5,Bepaling eigen aan de vennootschap onder firma,
HOOFDSTUK 3,Grensoverschrijdende omzetting,
Afdeling 1,Algemene bepalingen,
Onderafdeling 1,Inleidende bepalingen,
Onderafdeling 2,Rechtsgevolgen van grensoverschrijdende omzetting,
Onderafdeling 3,Nietigheid van de grensoverschrijdende omzetting,
Afdeling 2,Emigratie,
Onderafdeling 1,Formaliteiten die het besluit tot grensoverschrijdende omzetting voorafgaan,
Onderafdeling 2,Besluit tot grensoverschrijdende omzetting,
Afdeling 3,Immigratie,
TITEL 2,Omzetting van een vennootschap in een VZW of IVZW,
TITEL 3,Omzetting van een VZW in een erkende CVSO of een CV erkend als SO,
TITEL 4,Omzetting van verenigingen,
HOOFDSTUK 1,Nationale omzetting,
Hoofdstuk 2,Grensoverschrijdende omzetting,
Afdeling 1,Inleidende bepalingen,
Afdeling 2,Emigratie,
Onderafdeling 1,Formaliteiten die het besluit tot grensoverschrijdende omzetting voorafgaan,
Onderafdeling 2,Besluit tot grensoverschrijdende omzetting,
Afdeling 3,Immigratie,
TITEL 5,Omzetting van stichtingen,
Hoofdstuk 1,Nationale omzetting,
HOOFDSTUK 2,Grensoverschrijdende omzetting,
Afdeling 1,Inleidende bepalingen,
Afdeling 2,Emigratie,
Onderafdeling 1,Formaliteiten die het besluit tot grensoverschrijdende omzetting voorafgaan,
Onderafdeling 2,Besluit tot grensoverschrijdende omzetting,
Afdeling 3,Immigratie,
DEEL 5,De Europese rechtsvormen,
BOEK 15,De Europese vennootschap,
TITEL 1,Algemene bepalingen,
HOOFDSTUK 1,Definities en toepasselijk recht,
HOOFDSTUK 2,Zetel,
TITEL 2,Oprichting,
HOOFDSTUK 1,Oprichting via fusie,
Afdeling 1,Inleidende bepaling,
Afdeling 2,Procedure,
Afdeling 3,Wettigheidscontrole,
Afdeling 4,Inschrijving en openbaarmaking,
HOOFDSTUK 2,Oprichting via holding,
HOOFDSTUK 3,Omzetting van een naamloze vennootschap in een SE,
HOOFDSTUK 4,Deelname aan een SE door een vennootschap die haar hoofdbestuur niet in de Europese Unie heeft,
TITEL 3,Bestuur,
HOOFDSTUK 1,Algemene bepaling,
HOOFDSTUK 2,Monistisch bestuur,
HOOFDSTUK 3,Duaal bestuur,
TITEL 4,Verplaatsing van de statutaire zetel,
TITEL 5,"Jaarrekening en geconsolideerde jaarrekening, en controle hierop - Specifieke bepalingen van toepassing op het duale bestuur",
TITEL 6,Ontbinding en vereffening,
TITEL 7,Omzetting van een SE in een NV,
TITEL 8,Strafbepalingen,
BOEK 16,De Europese coöperatieve vennootschap,
TITEL 1,Algemene bepalingen,
HOOFDSTUK 1,Definities en toepasselijk recht,
HOOFDSTUK 2,Zetel,
HOOFDSTUK 3,Kapitaalverschaffers,
TITEL 2,Oprichting,
HOOFDSTUK 1,Oprichting via fusie,
Afdeling 1,Inleidende bepaling,
Afdeling 2,Procedure,
Afdeling 3,Wettigheidscontrole,
Afdeling 4,Inschrijving en openbaarmaking,
HOOFDSTUK 2,Omzetting van een coöperatieve vennootschap in een Europese coöperatieve vennootschap,
HOOFDSTUK 3,Deelname aan een SCE door een vennootschap die haar hoofdbestuur niet in de Europese Unie heeft,
TITEL 3,Organen,
HOOFDSTUK 1,Bestuur,
Afdeling 1,Algemene bepaling,
Afdeling 2,Monistisch bestuur,
Afdeling 3,Duaal bestuur,
HOOFDSTUK 2,Stemrecht,
HOOFDSTUK 3,Sector- en afdelingsvergaderingen,
TITEL 4,Kapitaal en aandelen,
TITEL 5,Verplaatsing van de statutaire zetel,
TITEL 6,"Jaarrekening en geconsolideerde jaarrekening, en controle hierop - Specifieke bepalingen van toepassing op het duale bestuur",
TITEL 7,Ontbinding en vereffening,
TITEL 8,Omzetting van een SCE in een CV,
TITEL 9,Strafbepalingen,
BOEK 17,De Europese politieke partij en de Europese politieke stichting,
TITEL 1,De Europese politieke partij,
TITEL 2,De Europese politieke stichting,
BOEK 18,Het Europees economisch samenwerkingsverband,
TITEL 1,Algemene bepalingen,
HOOFDSTUK 1,Definitie en toepasselijk recht,
HOOFDSTUK 2,Leden,
HOOFDSTUK 3,. Optreden in rechte,
HOOFDSTUK 4,. Bestuur,
TITEL 2,. Sociaalrechtelijke bepaling,
TITEL 3,. Fiscale bepalingen,
