title,name,section
BOEK II,HET GERECHT,
TITEL I,(POLITIERECHTBANKEN EN CORRECTIONELE RECHTBANKEN.),
HOOFDSTUK I,(POLITIERECHTBANKEN.) § I. (BEVOEGDHEID VAN DE POLITIERECHTBANKEN),
HOOFDSTUK II,(CORRECTIONELE RECHTBANKEN). § I. Bevoegdheid van de correctionele rechtbanken,
HOOFDSTUK IIbis,Voorafgaande erkenning van schuld,
HOOFDSTUK IIter,"Toezeggingen in het kader van de strafvordering, de strafuitvoering of de hechtenis wegens het afleggen van een verklaring",
Afdeling I,Algemene bepaling,
Afdeling II,Memorandum met de persoon bedoeld in artikel 216/1,
Afdeling III,Herroeping van de toezegging,
Afdeling IV,Verklaring van de persoon bedoeld in artikel 216/1,
Afdeling V,Toezegging van het openbaar ministerie in het kader van de uitoefening van de strafvordering,
Afdeling VI,Toezegging van het openbaar ministerie over de strafuitvoering,
Afdeling VII,Toezegging van het openbaar ministerie in de fase van de hechtenis,
Afdeling VIII,Parlementair toezicht,
HOOFDSTUK III,(BEPALINGEN BETREFFENDE HET VERVAL VAN DE STRAFVORDERING VOOR SOMMIGE MISDRIJVEN ONDER BEPAALDE VOORWAARDEN),
Afdeling 1,Verval van de strafvordering door betaling van een geldsom,
Afdeling 2,Verval van de strafvordering door de uitvoering van maatregelen en de naleving van voorwaarden,
HOOFDSTUK IV,(Oproeping bij proces-verbaal),
HOOFDSTUK V,De snelrechtprocedure,
