title,name,section
BOEK II,HET GERECHT,
TITEL VII,ENIGE ZAKEN VAN OPENBAAR BELANG EN VAN ALGEMENE VEILIGHEID,
HOOFDSTUK I,"(OVER HET CENTRAAL STRAFREGISTER.) (NOTA : de artikelen 589 tot en met 599, opgeheven bij W 10-07-1967, art. 1, 229°, zijn ingevoegd in dit deel van het SV, bij W 1997-08-08/14)",
HOOFDSTUK II,(GEVANGENISSEN),
HOOFDSTUK III,MIDDELEN OM DE PERSOONLIJKE VRIJHEID TE VERZEKEREN TEGEN WEDERRECHTELIJKE VRIJHEIDSBEROVING OF ANDERE DADEN VAN WILLEKEUR,
HOOFDSTUK IV,(UITWISSING VAN VEROORDELINGEN EN HERSTEL IN EER EN RECHTEN IN STRAFZAKEN.),
AFDELING I,UITWISSING VAN VEROORDELINGEN,
AFDELING II,HERSTEL IN EER EN RECHTEN IN STRAFZAKEN,
HOOFDSTUK V,VERJARING,
HOOFDSTUK VI,BIJZONDERE BEPALING,
