title,name,section
HOOFDSTUK I,ALGEMENE BEPALINGEN,
HOOFDSTUK II,TOEKENNING VAN DE BELGISCHE NATIONALITEIT,
Afdeling 1,Toekenning van de Belgische nationaliteit op grond van de nationaliteit van de vader of van de moeder,
Afdeling 2,Toekenning van de Belgische nationaliteit op grond van adoptie,
Afdeling 3,Toekenning van de Belgische nationaliteit op grond van de geboorte in België of als gezamenlijk gevolg van een akte van verkrijging,
HOOFDSTUK III,VERKRIJGING VAN DE BELGISCHE NATIONALITEIT,
Afdeling 1,Verkrijging van de Belgische nationaliteit door nationaliteitsverklaring.),
Afdeling 2,"Terugkrijgen van de Belgische nationaliteit als deze na onterecht te zijn verleend, is ingetrokken geworden nadat belanghebbende minstens tien jaar in het genot is geweest van de hoedanigheid van Belg",
Afdeling 3,(vroeger afdeling 5) Verkrijging van de Belgische nationaliteit door naturalisatie,
HOOFDSTUK IV,VERLIES VAN DE BELGISCHE NATIONALITEIT,
HOOFDSTUK V,HERKRIJGING VAN DE BELGISCHE NATIONALITEIT,
HOOFDSTUK Vbis,(ingevoegd bij ) Adviesbevoegdheid van het parket,
HOOFDSTUK Vter,Adviesbevoegdheid van de Federale Overheidsdienst Justitie,
HOOFDSTUK VI,REGISTERS EN MELDINGEN,
HOOFDSTUK VII,OVERGANGSBEPALINGEN,
